drug1,drug2,label
2,1,1
3,1,1
4,1,1
5,1,1
6,1,1
7,1,1
8,1,1
9,1,1
10,1,1
11,1,1
12,13,2
12,14,2
15,16,2
17,16,2
18,19,2
20,21,2
22,23,2
18,24,2
12,25,2
26,27,2
28,29,2
30,31,2
18,15,2
26,32,2
12,26,2
33,34,2
20,35,2
26,36,2
18,37,2
38,39,2
28,15,2
19,16,2
20,40,2
41,42,2
28,21,2
38,23,2
12,43,2
43,16,2
26,44,2
45,16,2
12,21,2
46,16,2
20,47,2
12,48,2
20,49,2
30,42,2
50,16,2
28,25,2
12,50,2
28,17,2
20,15,2
38,42,2
26,46,2
28,51,2
28,19,2
38,34,2
22,52,2
18,20,2
18,46,2
22,53,2
28,54,2
30,39,2
28,46,2
12,29,2
21,16,2
20,12,2
30,55,2
18,54,2
20,43,2
38,56,2
18,57,2
18,25,2
20,29,2
41,58,2
18,59,2
20,60,2
13,16,2
12,19,2
12,61,2
28,59,2
18,17,2
12,16,2
26,24,2
26,45,2
41,52,2
28,61,2
20,13,2
28,14,2
37,16,2
26,35,2
18,50,2
26,62,2
14,16,2
38,52,2
33,63,2
64,16,2
28,47,2
28,65,2
28,37,2
26,28,2
12,57,2
33,58,2
12,44,2
38,66,2
20,44,2
22,31,2
33,55,2
20,57,2
12,35,2
18,29,2
20,62,2
26,59,2
22,55,2
28,67,2
61,16,2
26,43,2
30,23,2
18,36,2
12,68,2
12,40,2
20,45,2
62,16,2
26,69,2
28,68,2
26,50,2
40,16,2
26,47,2
20,70,2
26,21,2
41,31,2
38,71,2
30,63,2
20,59,2
41,55,2
26,57,2
26,16,2
12,49,2
18,14,2
26,13,2
12,28,2
68,16,2
12,37,2
33,23,2
18,68,2
26,29,2
18,40,2
12,51,2
30,34,2
28,57,2
28,72,2
38,63,2
72,16,2
38,58,2
26,15,2
20,37,2
28,36,2
29,16,2
30,56,2
28,16,2
18,44,2
18,73,2
18,48,2
20,14,2
20,50,2
18,69,2
38,55,2
28,24,2
26,37,2
73,16,2
20,54,2
12,64,2
41,23,2
12,54,2
28,62,2
20,26,2
12,15,2
18,45,2
12,24,2
20,74,2
70,16,2
18,27,2
18,32,2
12,17,2
18,61,2
20,17,2
20,25,2
18,70,2
28,45,2
22,75,2
41,56,2
44,16,2
76,16,2
20,64,2
26,72,2
20,61,2
28,35,2
33,42,2
49,16,2
22,39,2
12,59,2
33,56,2
30,71,2
60,16,2
28,74,2
30,66,2
12,46,2
28,43,2
12,62,2
77,16,2
33,52,2
12,45,2
26,54,2
18,26,2
18,76,2
12,70,2
33,39,2
28,50,2
22,42,2
20,73,2
18,21,2
20,77,2
18,60,2
20,68,2
20,36,2
20,16,2
32,16,2
38,75,2
41,34,2
22,56,2
30,52,2
25,16,2
69,16,2
33,53,2
22,71,2
28,48,2
12,74,2
22,34,2
22,66,2
26,65,2
18,64,2
27,16,2
18,77,2
26,14,2
51,16,2
28,27,2
74,16,2
41,75,2
12,27,2
28,69,2
26,49,2
30,53,2
18,51,2
28,73,2
18,47,2
33,75,2
38,31,2
20,27,2
18,13,2
22,63,2
12,77,2
30,75,2
48,16,2
38,53,2
20,76,2
18,28,2
57,16,2
54,16,2
22,58,2
41,53,2
12,60,2
18,49,2
20,72,2
41,63,2
47,16,2
18,43,2
26,51,2
18,62,2
12,76,2
28,32,2
26,17,2
12,72,2
30,58,2
59,16,2
28,70,2
18,12,2
28,77,2
24,16,2
26,64,2
18,74,2
65,16,2
20,19,2
12,36,2
12,65,2
26,48,2
26,76,2
20,28,2
28,40,2
20,69,2
28,13,2
20,32,2
28,76,2
28,44,2
26,77,2
20,46,2
26,74,2
20,48,2
26,19,2
12,73,2
26,70,2
26,61,2
20,51,2
41,71,2
26,60,2
20,65,2
33,31,2
12,32,2
41,39,2
26,25,2
18,35,2
28,60,2
28,49,2
12,69,2
20,24,2
36,16,2
28,64,2
26,68,2
26,40,2
33,71,2
18,65,2
26,73,2
33,66,2
41,66,2
12,47,2
78,79,3
78,80,3
81,82,3
83,84,3
85,82,3
86,87,3
88,84,3
89,80,3
90,91,3
81,92,3
90,93,3
94,95,3
88,96,3
97,98,3
90,99,3
94,79,3
83,100,3
78,101,3
83,102,3
85,103,3
89,104,3
86,105,3
89,106,3
81,107,3
97,108,3
90,109,3
86,110,3
97,111,3
86,93,3
81,112,3
78,96,3
89,92,3
78,113,3
97,114,3
94,115,3
88,101,3
90,116,3
89,117,3
85,100,3
85,102,3
86,117,3
118,99,3
118,98,3
81,119,3
85,106,3
85,104,3
81,80,3
89,103,3
118,120,3
86,121,3
86,112,3
81,113,3
89,122,3
89,123,3
88,95,3
88,113,3
78,95,3
88,124,3
85,125,3
83,87,3
97,82,3
88,126,3
94,84,3
81,123,3
85,120,3
86,108,3
85,92,3
94,125,3
78,127,3
78,128,3
83,110,3
85,108,3
85,111,3
78,104,3
83,117,3
90,129,3
97,123,3
94,80,3
86,103,3
81,101,3
118,82,3
86,95,3
86,79,3
94,114,3
118,110,3
94,119,3
90,130,3
118,111,3
118,108,3
83,121,3
81,117,3
81,96,3
78,125,3
89,87,3
118,93,3
90,131,3
78,102,3
78,100,3
90,87,3
89,105,3
83,113,3
88,107,3
78,106,3
90,122,3
88,82,3
78,131,3
94,102,3
90,123,3
97,80,3
97,113,3
118,129,3
88,112,3
97,125,3
90,102,3
90,100,3
86,106,3
86,104,3
85,128,3
85,127,3
94,122,3
90,121,3
86,99,3
118,117,3
88,106,3
94,110,3
88,104,3
90,84,3
83,95,3
89,132,3
85,101,3
86,107,3
89,109,3
118,79,3
118,122,3
118,123,3
97,95,3
94,91,3
86,119,3
86,131,3
83,93,3
118,84,3
83,82,3
88,105,3
85,96,3
85,117,3
86,133,3
83,106,3
83,104,3
85,124,3
94,126,3
85,133,3
81,131,3
89,120,3
78,91,3
78,129,3
97,93,3
97,87,3
81,114,3
94,108,3
94,111,3
118,128,3
88,98,3
118,127,3
78,109,3
94,121,3
90,126,3
86,124,3
118,115,3
83,114,3
83,131,3
83,112,3
90,101,3
97,115,3
78,99,3
90,128,3
88,117,3
90,127,3
78,120,3
83,130,3
97,130,3
89,134,3
97,128,3
97,127,3
90,96,3
97,101,3
78,98,3
89,114,3
118,135,3
90,113,3
81,120,3
85,84,3
90,124,3
88,99,3
90,112,3
118,80,3
97,96,3
88,110,3
78,93,3
94,93,3
88,120,3
86,134,3
85,80,3
85,113,3
94,135,3
118,103,3
88,80,3
94,132,3
85,119,3
89,96,3
85,134,3
83,96,3
81,109,3
118,133,3
83,135,3
88,115,3
118,130,3
94,130,3
85,115,3
86,135,3
94,124,3
118,119,3
78,132,3
78,105,3
81,98,3
89,124,3
83,99,3
83,101,3
90,107,3
78,87,3
90,105,3
88,133,3
81,91,3
81,84,3
78,103,3
97,92,3
78,115,3
86,98,3
97,120,3
97,84,3
88,79,3
90,125,3
85,110,3
86,126,3
81,105,3
85,135,3
81,93,3
78,116,3
89,113,3
90,82,3
97,103,3
94,109,3
89,133,3
94,131,3
118,92,3
90,95,3
118,125,3
97,121,3
89,91,3
89,129,3
97,112,3
85,114,3
94,107,3
89,121,3
89,135,3
118,134,3
78,117,3
89,95,3
86,84,3
88,122,3
78,123,3
86,116,3
78,122,3
88,123,3
97,132,3
118,109,3
89,108,3
86,82,3
85,98,3
81,87,3
94,99,3
90,98,3
94,82,3
85,121,3
85,132,3
81,103,3
97,106,3
118,132,3
78,111,3
78,108,3
83,107,3
81,115,3
85,129,3
85,91,3
86,102,3
86,125,3
83,115,3
97,105,3
136,137,3
88,135,3
81,122,3
97,110,3
81,116,3
88,128,3
86,109,3
88,127,3
118,95,3
118,121,3
89,98,3
81,132,3
97,116,3
78,126,3
78,133,3
89,107,3
83,119,3
97,119,3
90,114,3
81,127,3
81,128,3
88,132,3
86,114,3
97,117,3
97,109,3
90,115,3
81,126,3
81,95,3
89,110,3
85,93,3
88,134,3
90,110,3
81,124,3
118,116,3
81,79,3
90,120,3
97,99,3
89,130,3
89,127,3
89,128,3
89,131,3
90,79,3
94,87,3
90,117,3
118,114,3
118,131,3
88,111,3
89,126,3
118,87,3
85,123,3
118,96,3
85,122,3
88,119,3
85,130,3
97,102,3
97,100,3
85,112,3
78,130,3
88,103,3
83,128,3
97,79,3
83,127,3
89,100,3
94,129,3
89,102,3
97,126,3
83,116,3
89,115,3
85,79,3
81,133,3
83,105,3
86,111,3
118,107,3
90,133,3
83,80,3
81,125,3
78,114,3
94,105,3
83,129,3
85,126,3
78,124,3
83,126,3
88,102,3
83,109,3
78,134,3
85,109,3
81,111,3
81,108,3
83,125,3
88,92,3
81,104,3
81,106,3
88,125,3
88,93,3
97,104,3
89,99,3
86,100,3
86,123,3
89,84,3
86,122,3
85,116,3
86,115,3
97,131,3
83,111,3
83,108,3
83,92,3
94,103,3
78,135,3
88,109,3
94,128,3
78,110,3
89,82,3
94,101,3
85,107,3
89,125,3
97,107,3
94,98,3
81,130,3
83,122,3
118,124,3
83,123,3
118,126,3
78,121,3
97,135,3
118,91,3
94,96,3
86,96,3
94,117,3
94,104,3
88,100,3
88,108,3
118,101,3
97,133,3
81,129,3
97,122,3
83,79,3
85,95,3
78,112,3
86,80,3
94,133,3
89,112,3
88,121,3
94,120,3
94,92,3
90,135,3
94,123,3
88,129,3
88,91,3
118,113,3
83,103,3
83,134,3
97,124,3
90,119,3
83,124,3
88,116,3
97,91,3
97,129,3
81,135,3
78,107,3
94,112,3
81,110,3
81,99,3
81,134,3
83,120,3
78,82,3
89,79,3
88,114,3
90,134,3
88,131,3
78,84,3
138,139,3
78,92,3
86,92,3
88,87,3
83,91,3
86,120,3
81,121,3
89,116,3
85,87,3
89,111,3
90,80,3
90,92,3
94,100,3
81,102,3
89,119,3
81,100,3
85,99,3
90,132,3
97,134,3
90,106,3
90,104,3
94,113,3
86,91,3
86,129,3
83,98,3
94,127,3
85,131,3
90,103,3
118,112,3
89,101,3
118,102,3
89,93,3
118,100,3
94,116,3
94,134,3
88,130,3
118,105,3
94,106,3
78,119,3
86,113,3
86,130,3
83,132,3
90,111,3
85,105,3
90,108,3
86,128,3
86,127,3
83,133,3
86,101,3
118,106,3
118,104,3
86,132,3
140,141,4
142,143,4
140,144,4
145,146,4
147,148,4
140,149,4
150,151,4
150,152,4
150,153,4
140,154,4
142,155,4
156,111,4
157,158,4
150,159,4
156,160,4
161,162,4
161,32,4
161,163,4
164,165,4
147,166,4
164,167,4
147,168,4
161,169,4
161,170,4
171,172,4
173,174,4
161,175,4
147,176,4
164,26,4
161,124,4
161,126,4
177,178,4
177,179,4
177,180,4
171,151,4
171,181,4
173,182,4
150,183,4
156,124,4
147,184,4
156,175,4
171,185,4
171,186,4
171,143,4
171,152,4
147,187,4
147,188,4
156,152,4
147,189,4
157,190,4
191,192,4
173,193,4
194,195,4
171,196,4
197,198,4
164,199,4
164,200,4
164,201,4
161,202,4
171,65,4
142,203,4
147,126,4
147,204,4
205,206,4
156,207,4
147,208,4
161,209,4
177,210,4
177,211,4
177,212,4
171,213,4
177,214,4
142,215,4
177,216,4
161,217,4
218,219,4
173,216,4
150,174,4
161,220,4
197,221,4
222,194,4
142,223,4
197,224,4
191,166,4
191,148,4
225,226,4
205,227,4
145,228,4
156,229,4
147,230,4
197,231,4
205,198,4
147,232,4
205,233,4
140,234,4
205,235,4
205,236,4
142,237,4
171,238,4
142,239,4
240,241,4
161,242,4
171,243,4
147,72,4
156,244,4
156,245,4
157,246,4
177,126,4
173,247,4
177,248,4
150,249,4
150,250,4
177,251,4
177,252,4
150,253,4
173,29,4
161,254,4
164,141,4
177,255,4
171,201,4
142,256,4
142,257,4
205,258,4
205,259,4
205,260,4
164,261,4
205,262,4
263,264,4
156,265,4
140,155,4
156,141,4
171,266,4
171,267,4
147,268,4
171,179,4
171,269,4
156,270,4
205,271,4
156,272,4
156,273,4
171,146,4
177,181,4
161,274,4
177,143,4
156,275,4
177,276,4
161,192,4
156,277,4
156,278,4
156,279,4
161,280,4
173,281,4
156,282,4
161,241,4
173,283,4
177,284,4
177,285,4
150,214,4
161,286,4
177,130,4
173,287,4
150,216,4
173,288,4
177,289,4
290,291,4
177,292,4
173,293,4
150,211,4
161,294,4
161,295,4
161,226,4
142,296,4
218,194,4
222,197,4
205,297,4
222,298,4
161,299,4
142,300,4
298,301,4
161,265,4
171,302,4
142,161,4
161,303,4
142,304,4
156,305,4
177,306,4
140,307,4
164,308,4
164,84,4
173,265,4
164,309,4
140,310,4
205,311,4
164,312,4
263,109,4
156,313,4
161,314,4
225,267,4
164,315,4
263,316,4
164,173,4
173,317,4
147,318,4
140,318,4
147,256,4
161,293,4
173,319,4
222,320,4
150,321,4
147,322,4
150,207,4
177,323,4
150,324,4
140,325,4
173,326,4
150,55,4
173,327,4
142,328,4
164,322,4
205,329,4
171,257,4
171,256,4
164,330,4
161,236,4
240,228,4
147,29,4
147,158,4
147,331,4
147,332,4
171,333,4
164,334,4
147,335,4
164,336,4
164,329,4
173,292,4
173,337,4
177,338,4
171,339,4
263,340,4
140,341,4
145,342,4
173,65,4
140,343,4
173,344,4
173,345,4
173,346,4
161,231,4
156,347,4
177,348,4
177,239,4
161,349,4
177,350,4
140,351,4
320,231,4
290,352,4
150,353,4
140,354,4
150,347,4
150,172,4
142,355,4
150,296,4
150,356,4
150,203,4
150,357,4
161,256,4
142,195,4
147,203,4
140,358,4
142,359,4
142,331,4
140,319,4
140,360,4
142,29,4
147,361,4
140,125,4
147,362,4
161,363,4
147,316,4
147,76,4
147,236,4
171,364,4
147,109,4
177,343,4
177,365,4
177,341,4
161,366,4
177,140,4
161,367,4
173,311,4
177,368,4
164,369,4
164,126,4
164,370,4
177,371,4
263,275,4
263,372,4
140,245,4
263,273,4
177,358,4
191,239,4
142,373,4
142,374,4
142,362,4
150,375,4
140,329,4
171,376,4
142,109,4
142,316,4
140,377,4
140,378,4
142,76,4
150,379,4
380,342,4
150,109,4
177,204,4
150,316,4
150,76,4
164,381,4
161,382,4
197,246,4
150,362,4
263,383,4
147,183,4
380,384,4
171,295,4
157,385,4
150,293,4
177,245,4
177,244,4
164,327,4
161,386,4
156,387,4
161,388,4
164,389,4
177,390,4
173,391,4
140,392,4
140,240,4
140,393,4
140,394,4
164,395,4
140,373,4
173,396,4
177,16,4
150,397,4
191,398,4
173,336,4
156,399,4
140,391,4
142,400,4
205,401,4
140,79,4
173,402,4
205,403,4
140,404,4
161,237,4
156,248,4
157,405,4
142,406,4
164,407,4
408,409,4
171,410,4
171,411,4
164,412,4
171,413,4
156,292,4
171,414,4
161,203,4
161,158,4
177,415,4
161,120,4
161,416,4
161,332,4
177,253,4
177,250,4
161,335,4
161,196,4
177,249,4
140,250,4
171,125,4
156,417,4
320,403,4
171,319,4
171,360,4
263,183,4
156,418,4
263,419,4
156,268,4
164,420,4
156,192,4
142,392,4
164,311,4
145,421,4
145,169,4
140,422,4
164,423,4
161,296,4
164,424,4
164,425,4
147,426,4
140,368,4
147,193,4
147,116,4
205,427,4
147,428,4
147,342,4
161,243,4
429,430,4
177,39,4
177,44,4
142,431,4
156,410,4
177,432,4
164,276,4
140,433,4
205,164,4
150,387,4
142,383,4
142,399,4
177,434,4
157,435,4
263,436,4
218,240,4
205,225,4
147,374,4
205,398,4
205,437,4
205,371,4
171,438,4
150,212,4
171,401,4
156,403,4
156,439,4
147,369,4
156,440,4
147,370,4
147,261,4
173,244,4
156,441,4
173,273,4
156,442,4
156,443,4
173,245,4
156,46,4
171,279,4
171,444,4
156,445,4
147,174,4
177,413,4
429,446,4
164,111,4
177,410,4
177,411,4
171,447,4
429,274,4
161,448,4
150,127,4
205,449,4
142,450,4
205,451,4
177,452,4
140,453,4
173,454,4
150,193,4
205,455,4
173,360,4
140,243,4
161,229,4
171,173,4
171,250,4
156,288,4
171,312,4
156,456,4
194,169,4
171,309,4
171,249,4
320,220,4
140,411,4
177,125,4
156,382,4
161,407,4
177,319,4
177,360,4
161,457,4
161,458,4
164,459,4
177,460,4
177,278,4
177,277,4
177,273,4
177,272,4
156,276,4
177,461,4
177,275,4
156,284,4
177,372,4
142,462,4
177,282,4
173,411,4
173,410,4
161,463,4
173,408,4
142,464,4
161,65,4
205,137,4
173,401,4
173,465,4
161,302,4
173,438,4
142,141,4
161,466,4
161,317,4
177,467,4
164,468,4
140,214,4
205,288,4
142,469,4
171,323,4
150,470,4
156,298,4
191,180,4
177,471,4
177,420,4
171,393,4
173,469,4
164,266,4
156,55,4
164,267,4
164,269,4
263,472,4
164,473,4
173,243,4
156,321,4
161,474,4
263,475,4
140,255,4
263,393,4
173,294,4
164,247,4
150,441,4
140,251,4
140,252,4
150,413,4
150,410,4
205,476,4
205,294,4
142,124,4
142,426,4
140,335,4
142,153,4
142,151,4
142,152,4
164,274,4
147,262,4
164,326,4
147,131,4
191,294,4
156,477,4
147,260,4
147,258,4
240,169,4
222,142,4
164,317,4
164,466,4
173,186,4
177,478,4
164,479,4
177,480,4
164,481,4
156,210,4
156,216,4
140,482,4
140,219,4
156,214,4
194,329,4
173,332,4
263,327,4
205,483,4
263,484,4
173,120,4
177,414,4
150,485,4
150,460,4
320,486,4
205,406,4
150,487,4
150,488,4
173,335,4
142,270,4
142,489,4
298,444,4
140,289,4
177,363,4
205,55,4
147,487,4
263,315,4
263,308,4
263,84,4
140,292,4
142,490,4
142,277,4
142,278,4
164,435,4
161,297,4
147,491,4
147,314,4
147,492,4
147,195,4
147,355,4
173,493,4
177,494,4
171,495,4
173,179,4
263,289,4
171,377,4
171,422,4
171,496,4
263,390,4
263,130,4
408,497,4
164,402,4
164,176,4
205,221,4
147,489,4
177,46,4
164,463,4
177,463,4
177,442,4
171,357,4
140,498,4
161,128,4
140,147,4
161,127,4
147,346,4
147,345,4
171,499,4
142,245,4
171,190,4
161,500,4
150,314,4
194,231,4
150,142,4
142,410,4
142,441,4
142,413,4
164,207,4
161,501,4
147,502,4
147,192,4
157,503,4
164,348,4
173,475,4
171,466,4
177,504,4
177,505,4
161,506,4
177,359,4
197,507,4
161,508,4
161,509,4
161,462,4
161,431,4
177,302,4
164,417,4
164,268,4
161,510,4
147,511,4
171,449,4
140,397,4
140,512,4
173,513,4
150,514,4
173,194,4
140,515,4
263,516,4
177,517,4
177,374,4
142,372,4
173,229,4
173,209,4
177,518,4
161,434,4
150,463,4
140,518,4
161,519,4
194,449,4
197,520,4
177,383,4
156,289,4
191,521,4
140,522,4
161,450,4
298,295,4
171,137,4
156,523,4
171,281,4
171,524,4
164,525,4
164,396,4
156,526,4
156,517,4
177,515,4
225,342,4
177,397,4
177,512,4
171,481,4
140,264,4
140,131,4
140,527,4
177,299,4
177,528,4
150,313,4
177,529,4
161,346,4
161,345,4
140,228,4
161,435,4
142,95,4
147,55,4
140,530,4
140,426,4
150,450,4
263,531,4
142,364,4
263,404,4
147,207,4
142,163,4
156,153,4
142,145,4
164,246,4
147,324,4
320,221,4
320,224,4
142,315,4
142,527,4
140,517,4
173,341,4
140,145,4
173,451,4
156,151,4
142,308,4
173,532,4
161,444,4
142,159,4
142,84,4
147,26,4
150,533,4
177,516,4
177,534,4
156,487,4
177,496,4
147,294,4
171,533,4
177,477,4
177,535,4
140,302,4
164,257,4
171,500,4
263,200,4
263,201,4
197,403,4
142,387,4
164,490,4
157,524,4
191,420,4
263,536,4
205,444,4
140,537,4
150,415,4
142,170,4
156,422,4
191,207,4
156,415,4
164,187,4
177,538,4
156,249,4
171,288,4
156,345,4
156,346,4
156,253,4
171,539,4
147,234,4
156,336,4
156,371,4
156,540,4
171,421,4
177,137,4
156,541,4
171,383,4
177,281,4
177,524,4
147,542,4
156,358,4
177,283,4
150,155,4
164,371,4
164,208,4
147,298,4
164,538,4
205,272,4
147,197,4
164,193,4
218,161,4
263,368,4
173,124,4
263,343,4
171,26,4
177,340,4
263,140,4
156,496,4
157,291,4
218,498,4
173,143,4
156,360,4
156,319,4
156,125,4
171,434,4
205,319,4
173,383,4
205,373,4
164,401,4
140,208,4
164,408,4
164,232,4
205,396,4
161,385,4
205,39,4
194,498,4
205,426,4
164,438,4
177,543,4
164,400,4
156,414,4
140,267,4
177,544,4
177,247,4
161,35,4
161,545,4
164,546,4
147,471,4
161,547,4
161,499,4
173,548,4
161,526,4
161,523,4
205,176,4
263,300,4
173,478,4
156,549,4
156,174,4
205,253,4
218,171,4
140,471,4
156,550,4
205,415,4
205,438,4
156,519,4
263,391,4
161,447,4
161,551,4
263,329,4
147,552,4
173,422,4
205,352,4
205,553,4
164,554,4
142,555,4
164,556,4
164,557,4
429,258,4
164,558,4
171,402,4
263,559,4
150,349,4
142,293,4
161,325,4
156,560,4
140,410,4
164,116,4
147,459,4
140,413,4
161,318,4
161,351,4
177,293,4
161,433,4
173,210,4
156,561,4
205,226,4
164,562,4
205,295,4
164,563,4
205,564,4
164,565,4
298,421,4
140,184,4
142,418,4
161,566,4
320,366,4
164,564,4
156,330,4
164,226,4
164,295,4
164,294,4
164,184,4
147,215,4
150,176,4
147,537,4
140,567,4
177,304,4
177,161,4
161,493,4
225,350,4
173,204,4
164,567,4
205,402,4
191,388,4
164,568,4
164,264,4
164,191,4
164,569,4
177,303,4
161,570,4
171,488,4
173,343,4
150,383,4
161,481,4
263,369,4
161,479,4
173,555,4
177,182,4
177,436,4
142,456,4
150,571,4
150,518,4
150,453,4
171,470,4
218,197,4
263,572,4
140,275,4
164,211,4
218,298,4
147,573,4
140,273,4
140,272,4
177,429,4
164,160,4
164,362,4
150,406,4
161,411,4
147,559,4
157,574,4
164,146,4
161,524,4
142,276,4
156,35,4
150,374,4
142,284,4
147,575,4
298,498,4
147,576,4
147,498,4
147,303,4
177,313,4
164,178,4
171,358,4
171,237,4
164,342,4
142,577,4
171,371,4
171,336,4
147,304,4
161,578,4
164,213,4
140,26,4
140,295,4
161,116,4
142,298,4
205,202,4
150,469,4
171,420,4
142,440,4
140,497,4
140,472,4
147,579,4
161,232,4
205,382,4
147,580,4
161,502,4
147,439,4
147,228,4
147,469,4
161,189,4
173,137,4
142,55,4
140,226,4
142,207,4
142,324,4
240,507,4
171,329,4
142,321,4
171,468,4
140,198,4
177,403,4
147,154,4
142,162,4
161,141,4
147,149,4
147,144,4
161,342,4
177,156,4
197,342,4
177,223,4
161,533,4
140,381,4
197,366,4
147,411,4
164,581,4
161,453,4
161,571,4
164,79,4
164,307,4
164,582,4
161,517,4
164,391,4
263,459,4
150,457,4
263,395,4
150,583,4
191,211,4
150,458,4
140,205,4
161,400,4
150,584,4
140,237,4
173,404,4
173,585,4
150,545,4
173,456,4
150,35,4
140,586,4
142,211,4
177,586,4
177,587,4
142,216,4
142,438,4
140,587,4
142,214,4
263,399,4
157,295,4
164,194,4
171,158,4
173,358,4
161,213,4
156,426,4
164,229,4
164,209,4
164,448,4
171,433,4
171,127,4
156,95,4
161,588,4
177,514,4
263,589,4
142,26,4
177,205,4
161,590,4
173,277,4
164,321,4
140,591,4
156,212,4
150,576,4
140,592,4
171,310,4
177,428,4
150,575,4
171,553,4
161,564,4
161,406,4
156,286,4
150,592,4
263,154,4
156,176,4
150,257,4
150,256,4
140,35,4
147,111,4
205,238,4
171,293,4
171,593,4
205,490,4
205,474,4
156,594,4
156,303,4
164,147,4
171,327,4
205,367,4
147,595,4
161,596,4
147,343,4
320,449,4
194,146,4
161,440,4
173,540,4
156,172,4
173,377,4
173,541,4
156,353,4
171,198,4
156,597,4
150,95,4
147,273,4
147,272,4
147,494,4
164,340,4
218,205,4
263,424,4
263,425,4
173,448,4
164,598,4
171,456,4
205,349,4
205,292,4
298,507,4
147,599,4
150,196,4
147,539,4
240,146,4
205,600,4
140,551,4
164,601,4
164,494,4
164,457,4
150,160,4
156,120,4
156,158,4
156,180,4
156,332,4
156,416,4
145,449,4
147,602,4
171,221,4
150,261,4
171,224,4
171,233,4
156,359,4
171,603,4
171,235,4
164,95,4
177,604,4
147,460,4
171,581,4
177,381,4
147,593,4
140,538,4
156,317,4
205,481,4
150,369,4
145,605,4
194,421,4
218,314,4
140,450,4
197,241,4
140,372,4
164,532,4
157,421,4
240,366,4
205,332,4
177,459,4
140,160,4
205,525,4
142,303,4
156,357,4
156,547,4
142,541,4
156,242,4
156,544,4
164,333,4
173,444,4
177,606,4
164,256,4
156,464,4
164,186,4
156,467,4
173,213,4
177,305,4
194,438,4
191,363,4
156,607,4
147,432,4
156,145,4
147,39,4
147,44,4
171,384,4
156,239,4
161,153,4
156,588,4
171,608,4
171,506,4
263,362,4
161,214,4
161,216,4
177,609,4
298,520,4
298,241,4
177,489,4
164,158,4
140,395,4
205,180,4
205,333,4
161,372,4
147,482,4
147,553,4
156,610,4
205,186,4
171,586,4
147,155,4
156,589,4
156,611,4
298,612,4
156,522,4
156,413,4
164,613,4
173,376,4
177,198,4
164,614,4
156,527,4
156,231,4
164,615,4
156,159,4
164,616,4
161,611,4
161,589,4
156,617,4
161,618,4
173,26,4
173,440,4
156,232,4
173,596,4
156,619,4
156,230,4
263,408,4
150,297,4
140,283,4
150,433,4
161,255,4
150,474,4
173,526,4
140,524,4
173,587,4
161,273,4
140,137,4
140,356,4
150,318,4
150,351,4
142,253,4
161,272,4
164,219,4
164,585,4
147,441,4
156,481,4
156,187,4
157,198,4
164,620,4
156,297,4
164,323,4
298,310,4
142,583,4
147,169,4
147,170,4
173,528,4
173,466,4
156,381,4
161,454,4
173,155,4
147,32,4
177,357,4
177,375,4
298,342,4
140,469,4
142,510,4
140,439,4
140,580,4
177,352,4
156,534,4
156,516,4
177,621,4
150,603,4
157,238,4
147,79,4
142,360,4
142,319,4
161,376,4
173,126,4
142,125,4
161,284,4
161,511,4
161,276,4
161,622,4
150,300,4
150,310,4
177,116,4
171,623,4
161,605,4
161,624,4
298,198,4
161,185,4
161,612,4
263,242,4
171,301,4
161,625,4
222,240,4
156,598,4
142,460,4
263,545,4
164,217,4
147,497,4
164,605,4
263,215,4
164,612,4
142,414,4
164,625,4
147,330,4
164,507,4
205,499,4
171,373,4
147,475,4
156,626,4
171,46,4
147,375,4
147,352,4
205,411,4
171,627,4
142,457,4
147,621,4
142,174,4
140,466,4
225,307,4
263,356,4
140,65,4
263,268,4
380,219,4
263,417,4
140,109,4
140,379,4
147,591,4
320,329,4
150,126,4
171,570,4
140,316,4
150,511,4
150,376,4
147,592,4
147,175,4
142,168,4
142,604,4
140,406,4
194,238,4
157,512,4
147,628,4
177,398,4
177,7,4
147,404,4
161,310,4
161,300,4
177,225,4
156,368,4
161,257,4
263,184,4
171,351,4
205,334,4
140,456,4
147,629,4
140,288,4
150,373,4
173,630,4
173,149,4
173,154,4
150,392,4
173,373,4
164,130,4
205,568,4
142,305,4
263,538,4
171,494,4
320,169,4
147,120,4
171,253,4
142,526,4
157,482,4
142,547,4
171,248,4
164,404,4
205,220,4
164,628,4
164,531,4
263,265,4
156,204,4
164,406,4
171,255,4
171,184,4
177,288,4
156,631,4
173,491,4
171,525,4
177,456,4
161,343,4
161,365,4
140,130,4
161,341,4
161,140,4
140,532,4
140,451,4
150,475,4
142,601,4
140,29,4
140,331,4
156,338,4
145,329,4
156,166,4
171,501,4
156,553,4
156,450,4
161,513,4
171,188,4
147,306,4
145,498,4
140,361,4
429,552,4
164,301,4
161,39,4
147,327,4
150,308,4
156,520,4
205,601,4
156,632,4
156,420,4
161,245,4
161,244,4
161,633,4
194,605,4
164,597,4
150,166,4
194,624,4
194,185,4
164,203,4
161,44,4
173,589,4
173,611,4
147,247,4
173,500,4
171,386,4
156,583,4
156,478,4
157,301,4
150,538,4
205,540,4
150,454,4
161,422,4
161,536,4
263,355,4
263,195,4
164,137,4
173,453,4
263,627,4
164,634,4
197,279,4
171,458,4
171,457,4
142,475,4
205,245,4
140,320,4
164,555,4
140,300,4
164,635,4
171,515,4
156,341,4
147,340,4
171,182,4
156,365,4
171,397,4
164,586,4
171,270,4
142,519,4
173,533,4
177,230,4
156,428,4
205,454,4
177,321,4
205,375,4
173,566,4
171,544,4
142,367,4
171,467,4
177,55,4
194,279,4
177,72,4
177,164,4
177,324,4
177,207,4
142,564,4
205,636,4
171,209,4
263,345,4
263,346,4
205,420,4
205,581,4
147,436,4
140,257,4
140,353,4
173,32,4
263,204,4
161,477,4
140,293,4
173,215,4
205,365,4
142,425,4
177,344,4
205,637,4
177,483,4
142,492,4
156,638,4
164,373,4
164,394,4
164,393,4
173,202,4
156,385,4
171,385,4
177,639,4
177,171,4
171,620,4
177,228,4
173,372,4
140,613,4
161,26,4
173,640,4
147,477,4
147,535,4
147,522,4
156,311,4
173,323,4
147,496,4
150,341,4
147,534,4
171,299,4
147,516,4
173,619,4
263,510,4
156,470,4
173,559,4
156,620,4
140,336,4
263,462,4
150,452,4
263,508,4
147,296,4
142,377,4
263,509,4
171,193,4
156,235,4
191,598,4
173,471,4
156,280,4
205,497,4
147,353,4
156,603,4
156,641,4
156,221,4
156,224,4
156,642,4
161,151,4
164,475,4
147,347,4
161,494,4
161,541,4
161,377,4
161,540,4
164,497,4
298,499,4
177,267,4
156,325,4
177,266,4
177,473,4
150,597,4
147,323,4
173,127,4
171,391,4
290,79,4
156,128,4
147,465,4
173,516,4
150,252,4
205,286,4
150,272,4
150,248,4
173,228,4
429,577,4
142,120,4
142,436,4
150,255,4
142,180,4
156,627,4
142,179,4
177,330,4
171,406,4
205,526,4
147,249,4
205,643,4
173,525,4
142,176,4
177,490,4
173,142,4
173,356,4
171,226,4
164,198,4
164,511,4
161,211,4
263,325,4
156,255,4
263,95,4
147,584,4
164,592,4
156,39,4
156,552,4
140,175,4
161,357,4
140,124,4
150,232,4
161,190,4
164,124,4
150,619,4
164,591,4
164,175,4
142,181,4
150,386,4
150,599,4
161,282,4
150,364,4
150,388,4
161,279,4
161,278,4
161,277,4
171,403,4
150,144,4
161,461,4
142,172,4
177,619,4
164,621,4
142,353,4
147,354,4
142,347,4
164,352,4
147,644,4
142,597,4
173,325,4
263,435,4
164,375,4
147,615,4
157,472,4
147,616,4
147,645,4
171,344,4
147,614,4
173,390,4
147,613,4
156,200,4
150,26,4
173,481,4
171,646,4
156,201,4
161,368,4
298,238,4
142,532,4
140,478,4
156,480,4
156,366,4
173,509,4
173,508,4
177,627,4
177,259,4
173,431,4
142,610,4
140,322,4
171,246,4
156,155,4
140,142,4
140,314,4
173,510,4
147,328,4
142,504,4
140,352,4
150,328,4
171,156,4
142,213,4
177,501,4
150,594,4
150,566,4
150,499,4
161,593,4
171,126,4
156,489,4
147,194,4
147,447,4
147,596,4
147,448,4
142,232,4
147,440,4
142,619,4
142,230,4
147,209,4
147,229,4
140,327,4
177,221,4
161,597,4
177,603,4
177,233,4
147,620,4
161,347,4
161,353,4
177,235,4
147,585,4
147,219,4
161,172,4
147,313,4
156,599,4
161,143,4
150,186,4
140,270,4
205,435,4
161,181,4
156,538,4
150,46,4
263,182,4
173,502,4
142,518,4
142,647,4
173,280,4
142,467,4
191,535,4
142,535,4
142,477,4
164,363,4
171,502,4
173,250,4
177,286,4
157,329,4
140,72,4
164,154,4
240,499,4
173,242,4
173,16,4
164,630,4
240,190,4
171,648,4
164,144,4
263,26,4
177,270,4
173,256,4
173,257,4
150,292,4
171,436,4
173,249,4
177,602,4
177,384,4
177,649,4
177,521,4
177,608,4
298,605,4
191,584,4
140,260,4
150,618,4
145,435,4
150,611,4
140,262,4
161,531,4
173,355,4
173,195,4
142,231,4
150,610,4
263,229,4
171,300,4
298,435,4
177,337,4
263,448,4
408,390,4
150,243,4
161,426,4
147,275,4
140,493,4
145,238,4
156,296,4
150,298,4
150,578,4
140,195,4
140,355,4
177,622,4
140,491,4
147,368,4
171,230,4
194,342,4
194,217,4
157,217,4
145,438,4
164,513,4
157,434,4
177,519,4
197,625,4
161,504,4
161,505,4
194,384,4
161,359,4
140,555,4
197,624,4
197,217,4
142,573,4
197,605,4
197,612,4
197,185,4
156,563,4
177,336,4
263,361,4
173,252,4
156,650,4
150,265,4
147,506,4
142,341,4
156,565,4
205,611,4
147,609,4
205,618,4
240,421,4
164,470,4
142,221,4
205,477,4
164,376,4
164,506,4
147,253,4
142,365,4
205,440,4
173,196,4
140,541,4
142,343,4
142,243,4
156,590,4
173,515,4
145,217,4
145,624,4
145,185,4
164,383,4
156,633,4
145,612,4
164,421,4
140,362,4
145,625,4
161,515,4
173,264,4
161,397,4
161,512,4
164,518,4
156,184,4
194,310,4
142,323,4
225,384,4
164,609,4
177,486,4
156,188,4
140,193,4
173,385,4
171,606,4
177,648,4
171,305,4
173,512,4
205,190,4
263,335,4
320,310,4
142,428,4
147,627,4
147,517,4
263,120,4
161,246,4
205,588,4
147,372,4
140,153,4
205,633,4
140,256,4
177,479,4
140,152,4
145,246,4
140,151,4
171,510,4
147,127,4
171,509,4
205,486,4
171,508,4
156,651,4
171,462,4
171,431,4
177,591,4
156,458,4
156,457,4
156,503,4
150,553,4
157,220,4
142,166,4
177,592,4
320,217,4
173,162,4
161,535,4
140,387,4
156,182,4
173,254,4
161,516,4
161,534,4
147,547,4
147,523,4
205,632,4
298,624,4
171,428,4
173,128,4
263,386,4
205,640,4
205,584,4
177,582,4
177,307,4
171,564,4
205,323,4
177,581,4
173,406,4
140,470,4
140,447,4
161,179,4
161,180,4
205,608,4
157,652,4
205,243,4
156,7,4
205,498,4
164,387,4
173,189,4
156,398,4
205,575,4
142,111,4
320,241,4
320,520,4
164,575,4
142,397,4
164,292,4
164,498,4
177,309,4
173,545,4
173,432,4
429,464,4
177,312,4
263,270,4
161,528,4
156,406,4
194,224,4
429,349,4
194,221,4
161,339,4
156,335,4
161,281,4
205,166,4
205,535,4
147,394,4
161,283,4
150,311,4
263,646,4
171,463,4
205,593,4
150,423,4
150,425,4
150,424,4
177,539,4
218,250,4
142,148,4
164,584,4
142,593,4
142,553,4
171,273,4
147,240,4
147,393,4
177,595,4
147,392,4
147,373,4
263,619,4
263,230,4
164,390,4
205,439,4
164,202,4
320,605,4
164,289,4
173,573,4
150,325,4
164,469,4
164,228,4
508,455,4
164,580,4
164,439,4
177,425,4
164,579,4
161,354,4
150,593,4
161,544,4
150,462,4
150,431,4
150,628,4
150,531,4
177,265,4
140,481,4
150,510,4
191,474,4
177,141,4
197,195,4
156,179,4
164,303,4
263,385,4
150,582,4
164,304,4
156,505,4
147,554,4
147,557,4
147,558,4
156,504,4
171,480,4
197,498,4
140,543,4
142,530,4
164,248,4
161,358,4
173,364,4
164,252,4
164,251,4
140,431,4
173,159,4
161,371,4
161,336,4
164,255,4
140,268,4
140,417,4
171,395,4
140,490,4
150,567,4
150,653,4
171,325,4
150,264,4
150,568,4
150,569,4
150,191,4
194,486,4
156,367,4
298,438,4
161,630,4
147,264,4
147,568,4
429,583,4
147,653,4
150,420,4
173,641,4
191,286,4
142,127,4
161,582,4
147,525,4
164,638,4
142,128,4
147,245,4
320,195,4
161,485,4
161,460,4
164,622,4
161,307,4
164,298,4
171,417,4
147,562,4
150,509,4
147,563,4
177,213,4
161,487,4
161,488,4
140,581,4
150,438,4
156,644,4
263,414,4
205,261,4
171,486,4
161,125,4
173,603,4
173,170,4
147,420,4
161,319,4
161,360,4
140,459,4
173,419,4
191,334,4
161,423,4
205,598,4
240,195,4
171,399,4
140,585,4
171,159,4
164,449,4
263,305,4
142,44,4
142,39,4
140,479,4
147,450,4
194,246,4
157,516,4
142,204,4
142,432,4
142,534,4
263,116,4
177,186,4
161,467,4
171,527,4
171,522,4
161,167,4
177,333,4
173,450,4
177,548,4
205,246,4
177,361,4
177,620,4
142,260,4
177,654,4
161,330,4
140,500,4
177,236,4
177,585,4
177,219,4
150,540,4
150,541,4
150,377,4
140,276,4
142,486,4
140,284,4
140,285,4
171,353,4
173,654,4
142,345,4
142,358,4
157,468,4
156,391,4
191,628,4
140,609,4
140,311,4
142,525,4
173,633,4
263,126,4
142,478,4
140,425,4
140,424,4
140,423,4
140,271,4
177,298,4
263,387,4
147,321,4
171,372,4
164,35,4
177,320,4
197,146,4
177,448,4
142,363,4
177,209,4
177,229,4
191,415,4
161,223,4
161,403,4
177,572,4
191,253,4
177,194,4
140,528,4
161,201,4
263,602,4
171,493,4
156,168,4
205,582,4
161,598,4
147,337,4
147,555,4
147,418,4
263,649,4
147,655,4
156,628,4
171,212,4
142,575,4
240,625,4
150,483,4
150,344,4
142,576,4
240,612,4
240,605,4
177,611,4
240,217,4
240,624,4
197,262,4
140,389,4
320,438,4
171,441,4
171,354,4
191,382,4
140,178,4
171,95,4
156,608,4
205,561,4
171,350,4
156,649,4
140,213,4
171,367,4
156,463,4
142,493,4
161,514,4
171,579,4
171,284,4
171,285,4
171,633,4
177,527,4
171,590,4
177,145,4
164,140,4
173,457,4
177,522,4
173,458,4
171,588,4
161,268,4
147,276,4
161,275,4
263,587,4
156,170,4
263,344,4
173,340,4
177,555,4
156,656,4
171,611,4
171,589,4
156,163,4
156,32,4
263,586,4
177,655,4
171,338,4
150,184,4
147,289,4
156,431,4
142,463,4
147,130,4
156,509,4
156,508,4
145,195,4
173,657,4
205,192,4
177,331,4
177,187,4
156,412,4
177,29,4
205,280,4
177,532,4
177,451,4
147,216,4
171,423,4
171,425,4
171,424,4
147,214,4
171,271,4
140,212,4
156,363,4
147,210,4
147,211,4
173,316,4
147,484,4
205,162,4
177,268,4
173,109,4
177,417,4
164,566,4
263,478,4
191,483,4
142,192,4
173,362,4
205,169,4
161,253,4
161,250,4
171,572,4
161,249,4
205,431,4
156,647,4
140,111,4
205,314,4
161,415,4
205,142,4
156,165,4
205,428,4
156,167,4
140,475,4
173,306,4
177,151,4
177,553,4
177,593,4
177,166,4
177,148,4
205,195,4
173,435,4
177,353,4
173,463,4
164,444,4
177,616,4
177,144,4
177,615,4
140,342,4
177,614,4
177,645,4
140,249,4
177,613,4
156,309,4
171,578,4
156,312,4
171,345,4
142,590,4
142,361,4
142,528,4
161,301,4
142,633,4
150,199,4
140,480,4
150,201,4
147,610,4
205,44,4
142,545,4
161,200,4
218,164,4
171,440,4
191,489,4
164,514,4
147,493,4
177,203,4
142,325,4
147,181,4
147,333,4
263,128,4
142,603,4
171,545,4
147,548,4
263,127,4
147,658,4
150,367,4
147,186,4
147,143,4
147,251,4
161,199,4
164,354,4
290,574,4
164,262,4
164,530,4
173,175,4
164,345,4
164,131,4
164,260,4
156,350,4
164,258,4
161,130,4
161,390,4
263,648,4
142,381,4
140,635,4
150,209,4
171,649,4
150,448,4
173,282,4
142,338,4
161,305,4
150,194,4
205,659,4
147,406,4
156,343,4
142,651,4
140,634,4
173,262,4
156,223,4
173,314,4
177,26,4
177,395,4
173,394,4
150,417,4
171,387,4
150,268,4
161,644,4
171,259,4
142,182,4
150,493,4
147,213,4
150,391,4
147,178,4
164,297,4
191,375,4
164,433,4
161,46,4
164,474,4
156,250,4
164,460,4
164,485,4
164,488,4
164,487,4
164,351,4
164,318,4
240,231,4
150,588,4
173,7,4
173,543,4
173,310,4
140,312,4
660,390,4
150,551,4
140,309,4
142,398,4
150,633,4
142,184,4
161,210,4
177,193,4
150,481,4
142,188,4
150,363,4
171,265,4
142,584,4
177,208,4
171,141,4
263,495,4
156,595,4
164,374,4
171,307,4
140,338,4
142,130,4
147,243,4
263,306,4
142,608,4
156,322,4
320,301,4
171,426,4
161,594,4
161,495,4
161,651,4
142,289,4
173,141,4
173,472,4
161,338,4
161,239,4
161,350,4
173,504,4
164,553,4
147,153,4
173,165,4
177,256,4
173,167,4
171,661,4
150,242,4
161,489,4
140,563,4
191,498,4
140,562,4
191,575,4
171,128,4
140,565,4
147,387,4
147,267,4
263,467,4
147,179,4
147,196,4
164,452,4
156,494,4
150,532,4
150,331,4
156,237,4
147,382,4
171,604,4
171,612,4
150,29,4
177,438,4
173,447,4
240,342,4
205,148,4
177,408,4
156,662,4
177,465,4
177,401,4
171,79,4
156,327,4
177,491,4
177,565,4
140,346,4
177,195,4
177,355,4
177,562,4
173,536,4
173,59,4
157,662,4
140,461,4
140,278,4
140,277,4
142,186,4
140,282,4
173,199,4
173,200,4
173,201,4
140,230,4
147,302,4
140,201,4
140,200,4
140,199,4
140,204,4
205,301,4
177,197,4
177,150,4
140,619,4
140,536,4
164,422,4
161,225,4
173,302,4
161,311,4
161,398,4
142,242,4
320,295,4
161,7,4
156,646,4
150,426,4
177,315,4
177,396,4
177,525,4
147,16,4
164,645,4
161,304,4
147,257,4
205,178,4
191,639,4
177,84,4
177,308,4
147,212,4
147,452,4
147,601,4
205,421,4
171,342,4
173,367,4
663,409,4
240,301,4
150,402,4
145,231,4
173,300,4
156,664,4
197,228,4
156,511,4
161,412,4
147,286,4
145,224,4
263,429,4
145,221,4
171,538,4
142,144,4
156,306,4
205,231,4
156,483,4
161,174,4
161,288,4
173,455,4
161,456,4
171,278,4
145,366,4
156,665,4
171,341,4
171,461,4
171,343,4
140,573,4
150,573,4
171,282,4
205,666,4
171,308,4
177,641,4
171,416,4
150,401,4
156,542,4
205,458,4
171,332,4
145,198,4
161,396,4
177,667,4
263,518,4
140,620,4
177,601,4
156,215,4
156,537,4
171,378,4
171,540,4
171,541,4
380,169,4
171,478,4
161,131,4
171,518,4
147,376,4
156,388,4
171,532,4
171,200,4
156,386,4
177,530,4
177,262,4
177,260,4
177,131,4
142,422,4
320,238,4
177,258,4
150,440,4
173,547,4
171,396,4
142,356,4
142,126,4
142,302,4
142,533,4
171,199,4
147,226,4
156,459,4
147,295,4
171,59,4
171,536,4
142,415,4
173,312,4
205,364,4
142,183,4
140,281,4
205,537,4
173,309,4
263,338,4
142,419,4
177,382,4
171,668,4
150,517,4
173,595,4
205,388,4
161,449,4
147,293,4
150,189,4
171,84,4
161,248,4
177,79,4
156,407,4
156,484,4
164,109,4
140,488,4
164,316,4
164,243,4
156,669,4
222,150,4
177,558,4
150,400,4
177,557,4
177,556,4
177,554,4
177,481,4
194,403,4
161,252,4
171,571,4
156,266,4
171,165,4
147,410,4
156,267,4
156,269,4
161,480,4
156,473,4
147,413,4
150,361,4
197,169,4
142,521,4
161,324,4
142,649,4
161,207,4
194,198,4
173,278,4
177,261,4
142,485,4
173,461,4
177,370,4
177,369,4
161,498,4
161,383,4
156,349,4
142,248,4
161,518,4
164,512,4
164,397,4
205,670,4
164,515,4
161,421,4
147,125,4
177,661,4
150,473,4
147,319,4
147,360,4
164,451,4
150,370,4
156,274,4
164,331,4
156,326,4
164,29,4
156,446,4
142,252,4
164,120,4
173,580,4
263,72,4
173,439,4
164,332,4
164,416,4
150,506,4
164,335,4
140,418,4
142,254,4
156,479,4
205,211,4
150,525,4
218,384,4
140,499,4
140,494,4
147,391,4
161,228,4
263,223,4
156,448,4
140,357,4
161,579,4
142,509,4
150,395,4
263,418,4
150,294,4
150,564,4
161,326,4
171,517,4
263,339,4
263,471,4
177,367,4
156,226,4
171,187,4
145,384,4
171,189,4
150,84,4
164,283,4
164,524,4
164,281,4
140,572,4
263,212,4
173,571,4
164,172,4
191,569,4
164,296,4
150,315,4
164,353,4
164,347,4
140,296,4
140,614,4
140,645,4
140,616,4
161,251,4
140,615,4
156,300,4
161,267,4
150,343,4
150,365,4
150,427,4
150,140,4
171,178,4
161,269,4
164,442,4
140,159,4
298,195,4
171,204,4
164,46,4
150,372,4
147,438,4
140,364,4
173,212,4
150,273,4
147,401,4
171,374,4
177,671,4
171,507,4
156,490,4
177,470,4
150,286,4
164,480,4
164,366,4
240,435,4
142,309,4
147,444,4
161,137,4
173,392,4
263,442,4
142,644,4
263,46,4
147,551,4
171,149,4
161,478,4
173,644,4
298,262,4
161,399,4
156,535,4
263,360,4
173,407,4
156,241,4
177,159,4
263,125,4
173,412,4
173,494,4
173,387,4
177,364,4
161,414,4
147,415,4
171,619,4
147,430,4
171,232,4
171,400,4
147,250,4
147,312,4
147,152,4
147,309,4
263,278,4
142,334,4
171,321,4
150,258,4
173,588,4
150,131,4
150,260,4
150,530,4
150,262,4
171,324,4
164,382,4
173,393,4
164,357,4
240,295,4
173,426,4
177,584,4
177,640,4
161,413,4
173,484,4
177,271,4
140,544,4
177,424,4
177,482,4
177,423,4
173,590,4
140,467,4
156,438,4
177,311,4
164,482,4
173,271,4
161,198,4
191,514,4
142,648,4
173,423,4
663,390,4
173,424,4
173,425,4
150,284,4
140,359,4
171,268,4
161,259,4
140,504,4
140,505,4
161,558,4
173,275,4
150,128,4
173,289,4
161,322,4
140,529,4
164,249,4
161,556,4
140,299,4
164,250,4
164,253,4
150,456,4
205,482,4
171,654,4
164,415,4
150,389,4
147,457,4
171,641,4
142,567,4
161,235,4
161,224,4
161,221,4
161,641,4
161,603,4
177,441,4
161,233,4
177,154,4
161,621,4
140,332,4
161,375,4
156,500,4
161,352,4
177,237,4
147,344,4
161,168,4
173,386,4
147,483,4
140,128,4
140,539,4
173,330,4
147,466,4
147,480,4
140,247,4
145,486,4
140,183,4
173,322,4
173,403,4
290,629,4
142,273,4
140,604,4
205,594,4
240,246,4
156,492,4
142,488,4
156,355,4
156,195,4
156,344,4
142,487,4
161,270,4
147,512,4
171,511,4
177,537,4
177,215,4
171,455,4
171,120,4
164,153,4
171,331,4
171,435,4
164,152,4
171,335,4
157,449,4
171,451,4
140,436,4
164,230,4
205,342,4
173,459,4
140,370,4
205,241,4
205,520,4
145,241,4
145,520,4
205,124,4
161,483,4
150,111,4
161,402,4
240,310,4
173,131,4
177,188,4
161,344,4
140,120,4
147,357,4
142,595,4
171,296,4
156,310,4
142,330,4
161,427,4
164,428,4
173,125,4
147,594,4
147,566,4
147,499,4
225,581,4
171,203,4
171,597,4
173,234,4
171,361,4
171,362,4
142,382,4
171,316,4
156,401,4
156,465,4
171,379,4
171,275,4
171,109,4
147,446,4
147,65,4
147,274,4
263,488,4
147,317,4
142,318,4
173,235,4
142,646,4
161,619,4
142,194,4
147,472,4
173,267,4
263,249,4
142,165,4
150,381,4
142,167,4
147,172,4
156,578,4
205,312,4
156,525,4
156,396,4
156,315,4
205,310,4
156,308,4
156,84,4
205,173,4
173,490,4
205,59,4
164,244,4
177,559,4
177,575,4
142,620,4
173,152,4
177,435,4
177,498,4
173,153,4
161,384,4
161,649,4
263,512,4
140,265,4
161,608,4
147,281,4
147,524,4
156,554,4
156,672,4
147,283,4
156,557,4
140,546,4
156,558,4
177,629,4
150,492,4
177,234,4
150,355,4
177,327,4
161,215,4
177,484,4
164,523,4
164,220,4
173,276,4
191,638,4
164,259,4
177,542,4
171,231,4
142,297,4
164,270,4
205,277,4
156,436,4
177,450,4
205,279,4
205,461,4
177,168,4
161,586,4
150,484,4
164,282,4
150,234,4
164,275,4
150,542,4
156,609,4
164,341,4
164,273,4
164,277,4
164,278,4
164,365,4
164,279,4
161,247,4
164,245,4
156,259,4
164,360,4
164,319,4
142,537,4
164,125,4
171,311,4
173,321,4
161,592,4
161,591,4
142,388,4
173,72,4
142,386,4
150,274,4
173,44,4
429,474,4
150,446,4
177,391,4
320,498,4
429,297,4
156,369,4
161,156,4
156,370,4
150,317,4
161,609,4
147,453,4
147,454,4
161,441,4
142,459,4
140,414,4
173,538,4
164,411,4
164,410,4
164,441,4
164,413,4
147,500,4
173,39,4
164,478,4
173,485,4
140,668,4
140,315,4
171,283,4
222,145,4
140,84,4
140,308,4
320,246,4
173,488,4
173,487,4
140,487,4
150,332,4
140,174,4
140,558,4
150,120,4
156,293,4
140,556,4
161,309,4
173,315,4
161,155,4
164,540,4
164,378,4
164,377,4
164,541,4
150,247,4
177,533,4
161,521,4
171,116,4
150,661,4
161,648,4
320,228,4
147,288,4
147,456,4
140,261,4
171,671,4
147,7,4
171,389,4
147,518,4
147,673,4
147,398,4
147,383,4
164,325,4
171,640,4
142,473,4
140,326,4
147,427,4
173,176,4
150,382,4
173,441,4
171,624,4
171,217,4
171,605,4
263,336,4
298,228,4
150,215,4
161,182,4
150,537,4
171,394,4
142,349,4
150,124,4
177,386,4
161,646,4
173,635,4
156,452,4
177,388,4
263,174,4
263,276,4
156,577,4
157,674,4
150,459,4
142,540,4
161,486,4
173,562,4
263,285,4
173,563,4
150,579,4
171,370,4
171,261,4
205,595,4
156,203,4
218,145,4
177,399,4
150,171,4
150,195,4
142,481,4
298,220,4
177,394,4
177,373,4
177,392,4
177,240,4
150,161,4
173,285,4
161,490,4
157,352,4
173,284,4
177,264,4
177,568,4
140,126,4
177,201,4
177,200,4
177,569,4
177,191,4
140,305,4
177,567,4
140,606,4
161,55,4
147,124,4
142,484,4
147,367,4
142,327,4
142,234,4
150,225,4
161,184,4
140,156,4
142,542,4
173,428,4
140,223,4
150,7,4
161,187,4
161,188,4
205,675,4
142,427,4
161,387,4
156,676,4
240,185,4
164,180,4
164,179,4
140,428,4
173,434,4
194,241,4
194,520,4
171,155,4
173,519,4
142,235,4
177,404,4
177,531,4
177,628,4
205,350,4
171,7,4
142,566,4
171,546,4
164,168,4
142,317,4
142,274,4
142,454,4
142,326,4
161,95,4
142,446,4
142,65,4
147,145,4
263,528,4
205,569,4
156,539,4
156,677,4
161,146,4
191,582,4
205,165,4
147,667,4
140,280,4
177,551,4
140,502,4
191,236,4
171,147,4
156,361,4
205,167,4
145,403,4
156,654,4
156,236,4
145,301,4
173,116,4
161,333,4
177,169,4
177,170,4
147,389,4
177,32,4
177,163,4
161,340,4
161,165,4
171,530,4
164,426,4
164,418,4
171,131,4
197,468,4
171,260,4
205,452,4
263,614,4
171,130,4
173,223,4
150,327,4
157,146,4
320,435,4
157,624,4
147,358,4
164,372,4
147,371,4
142,178,4
263,506,4
157,79,4
150,490,4
177,124,4
177,506,4
140,369,4
171,390,4
191,427,4
205,274,4
142,389,4
164,461,4
156,533,4
156,571,4
171,563,4
171,487,4
197,295,4
156,521,4
164,528,4
164,299,4
164,272,4
173,261,4
156,186,4
298,329,4
164,310,4
156,493,4
156,548,4
147,329,4
156,658,4
171,314,4
147,334,4
171,142,4
171,355,4
156,435,4
263,203,4
156,295,4
177,334,4
173,556,4
147,577,4
171,326,4
164,343,4
205,542,4
173,554,4
142,661,4
205,622,4
205,298,4
263,645,4
205,500,4
205,326,4
194,435,4
156,572,4
156,678,4
205,533,4
205,473,4
156,209,4
147,141,4
173,671,4
240,520,4
171,346,4
156,194,4
161,419,4
218,169,4
145,279,4
164,572,4
177,475,4
177,387,4
173,384,4
177,35,4
164,196,4
177,545,4
173,418,4
177,472,4
177,426,4
177,242,4
177,497,4
320,342,4
156,645,4
156,614,4
161,522,4
205,150,4
156,615,4
140,374,4
156,616,4
205,151,4
147,307,4
205,152,4
161,361,4
161,527,4
150,330,4
156,613,4
147,433,4
161,581,4
147,519,4
140,661,4
173,305,4
171,315,4
150,577,4
164,288,4
205,407,4
164,456,4
205,284,4
147,581,4
177,257,4
150,323,4
194,262,4
140,566,4
164,284,4
164,588,4
140,595,4
147,490,4
164,590,4
164,623,4
263,283,4
240,198,4
173,295,4
164,633,4
263,281,4
147,359,4
164,143,4
161,532,4
161,451,4
140,526,4
156,566,4
164,181,4
161,331,4
171,276,4
171,225,4
150,165,4
150,167,4
161,29,4
429,658,4
142,310,4
147,504,4
140,578,4
177,406,4
140,547,4
150,334,4
142,332,4
205,207,4
164,440,4
173,144,4
150,337,4
173,324,4
320,198,4
147,300,4
147,310,4
147,198,4
173,95,4
164,55,4
298,221,4
164,324,4
298,224,4
173,597,4
173,203,4
164,651,4
140,248,4
263,534,4
173,353,4
173,347,4
173,172,4
164,338,4
173,296,4
161,613,4
164,618,4
150,346,4
150,345,4
298,169,4
164,611,4
161,616,4
140,197,4
161,615,4
150,354,4
177,447,4
161,614,4
161,645,4
150,501,4
171,519,4
140,542,4
150,326,4
171,490,4
298,384,4
150,340,4
320,262,4
140,484,4
147,270,4
140,629,4
142,247,4
173,534,4
147,221,4
147,641,4
161,604,4
164,619,4
150,65,4
147,603,4
147,235,4
142,554,4
142,556,4
177,634,4
142,558,4
164,188,4
164,216,4
205,567,4
161,178,4
164,214,4
150,170,4
150,32,4
150,163,4
140,215,4
150,162,4
150,254,4
164,210,4
205,330,4
177,510,4
164,280,4
156,189,4
161,176,4
177,508,4
177,509,4
177,462,4
177,431,4
140,350,4
156,261,4
263,530,4
173,219,4
142,578,4
263,131,4
191,621,4
171,252,4
142,401,4
173,620,4
171,234,4
147,530,4
171,629,4
156,254,4
171,484,4
177,155,4
150,322,4
142,420,4
177,635,4
171,251,4
171,542,4
157,673,4
150,591,4
156,564,4
171,298,4
171,618,4
150,358,4
171,44,4
147,521,4
147,384,4
147,649,4
171,168,4
147,608,4
177,439,4
140,458,4
177,580,4
161,395,4
147,533,4
177,469,4
140,457,4
142,369,4
194,366,4
142,370,4
164,65,4
142,261,4
263,566,4
161,654,4
164,151,4
173,529,4
156,510,4
150,235,4
147,587,4
147,586,4
140,7,4
205,527,4
150,221,4
147,128,4
173,399,4
171,408,4
142,563,4
142,551,4
142,447,4
140,95,4
171,520,4
173,389,4
147,292,4
205,307,4
171,241,4
173,482,4
197,499,4
197,190,4
173,524,4
145,468,4
140,172,4
177,183,4
171,513,4
161,424,4
161,230,4
171,381,4
147,390,4
177,202,4
205,434,4
222,171,4
225,598,4
145,310,4
150,168,4
156,569,4
147,202,4
156,395,4
191,258,4
142,294,4
157,629,4
429,194,4
156,211,4
140,209,4
177,389,4
140,407,4
150,116,4
161,417,4
140,412,4
298,246,4
142,344,4
173,661,4
171,459,4
142,160,4
164,265,4
205,502,4
156,536,4
156,59,4
142,483,4
171,613,4
161,408,4
177,454,4
156,555,4
161,401,4
161,438,4
156,634,4
171,29,4
161,313,4
205,304,4
157,185,4
164,204,4
157,612,4
157,605,4
145,220,4
140,554,4
161,292,4
156,562,4
171,419,4
263,565,4
171,215,4
263,563,4
157,625,4
171,537,4
147,46,4
161,420,4
171,245,4
161,173,4
171,244,4
150,595,4
173,84,4
161,555,4
161,418,4
161,538,4
173,156,4
156,294,4
173,158,4
320,444,4
161,634,4
263,234,4
173,168,4
164,399,4
147,479,4
147,481,4
140,330,4
171,573,4
161,306,4
164,608,4
164,521,4
164,649,4
164,384,4
161,404,4
177,349,4
173,668,4
177,573,4
156,373,4
140,485,4
147,679,4
156,393,4
298,449,4
156,392,4
171,498,4
177,147,4
173,613,4
205,680,4
177,679,4
205,370,4
263,422,4
173,615,4
173,616,4
173,645,4
147,349,4
205,460,4
205,485,4
156,148,4
429,328,4
222,161,4
140,646,4
205,557,4
156,404,4
205,558,4
161,356,4
173,208,4
173,530,4
156,593,4
161,442,4
140,442,4
660,497,4
161,204,4
171,580,4
171,439,4
171,228,4
171,469,4
164,358,4
156,323,4
177,152,4
177,316,4
177,153,4
177,109,4
177,379,4
156,486,4
171,352,4
147,488,4
173,417,4
177,362,4
173,268,4
147,248,4
171,154,4
320,507,4
156,472,4
161,195,4
161,355,4
240,329,4
171,630,4
171,144,4
156,475,4
147,485,4
147,255,4
140,667,4
173,467,4
150,608,4
150,521,4
240,238,4
150,649,4
164,595,4
173,298,4
173,537,4
142,280,4
150,399,4
150,638,4
197,219,4
171,111,4
205,681,4
156,307,4
164,606,4
156,582,4
164,305,4
263,413,4
263,441,4
156,581,4
263,410,4
263,596,4
161,258,4
177,111,4
156,376,4
156,591,4
150,419,4
156,592,4
173,442,4
161,530,4
161,262,4
177,493,4
161,260,4
164,414,4
240,403,4
173,522,4
177,457,4
142,571,4
177,458,4
142,453,4
205,661,4
161,627,4
140,337,4
263,153,4
173,527,4
161,638,4
142,266,4
164,519,4
164,403,4
205,539,4
164,434,4
142,32,4
205,468,4
142,627,4
173,649,4
164,313,4
164,223,4
150,141,4
150,644,4
164,156,4
240,498,4
147,388,4
147,386,4
164,604,4
161,348,4
164,431,4
164,462,4
164,509,4
164,508,4
140,671,4
156,271,4
164,510,4
263,432,4
142,678,4
142,494,4
147,583,4
173,395,4
161,557,4
147,458,4
161,554,4
177,427,4
171,625,4
150,130,4
150,202,4
150,289,4
191,434,4
205,634,4
171,595,4
147,515,4
147,182,4
147,397,4
161,468,4
171,418,4
161,539,4
142,505,4
161,628,4
164,127,4
142,645,4
142,614,4
164,128,4
142,615,4
147,544,4
142,616,4
147,467,4
150,188,4
140,127,4
147,647,4
147,464,4
147,543,4
140,169,4
140,170,4
164,526,4
156,251,4
164,547,4
173,627,4
140,196,4
156,302,4
263,517,4
142,452,4
161,459,4
140,32,4
140,163,4
177,500,4
156,466,4
150,182,4
191,473,4
177,453,4
164,385,4
177,571,4
263,29,4
150,303,4
177,189,4
263,331,4
263,532,4
156,682,4
150,304,4
147,151,4
150,647,4
142,357,4
150,464,4
150,467,4
173,436,4
164,624,4
164,489,4
142,594,4
142,499,4
157,403,4
140,216,4
156,247,4
171,551,4
161,635,4
142,502,4
161,585,4
161,219,4
177,175,4
240,468,4
147,529,4
161,620,4
147,299,4
147,528,4
205,394,4
150,148,4
173,602,4
140,385,4
156,331,4
263,511,4
263,579,4
173,342,4
161,212,4
173,608,4
263,376,4
140,603,4
173,646,4
142,212,4
140,221,4
140,641,4
150,504,4
150,505,4
140,523,4
194,612,4
150,359,4
147,505,4
164,185,4
140,235,4
320,421,4
140,602,4
156,430,4
150,645,4
140,608,4
150,614,4
150,615,4
171,169,4
150,616,4
177,149,4
171,170,4
142,340,4
171,432,4
171,39,4
205,141,4
161,520,4
191,274,4
161,470,4
161,321,4
177,280,4
150,609,4
161,572,4
140,116,4
161,208,4
177,192,4
173,618,4
177,502,4
171,412,4
142,417,4
142,268,4
161,364,4
263,456,4
663,497,4
298,468,4
197,301,4
161,159,4
191,304,4
161,166,4
161,148,4
173,160,4
173,470,4
140,167,4
140,568,4
140,168,4
140,165,4
147,546,4
142,189,4
171,566,4
147,578,4
142,517,4
240,486,4
177,354,4
156,423,4
161,381,4
156,424,4
156,425,4
161,584,4
161,640,4
147,381,4
150,237,4
171,429,4
156,506,4
161,312,4
173,351,4
156,372,4
173,318,4
164,237,4
140,559,4
142,588,4
161,482,4
171,140,4
173,414,4
150,200,4
171,369,4
156,585,4
171,254,4
171,32,4
171,163,4
171,162,4
147,646,4
263,494,4
197,238,4
171,167,4
142,35,4
147,252,4
140,463,4
140,435,4
161,601,4
142,193,4
164,573,4
171,356,4
150,302,4
205,252,4
171,277,4
197,329,4
142,208,4
194,468,4
177,644,4
140,402,4
147,470,4
142,313,4
205,248,4
171,497,4
205,219,4
205,507,4
171,472,4
171,330,4
205,147,4
240,449,4
171,475,4
156,584,4
177,418,4
156,65,4
177,564,4
177,294,4
177,295,4
177,226,4
157,299,4
173,659,4
164,306,4
205,597,4
171,174,4
429,569,4
156,462,4
142,448,4
156,154,4
205,615,4
205,616,4
205,172,4
156,630,4
205,296,4
156,337,4
145,262,4
171,591,4
222,205,4
173,544,4
171,592,4
164,286,4
177,142,4
177,314,4
194,444,4
150,208,4
164,646,4
177,393,4
161,425,4
173,307,4
156,348,4
177,127,4
177,184,4
142,199,4
171,531,4
156,575,4
156,576,4
197,438,4
171,404,4
147,242,4
147,648,4
150,528,4
142,538,4
320,219,4
173,592,4
171,35,4
147,422,4
145,190,4
145,499,4
156,26,4
142,249,4
173,634,4
171,512,4
164,501,4
171,683,4
142,621,4
164,467,4
290,299,4
171,242,4
177,342,4
164,544,4
150,192,4
164,350,4
173,480,4
164,239,4
156,579,4
140,323,4
150,502,4
171,479,4
156,228,4
161,154,4
161,149,4
263,444,4
177,385,4
150,432,4
173,486,4
177,199,4
150,204,4
177,376,4
150,39,4
150,44,4
263,609,4
173,648,4
164,578,4
140,571,4
140,454,4
164,505,4
164,504,4
320,146,4
164,359,4
164,346,4
164,145,4
177,536,4
164,231,4
173,572,4
164,159,4
171,322,4
177,95,4
164,522,4
142,250,4
298,403,4
164,364,4
173,651,4
161,389,4
164,388,4
263,214,4
194,301,4
263,216,4
263,210,4
173,338,4
140,386,4
156,252,4
225,219,4
161,575,4
173,359,4
147,385,4
173,505,4
263,309,4
171,208,4
177,546,4
173,499,4
173,333,4
142,272,4
156,281,4
147,514,4
140,324,4
171,153,4
205,638,4
150,486,4
150,552,4
320,279,4
142,562,4
161,661,4
161,289,4
140,321,4
150,648,4
156,661,4
140,367,4
140,176,4
171,247,4
240,438,4
140,400,4
140,232,4
147,606,4
147,305,4
240,262,4
173,357,4
164,534,4
164,516,4
140,511,4
263,348,4
142,337,4
164,496,4
164,535,4
164,477,4
177,578,4
142,46,4
173,188,4
173,187,4
177,310,4
177,300,4
150,398,4
263,591,4
140,376,4
140,182,4
225,169,4
140,371,4
164,458,4
263,7,4
380,498,4
173,565,4
147,538,4
150,621,4
171,340,4
147,510,4
147,509,4
161,595,4
147,619,4
150,489,4
147,462,4
147,431,4
142,511,4
150,305,4
142,376,4
140,344,4
142,592,4
173,178,4
240,444,4
161,565,4
177,335,4
161,563,4
161,562,4
177,646,4
177,158,4
177,120,4
171,659,4
177,416,4
177,332,4
173,374,4
205,423,4
263,570,4
150,223,4
147,403,4
171,272,4
140,210,4
164,367,4
205,189,4
156,196,4
147,223,4
147,156,4
142,569,4
157,507,4
157,622,4
150,556,4
150,558,4
150,554,4
161,79,4
177,638,4
142,209,4
171,477,4
140,383,4
161,84,4
161,308,4
263,519,4
161,315,4
171,534,4
156,162,4
171,516,4
156,356,4
194,190,4
194,499,4
177,243,4
177,412,4
177,407,4
142,395,4
142,638,4
140,16,4
142,582,4
171,280,4
205,193,4
140,186,4
140,548,4
205,684,4
140,333,4
171,634,4
150,634,4
147,435,4
147,463,4
150,635,4
177,160,4
150,555,4
171,407,4
140,229,4
156,208,4
173,214,4
161,496,4
140,448,4
263,256,4
263,257,4
140,194,4
156,149,4
147,325,4
161,266,4
171,160,4
225,685,4
164,502,4
171,392,4
164,192,4
142,635,4
161,394,4
142,634,4
161,373,4
161,392,4
161,393,4
147,351,4
177,173,4
161,567,4
161,264,4
161,568,4
194,625,4
161,569,4
161,191,4
156,686,4
173,111,4
156,568,4
156,264,4
205,341,4
173,350,4
156,653,4
156,567,4
263,555,4
140,242,4
142,609,4
142,198,4
150,436,4
161,473,4
140,545,4
147,395,4
147,638,4
205,224,4
161,323,4
171,124,4
171,175,4
164,355,4
164,195,4
171,644,4
197,220,4
171,615,4
156,514,4
171,616,4
298,185,4
171,645,4
298,217,4
177,466,4
171,614,4
177,326,4
177,274,4
177,65,4
298,625,4
147,356,4
171,223,4
140,533,4
194,219,4
177,579,4
142,424,4
156,375,4
164,356,4
156,621,4
142,628,4
298,486,4
156,586,4
150,678,4
164,392,4
171,183,4
156,419,4
197,444,4
164,593,4
156,126,4
147,364,4
205,156,4
171,482,4
140,384,4
205,628,4
147,399,4
147,159,4
164,148,4
164,166,4
164,539,4
150,368,4
177,128,4
298,231,4
156,444,4
171,448,4
164,450,4
177,422,4
140,579,4
177,400,4
156,314,4
177,232,4
171,229,4
142,423,4
147,231,4
161,261,4
150,428,4
140,649,4
161,370,4
147,527,4
161,369,4
194,295,4
142,311,4
429,334,4
171,585,4
173,308,4
156,334,4
177,488,4
173,639,4
222,164,4
177,356,4
147,486,4
205,146,4
263,175,4
142,200,4
161,436,4
205,487,4
142,116,4
142,201,4
205,592,4
150,590,4
156,116,4
177,196,4
150,447,4
218,320,4
142,7,4
263,433,4
142,288,4
263,351,4
194,220,4
191,460,4
156,258,4
225,498,4
164,254,4
164,163,4
164,32,4
164,162,4
156,262,4
156,530,4
164,170,4
164,169,4
156,131,4
156,260,4
150,477,4
150,535,4
173,251,4
205,366,4
177,499,4
173,248,4
177,594,4
177,566,4
150,534,4
161,329,4
161,391,4
173,397,4
161,334,4
320,625,4
164,603,4
164,641,4
164,221,4
164,224,4
205,521,4
320,624,4
171,366,4
205,384,4
164,235,4
205,514,4
320,185,4
164,486,4
263,337,4
173,230,4
142,618,4
164,300,4
164,648,4
263,547,4
140,510,4
298,219,4
156,351,4
156,318,4
156,329,4
140,462,4
263,267,4
156,433,4
173,151,4
156,474,4
140,509,4
173,232,4
161,472,4
173,221,4
191,594,4
320,499,4
197,421,4
177,325,4
161,497,4
161,475,4
177,589,4
177,618,4
298,366,4
320,190,4
150,145,4
147,95,4
150,527,4
140,486,4
147,350,4
150,231,4
147,239,4
140,648,4
156,687,4
205,688,4
177,684,4
147,284,4
147,285,4
147,633,4
147,623,4
147,590,4
164,432,4
164,44,4
164,39,4
145,219,4
150,620,4
173,593,4
147,588,4
171,348,4
171,609,4
173,259,4
173,551,4
161,507,4
161,374,4
225,439,4
173,586,4
240,219,4
205,470,4
150,239,4
140,345,4
177,296,4
177,172,4
171,442,4
140,441,4
147,611,4
164,241,4
164,520,4
147,618,4
142,262,4
147,338,4
150,651,4
298,146,4
150,360,4
147,565,4
147,651,4
161,193,4
150,338,4
156,659,4
164,436,4
142,202,4
142,579,4
150,143,4
142,292,4
156,469,4
150,181,4
164,337,4
171,359,4
147,425,4
147,424,4
147,271,4
156,233,4
205,213,4
177,176,4
147,311,4
320,612,4
177,346,4
177,345,4
164,627,4
156,502,4
171,504,4
191,55,4
171,505,4
140,432,4
240,221,4
147,572,4
140,506,4
157,461,4
147,678,4
140,444,4
147,363,4
150,596,4
147,320,4
140,44,4
173,183,4
177,402,4
173,578,4
147,201,4
142,255,4
164,594,4
177,590,4
150,266,4
142,251,4
173,368,4
156,427,4
147,407,4
164,174,4
140,390,4
171,547,4
171,523,4
147,412,4
164,293,4
171,526,4
156,573,4
177,167,4
140,188,4
177,165,4
191,349,4
191,689,4
205,144,4
171,191,4
177,444,4
164,427,4
205,363,4
298,190,4
156,601,4
140,438,4
140,39,4
150,519,4
161,429,4
140,465,4
140,401,4
150,276,4
140,408,4
142,611,4
150,288,4
240,220,4
164,472,4
147,545,4
147,35,4
150,601,4
150,494,4
156,383,4
150,418,4
140,525,4
140,396,4
147,417,4
142,506,4
145,444,4
140,158,4
263,450,4
140,202,4
263,196,4
161,186,4
161,537,4
164,419,4
156,130,4
140,203,4
164,183,4
156,202,4
173,523,4
156,256,4
156,257,4
150,646,4
164,484,4
161,439,4
240,279,4
161,580,4
140,298,4
161,469,4
173,477,4
156,328,4
150,213,4
147,259,4
147,160,4
171,368,4
171,262,4
177,269,4
156,488,4
161,525,4
164,234,4
205,621,4
156,127,4
171,453,4
263,412,4
140,46,4
171,318,4
194,228,4
150,280,4
191,145,4
205,239,4
140,496,4
171,635,4
142,322,4
191,679,4
145,507,4
142,196,4
142,458,4
173,553,4
161,160,4
290,622,4
164,236,4
164,361,4
156,690,4
147,265,4
156,389,4
173,237,4
156,512,4
156,397,4
171,554,4
156,515,4
171,556,4
171,558,4
140,306,4
177,547,4
660,409,4
171,292,4
177,526,4
177,523,4
156,691,4
150,251,4
156,199,4
156,460,4
156,304,4
161,238,4
142,154,4
142,599,4
156,485,4
147,180,4
164,517,4
173,198,4
156,692,4
156,518,4
140,611,4
177,322,4
147,661,4
161,573,4
164,189,4
140,589,4
197,486,4
161,428,4
164,545,4
171,264,4
171,568,4
171,567,4
171,202,4
164,242,4
156,362,4
205,303,4
161,542,4
164,212,4
161,629,4
161,410,4
156,109,4
147,604,4
161,327,4
156,243,4
161,484,4
156,76,4
150,179,4
177,433,4
173,354,4
177,297,4
150,180,4
177,474,4
171,562,4
429,679,4
173,260,4
177,511,4
171,565,4
164,155,4
177,318,4
177,351,4
205,522,4
147,336,4
205,625,4
205,199,4
173,369,4
205,612,4
205,185,4
263,469,4
205,217,4
205,624,4
205,605,4
263,580,4
156,374,4
161,152,4
164,499,4
205,228,4
140,340,4
205,523,4
171,450,4
142,286,4
142,306,4
156,454,4
150,178,4
164,182,4
171,219,4
164,215,4
164,537,4
161,452,4
156,29,4
156,455,4
173,255,4
140,187,4
161,183,4
156,451,4
156,532,4
150,523,4
164,454,4
197,310,4
150,526,4
164,483,4
173,433,4
150,547,4
140,259,4
161,147,4
173,270,4
197,449,4
161,553,4
205,145,4
164,7,4
205,251,4
205,374,4
164,398,4
164,344,4
205,515,4
171,214,4
218,568,4
164,225,4
140,553,4
205,397,4
164,500,4
263,466,4
156,501,4
142,375,4
263,65,4
164,533,4
164,571,4
150,627,4
164,453,4
156,137,4
164,527,4
145,295,4
161,362,4
157,444,4
156,283,4
161,316,4
156,524,4
161,109,4
161,379,4
177,541,4
177,377,4
177,378,4
171,528,4
177,174,4
147,414,4
173,329,4
263,163,4
263,32,4
205,489,4
263,254,4
142,568,4
142,264,4
171,210,4
150,604,4
218,342,4
161,432,4
171,596,4
171,176,4
142,653,4
164,368,4
147,278,4
147,277,4
147,341,4
150,562,4
140,399,4
150,563,4
147,365,4
171,337,4
171,555,4
164,644,4
142,346,4
298,279,4
147,282,4
171,220,4
263,155,4
161,337,4
191,313,4
173,518,4
171,485,4
164,349,4
197,435,4
205,209,4
156,44,4
140,623,4
140,590,4
177,487,4
140,633,4
191,557,4
140,519,4
177,485,4
140,588,4
150,414,4
147,378,4
171,306,4
147,541,4
147,377,4
147,478,4
142,514,4
173,567,4
161,111,4
173,184,4
240,384,4
197,384,4
150,478,4
156,354,4
140,143,4
142,258,4
142,501,4
320,468,4
150,306,4
142,354,4
205,255,4
150,319,4
177,563,4
140,181,4
164,386,4
150,125,4
142,131,4
156,693,4
240,224,4
177,633,4
142,470,4
147,199,4
205,313,4
177,623,4
147,200,4
147,536,4
177,588,4
164,493,4
164,542,4
150,230,4
140,644,4
140,596,4
171,454,4
156,364,4
140,440,4
156,178,4
156,213,4
164,661,4
164,629,4
147,315,4
173,479,4
150,245,4
173,381,4
140,516,4
140,534,4
140,189,4
140,618,4
171,289,4
156,432,4
147,84,4
147,308,4
140,477,4
142,265,4
140,593,4
173,609,4
150,309,4
142,552,4
142,351,4
194,507,4
140,179,4
150,422,4
156,333,4
142,433,4
142,474,4
150,149,4
150,173,4
142,368,4
171,216,4
173,46,4
191,655,4
156,377,4
171,195,4
156,551,4
156,447,4
147,434,4
147,165,4
147,167,4
140,627,4
173,581,4
173,511,4
150,154,4
164,238,4
177,440,4
142,391,4
147,622,4
320,384,4
177,596,4
205,158,4
164,551,4
164,447,4
140,640,4
164,302,4
177,329,4
191,403,4
173,497,4
205,620,4
150,278,4
150,277,4
150,270,4
678,694,5
695,353,5
695,696,5
509,353,5
509,563,5
678,697,5
698,237,5
635,699,5
678,700,5
678,701,5
635,702,5
703,704,5
678,705,5
635,706,5
678,707,5
678,708,5
698,705,5
695,709,5
698,710,5
698,707,5
698,253,5
695,359,5
278,697,5
698,696,5
703,708,5
678,711,5
635,712,5
509,713,5
698,714,5
635,715,5
695,716,5
698,420,5
703,707,5
635,717,5
678,718,5
719,700,5
703,709,5
698,720,5
678,721,5
703,353,5
695,722,5
698,723,5
698,361,5
719,638,5
695,697,5
635,724,5
678,716,5
278,714,5
509,696,5
635,716,5
509,708,5
509,725,5
698,722,5
698,700,5
703,237,5
695,702,5
278,726,5
248,711,5
248,727,5
635,694,5
248,716,5
695,718,5
703,699,5
703,728,5
678,722,5
509,728,5
678,723,5
703,725,5
248,705,5
678,714,5
678,696,5
678,713,5
703,713,5
278,709,5
695,704,5
703,729,5
678,704,5
278,713,5
248,726,5
698,728,5
278,730,5
278,563,5
678,726,5
635,723,5
278,420,5
678,710,5
248,712,5
695,731,5
698,726,5
248,638,5
719,705,5
695,727,5
719,707,5
278,725,5
698,729,5
695,700,5
509,699,5
635,697,5
278,694,5
248,723,5
278,729,5
278,728,5
678,420,5
719,711,5
509,704,5
248,709,5
695,725,5
698,721,5
509,709,5
678,709,5
698,732,5
703,701,5
635,707,5
678,728,5
509,729,5
278,361,5
698,725,5
635,638,5
635,728,5
719,361,5
698,701,5
698,708,5
635,237,5
635,727,5
695,729,5
695,724,5
678,563,5
635,700,5
695,713,5
635,353,5
278,710,5
703,706,5
635,725,5
695,699,5
678,253,5
678,699,5
719,699,5
703,700,5
509,711,5
703,638,5
509,727,5
695,717,5
695,726,5
509,716,5
695,253,5
509,732,5
698,563,5
703,714,5
278,717,5
703,361,5
703,720,5
248,722,5
698,353,5
509,714,5
278,733,5
278,253,5
635,726,5
703,721,5
703,710,5
698,718,5
248,707,5
248,710,5
509,253,5
509,726,5
635,729,5
635,704,5
635,713,5
703,696,5
248,701,5
278,237,5
719,253,5
695,694,5
509,712,5
695,701,5
509,638,5
509,707,5
695,721,5
678,706,5
698,727,5
719,729,5
248,706,5
278,708,5
278,724,5
509,723,5
698,711,5
703,722,5
278,707,5
248,253,5
635,730,5
695,723,5
678,353,5
278,638,5
278,716,5
695,237,5
695,714,5
695,720,5
278,696,5
678,727,5
278,700,5
248,420,5
509,700,5
703,712,5
278,727,5
678,361,5
695,710,5
698,716,5
695,708,5
695,707,5
635,710,5
635,721,5
635,708,5
698,699,5
635,420,5
248,361,5
695,638,5
635,709,5
719,728,5
695,730,5
509,694,5
698,709,5
278,353,5
635,733,5
278,711,5
695,705,5
678,638,5
695,361,5
703,697,5
695,734,5
509,718,5
695,732,5
703,718,5
278,723,5
719,420,5
635,720,5
703,420,5
698,713,5
635,361,5
278,720,5
509,721,5
719,353,5
698,697,5
635,722,5
698,704,5
695,711,5
698,706,5
635,705,5
509,710,5
248,353,5
698,694,5
703,711,5
635,714,5
635,253,5
635,732,5
278,699,5
635,696,5
278,704,5
703,253,5
695,728,5
719,727,5
509,706,5
695,643,5
703,723,5
678,729,5
678,720,5
278,718,5
248,700,5
703,694,5
635,359,5
509,420,5
695,563,5
248,699,5
278,721,5
248,708,5
278,712,5
703,727,5
278,722,5
698,638,5
695,712,5
678,725,5
278,701,5
509,361,5
317,714,5
278,705,5
635,701,5
635,718,5
248,725,5
635,643,5
703,705,5
509,720,5
703,726,5
703,563,5
678,712,5
248,696,5
695,733,5
695,420,5
635,711,5
509,705,5
703,716,5
635,734,5
278,706,5
719,696,5
509,701,5
248,729,5
248,728,5
509,697,5
698,712,5
695,715,5
695,706,5
509,722,5
632,735,6
219,137,6
736,737,6
219,195,6
632,620,6
738,739,6
560,475,6
632,740,6
384,569,6
384,741,6
219,577,6
475,529,6
384,568,6
665,148,6
665,553,6
169,192,6
677,742,6
560,621,6
169,502,6
475,743,6
744,745,6
342,137,6
384,746,6
498,747,6
342,748,6
749,460,6
219,349,6
384,750,6
384,226,6
751,752,6
749,487,6
736,238,6
749,753,6
169,142,6
613,754,6
169,755,6
219,748,6
665,756,6
498,141,6
560,628,6
219,543,6
219,757,6
758,634,6
219,689,6
759,754,6
749,758,6
760,739,6
219,761,6
342,762,6
169,195,6
169,763,6
363,743,6
560,375,6
751,764,6
765,754,6
342,543,6
342,757,6
475,766,6
342,689,6
384,767,6
384,768,6
384,769,6
342,761,6
384,764,6
169,754,6
665,166,6
219,754,6
665,770,6
687,765,6
342,736,6
342,749,6
771,772,6
342,529,6
773,774,6
475,759,6
749,514,6
749,764,6
749,775,6
169,776,6
342,767,6
342,777,6
342,745,6
773,746,6
475,770,6
632,778,6
677,301,6
219,775,6
219,779,6
498,582,6
498,581,6
169,366,6
773,780,6
498,262,6
219,781,6
342,779,6
677,584,6
744,632,6
169,432,6
514,737,6
758,771,6
363,354,6
560,761,6
363,258,6
665,782,6
677,521,6
677,384,6
758,449,6
758,783,6
665,784,6
219,780,6
514,238,6
169,487,6
169,460,6
498,604,6
784,764,6
169,478,6
475,753,6
744,785,6
342,780,6
475,148,6
475,166,6
475,553,6
342,786,6
749,787,6
498,514,6
760,632,6
773,514,6
498,238,6
238,764,6
498,138,6
384,788,6
665,765,6
735,789,6
219,758,6
790,482,6
632,791,6
219,223,6
219,792,6
760,772,6
384,654,6
219,793,6
736,761,6
219,786,6
560,766,6
794,334,6
498,789,6
795,737,6
735,141,6
475,478,6
687,746,6
597,765,6
384,796,6
735,460,6
219,117,6
219,663,6
758,779,6
687,334,6
744,582,6
169,223,6
687,774,6
758,668,6
560,740,6
363,334,6
736,765,6
342,741,6
219,138,6
219,797,6
219,514,6
794,354,6
169,687,6
498,744,6
735,258,6
219,753,6
738,482,6
794,529,6
498,446,6
498,598,6
342,766,6
760,798,6
219,799,6
758,745,6
498,223,6
744,800,6
749,772,6
677,789,6
765,301,6
794,169,6
765,775,6
758,736,6
219,801,6
758,529,6
771,764,6
677,770,6
765,802,6
613,802,6
632,388,6
560,803,6
759,761,6
454,771,6
560,804,6
454,795,6
751,737,6
773,148,6
773,166,6
560,584,6
632,258,6
384,241,6
384,520,6
758,689,6
342,660,6
384,737,6
749,805,6
677,364,6
758,791,6
384,806,6
752,781,6
342,754,6
342,687,6
773,634,6
752,353,6
665,759,6
665,11,6
169,454,6
498,772,6
794,238,6
771,301,6
632,785,6
384,658,6
342,807,6
560,613,6
758,613,6
514,751,6
169,787,6
384,756,6
677,613,6
384,619,6
342,770,6
384,808,6
342,604,6
749,765,6
751,784,6
384,211,6
736,613,6
759,765,6
384,809,6
219,783,6
752,529,6
752,736,6
219,810,6
498,811,6
749,398,6
613,737,6
219,742,6
773,796,6
498,166,6
560,620,6
498,553,6
735,803,6
749,779,6
790,768,6
560,219,6
384,388,6
384,812,6
169,236,6
169,654,6
744,793,6
219,122,6
169,813,6
219,123,6
219,743,6
773,814,6
744,781,6
744,814,6
773,781,6
758,677,6
384,751,6
342,138,6
342,797,6
784,737,6
498,808,6
342,514,6
342,815,6
342,816,6
384,817,6
665,687,6
384,818,6
342,753,6
634,802,6
613,781,6
498,819,6
665,742,6
665,449,6
665,783,6
760,766,6
560,751,6
169,743,6
758,775,6
342,758,6
632,789,6
665,632,6
169,738,6
342,223,6
498,820,6
363,398,6
773,238,6
219,375,6
744,735,6
744,620,6
604,752,6
219,621,6
560,783,6
363,770,6
687,537,6
363,11,6
665,820,6
169,770,6
521,764,6
475,502,6
794,795,6
475,192,6
794,771,6
604,761,6
342,375,6
677,388,6
219,740,6
342,621,6
169,789,6
687,584,6
363,761,6
560,354,6
677,529,6
677,736,6
687,804,6
749,814,6
169,353,6
169,821,6
169,597,6
498,137,6
498,324,6
219,148,6
475,736,6
794,521,6
744,613,6
475,822,6
677,363,6
454,761,6
677,745,6
514,820,6
677,689,6
665,478,6
778,461,6
498,350,6
498,195,6
498,782,6
687,761,6
219,398,6
514,634,6
744,746,6
687,793,6
597,529,6
758,192,6
632,793,6
736,301,6
475,765,6
560,752,6
498,746,6
773,388,6
560,258,6
794,742,6
794,810,6
454,238,6
687,784,6
794,449,6
794,783,6
665,668,6
363,793,6
749,791,6
514,784,6
498,750,6
604,765,6
498,823,6
758,375,6
604,823,6
342,743,6
749,778,6
169,824,6
560,798,6
169,805,6
597,775,6
384,774,6
384,628,6
749,781,6
498,756,6
475,398,6
219,176,6
219,96,6
758,754,6
498,478,6
384,799,6
342,825,6
760,768,6
760,211,6
778,739,6
384,663,6
384,475,6
498,822,6
498,590,6
760,808,6
760,756,6
735,782,6
665,826,6
760,742,6
758,753,6
758,823,6
677,141,6
794,779,6
498,743,6
169,148,6
749,754,6
632,331,6
760,827,6
759,354,6
677,449,6
677,783,6
677,810,6
760,176,6
765,737,6
632,790,6
384,521,6
560,774,6
384,828,6
773,364,6
384,394,6
475,4,6
794,745,6
219,768,6
560,785,6
665,805,6
760,588,6
794,613,6
760,822,6
498,658,6
632,211,6
219,324,6
778,798,6
169,829,6
384,169,6
758,778,6
454,784,6
758,785,6
498,830,6
342,324,6
498,11,6
749,384,6
749,521,6
169,826,6
677,582,6
634,761,6
749,478,6
560,211,6
736,802,6
384,523,6
384,526,6
384,831,6
498,816,6
219,832,6
498,815,6
744,176,6
169,523,6
219,751,6
749,802,6
498,286,6
560,833,6
219,228,6
749,739,6
744,751,6
749,621,6
749,375,6
735,826,6
384,310,6
342,832,6
342,176,6
794,364,6
169,59,6
760,454,6
794,388,6
342,834,6
342,228,6
794,827,6
771,754,6
560,746,6
677,604,6
514,781,6
169,279,6
560,760,6
219,619,6
342,824,6
342,805,6
219,113,6
219,473,6
219,835,6
594,764,6
219,836,6
794,775,6
677,514,6
384,837,6
560,176,6
760,838,6
760,825,6
342,398,6
475,775,6
749,334,6
342,473,6
169,739,6
773,838,6
665,771,6
169,802,6
773,825,6
169,839,6
632,742,6
758,286,6
632,783,6
632,449,6
169,680,6
632,810,6
169,840,6
752,754,6
744,742,6
498,687,6
342,790,6
744,810,6
744,449,6
744,783,6
604,354,6
498,742,6
498,449,6
219,824,6
498,810,6
498,841,6
169,668,6
219,449,6
169,842,6
749,364,6
749,176,6
169,843,6
219,844,6
219,251,6
560,634,6
677,753,6
798,461,6
342,793,6
384,736,6
498,668,6
560,791,6
677,772,6
498,840,6
744,621,6
498,680,6
560,759,6
794,736,6
794,749,6
744,375,6
363,238,6
687,771,6
687,795,6
169,736,6
560,537,6
475,756,6
773,822,6
665,353,6
665,790,6
735,668,6
665,597,6
794,192,6
219,224,6
219,221,6
219,110,6
794,502,6
758,796,6
613,823,6
744,301,6
758,795,6
744,768,6
744,628,6
773,475,6
758,740,6
758,735,6
773,736,6
744,634,6
758,765,6
744,774,6
760,764,6
773,833,6
760,783,6
342,801,6
760,449,6
744,791,6
760,810,6
736,353,6
749,789,6
219,845,6
773,628,6
169,816,6
219,846,6
169,815,6
384,844,6
760,780,6
219,747,6
219,521,6
744,141,6
634,754,6
498,839,6
363,449,6
384,498,6
384,847,6
363,810,6
384,784,6
498,842,6
475,802,6
363,742,6
384,841,6
498,279,6
735,839,6
665,813,6
784,781,6
771,802,6
475,772,6
749,677,6
665,738,6
498,848,6
665,654,6
687,141,6
758,180,6
342,751,6
342,819,6
794,621,6
749,761,6
677,166,6
677,148,6
677,553,6
758,782,6
794,375,6
759,634,6
384,665,6
342,781,6
219,837,6
687,835,6
498,826,6
687,744,6
687,826,6
677,808,6
498,59,6
677,756,6
794,793,6
169,849,6
169,814,6
687,796,6
384,804,6
384,850,6
632,739,6
384,803,6
677,632,6
384,640,6
384,584,6
794,758,6
342,582,6
219,851,6
632,798,6
219,486,6
342,195,6
342,581,6
794,785,6
759,751,6
169,11,6
169,830,6
632,375,6
384,852,6
795,238,6
363,803,6
342,851,6
677,820,6
342,486,6
475,687,6
342,775,6
498,829,6
749,654,6
773,334,6
749,813,6
687,800,6
749,613,6
498,805,6
794,634,6
768,739,6
384,853,6
384,854,6
384,855,6
794,791,6
384,4,6
384,856,6
475,789,6
363,783,6
384,827,6
363,454,6
760,833,6
632,839,6
498,211,6
342,783,6
739,236,6
342,449,6
219,582,6
342,810,6
219,581,6
342,742,6
784,238,6
687,810,6
687,783,6
687,449,6
687,742,6
768,461,6
749,331,6
687,751,6
342,747,6
342,384,6
342,521,6
342,141,6
169,284,6
219,802,6
219,857,6
219,858,6
219,739,6
219,859,6
219,860,6
219,150,6
760,770,6
384,753,6
758,770,6
677,782,6
771,775,6
169,836,6
342,221,6
342,857,6
342,858,6
342,739,6
773,766,6
169,473,6
342,860,6
773,759,6
342,150,6
169,267,6
169,324,6
169,350,6
169,861,6
613,238,6
169,782,6
342,778,6
758,759,6
560,744,6
363,775,6
744,584,6
632,11,6
752,761,6
169,775,6
744,804,6
169,786,6
384,789,6
677,823,6
219,141,6
677,765,6
844,482,6
760,814,6
760,781,6
342,845,6
219,843,6
342,846,6
219,102,6
498,777,6
219,100,6
795,752,6
363,141,6
169,750,6
169,823,6
169,765,6
560,838,6
632,743,6
794,753,6
169,820,6
751,772,6
744,779,6
169,745,6
758,620,6
665,754,6
744,784,6
384,772,6
219,127,6
384,660,6
735,364,6
677,822,6
169,620,6
169,788,6
169,735,6
169,862,6
219,238,6
169,166,6
169,791,6
735,745,6
749,800,6
665,487,6
758,604,6
795,301,6
169,634,6
677,11,6
363,180,6
475,537,6
665,787,6
760,751,6
759,529,6
773,498,6
454,820,6
475,388,6
794,740,6
773,784,6
758,798,6
744,844,6
560,768,6
384,286,6
560,764,6
604,736,6
604,597,6
498,353,6
773,176,6
498,790,6
794,778,6
749,211,6
758,478,6
498,597,6
219,809,6
735,537,6
758,787,6
773,844,6
219,103,6
384,192,6
363,211,6
784,301,6
384,776,6
219,658,6
384,502,6
632,770,6
219,813,6
384,783,6
219,788,6
219,620,6
219,862,6
219,654,6
773,770,6
219,735,6
219,236,6
735,689,6
475,665,6
773,804,6
773,803,6
758,833,6
794,219,6
384,142,6
794,735,6
760,773,6
760,743,6
794,620,6
498,849,6
760,180,6
498,332,6
363,751,6
687,805,6
687,236,6
454,751,6
384,195,6
384,763,6
475,349,6
677,286,6
794,782,6
677,342,6
687,813,6
758,839,6
773,735,6
744,180,6
773,219,6
794,823,6
219,106,6
634,765,6
794,773,6
765,613,6
773,740,6
760,793,6
384,754,6
384,439,6
219,759,6
778,768,6
498,738,6
498,654,6
665,502,6
665,192,6
749,582,6
773,677,6
514,594,6
760,740,6
736,764,6
219,231,6
758,780,6
219,863,6
342,820,6
744,825,6
632,398,6
760,689,6
677,597,6
384,777,6
758,802,6
758,739,6
665,141,6
677,743,6
219,800,6
632,779,6
219,634,6
342,231,6
342,863,6
475,744,6
498,176,6
219,791,6
498,787,6
765,772,6
760,597,6
384,537,6
475,454,6
760,736,6
760,749,6
760,529,6
735,520,6
219,331,6
749,785,6
749,766,6
760,745,6
794,687,6
384,487,6
169,753,6
384,460,6
758,768,6
760,363,6
632,782,6
665,785,6
342,331,6
219,864,6
632,537,6
219,820,6
794,677,6
665,822,6
749,258,6
169,543,6
384,762,6
560,739,6
560,802,6
169,778,6
342,813,6
342,788,6
342,620,6
219,553,6
342,862,6
342,654,6
342,735,6
342,236,6
342,219,6
784,752,6
736,823,6
634,736,6
634,529,6
771,634,6
219,865,6
219,866,6
219,867,6
219,868,6
677,839,6
384,740,6
219,777,6
169,556,6
665,588,6
169,785,6
342,865,6
342,866,6
342,867,6
342,868,6
749,236,6
744,808,6
169,604,6
363,833,6
758,825,6
758,737,6
758,838,6
687,375,6
169,176,6
632,502,6
687,628,6
498,869,6
632,192,6
744,514,6
498,499,6
752,354,6
677,478,6
735,553,6
219,811,6
475,11,6
735,166,6
735,148,6
363,826,6
219,789,6
342,658,6
169,375,6
560,737,6
219,598,6
677,796,6
560,520,6
169,621,6
744,756,6
794,180,6
169,582,6
169,581,6
760,584,6
169,224,6
632,753,6
498,150,6
454,354,6
498,860,6
665,740,6
498,857,6
498,858,6
498,762,6
514,736,6
219,750,6
794,759,6
794,766,6
342,634,6
773,687,6
687,354,6
758,772,6
363,176,6
760,804,6
169,354,6
342,791,6
498,866,6
363,475,6
560,814,6
384,870,6
560,781,6
794,798,6
665,743,6
498,432,6
498,754,6
773,398,6
773,785,6
744,354,6
773,778,6
613,764,6
794,363,6
560,594,6
758,211,6
677,826,6
363,825,6
759,802,6
758,353,6
363,286,6
498,487,6
342,759,6
758,597,6
498,460,6
219,438,6
169,141,6
363,798,6
219,408,6
498,783,6
219,871,6
665,537,6
781,764,6
498,800,6
758,743,6
475,668,6
363,628,6
219,763,6
794,754,6
735,502,6
560,805,6
744,460,6
794,604,6
597,781,6
744,487,6
342,800,6
219,135,6
773,258,6
758,301,6
778,738,6
773,751,6
475,795,6
498,346,6
475,785,6
604,634,6
363,839,6
475,771,6
475,520,6
514,754,6
498,258,6
384,790,6
475,737,6
794,839,6
384,236,6
677,805,6
687,521,6
454,754,6
665,779,6
384,813,6
665,796,6
219,668,6
751,301,6
773,793,6
219,842,6
514,802,6
677,800,6
794,478,6
760,354,6
219,84,6
760,604,6
759,737,6
773,791,6
342,796,6
384,349,6
514,765,6
498,755,6
498,763,6
498,142,6
773,754,6
749,820,6
665,844,6
342,553,6
342,166,6
342,148,6
384,858,6
384,743,6
794,833,6
765,764,6
634,301,6
498,786,6
744,754,6
498,793,6
749,238,6
384,738,6
560,827,6
794,802,6
560,454,6
794,739,6
744,766,6
744,759,6
384,792,6
758,738,6
771,604,6
632,826,6
560,180,6
759,781,6
632,478,6
498,776,6
498,502,6
498,192,6
384,770,6
219,796,6
634,354,6
760,460,6
771,752,6
802,764,6
759,594,6
735,764,6
760,487,6
760,753,6
751,353,6
749,784,6
219,262,6
749,498,6
219,131,6
560,398,6
342,680,6
219,258,6
342,840,6
384,353,6
384,821,6
677,793,6
384,597,6
760,758,6
169,529,6
363,756,6
384,556,6
219,687,6
342,262,6
342,258,6
749,735,6
560,238,6
749,219,6
749,844,6
749,620,6
219,807,6
749,584,6
219,872,6
219,873,6
749,803,6
219,286,6
342,763,6
749,804,6
749,520,6
219,785,6
169,781,6
498,806,6
665,354,6
342,843,6
760,775,6
219,680,6
632,668,6
475,827,6
219,840,6
342,785,6
514,823,6
169,613,6
687,632,6
790,778,6
795,784,6
169,231,6
384,800,6
169,863,6
169,238,6
384,604,6
342,668,6
498,761,6
342,842,6
773,775,6
384,824,6
521,461,6
498,757,6
384,805,6
687,588,6
677,353,6
677,790,6
687,822,6
342,438,6
342,408,6
169,689,6
342,871,6
759,238,6
169,779,6
363,588,6
363,822,6
475,813,6
665,795,6
749,782,6
498,873,6
498,825,6
475,654,6
498,872,6
560,301,6
475,301,6
498,807,6
498,867,6
498,868,6
498,865,6
677,738,6
744,738,6
794,743,6
384,781,6
169,762,6
665,798,6
687,827,6
735,4,6
677,331,6
665,814,6
794,825,6
384,780,6
169,865,6
219,111,6
794,838,6
219,108,6
169,757,6
363,584,6
735,398,6
687,398,6
363,804,6
475,588,6
169,761,6
677,787,6
773,790,6
363,166,6
363,808,6
363,498,6
560,778,6
363,784,6
773,613,6
744,761,6
342,224,6
498,740,6
744,331,6
794,211,6
219,364,6
735,334,6
363,759,6
342,241,6
677,813,6
363,594,6
363,766,6
677,236,6
169,868,6
169,867,6
169,866,6
677,654,6
749,166,6
749,148,6
363,148,6
735,808,6
735,770,6
498,665,6
363,740,6
749,826,6
560,334,6
749,553,6
735,756,6
219,803,6
219,850,6
687,756,6
384,829,6
687,808,6
384,874,6
342,859,6
752,597,6
169,800,6
665,236,6
219,105,6
363,844,6
735,349,6
735,11,6
773,331,6
744,597,6
384,826,6
758,746,6
219,804,6
744,353,6
771,597,6
735,588,6
771,613,6
498,832,6
677,752,6
604,301,6
771,353,6
498,439,6
498,228,6
735,822,6
735,582,6
498,852,6
498,537,6
768,482,6
665,375,6
219,584,6
560,148,6
665,621,6
219,640,6
794,353,6
219,82,6
384,869,6
634,353,6
735,827,6
794,597,6
758,487,6
773,211,6
735,785,6
384,279,6
758,514,6
744,743,6
760,782,6
758,766,6
498,784,6
758,141,6
744,192,6
794,584,6
498,847,6
665,628,6
677,795,6
342,286,6
677,771,6
498,779,6
735,743,6
751,802,6
384,744,6
384,739,6
219,537,6
384,802,6
342,802,6
384,839,6
632,745,6
794,738,6
384,680,6
384,840,6
219,875,6
363,772,6
475,238,6
794,790,6
219,112,6
771,529,6
744,803,6
771,736,6
353,764,6
735,286,6
687,4,6
760,765,6
751,754,6
384,668,6
760,823,6
384,842,6
363,771,6
632,689,6
665,774,6
665,286,6
604,754,6
384,478,6
687,487,6
749,475,6
760,398,6
758,166,6
758,148,6
342,364,6
169,521,6
384,758,6
384,223,6
760,779,6
169,747,6
169,795,6
758,793,6
736,775,6
363,632,6
773,742,6
749,628,6
773,783,6
773,449,6
687,789,6
773,810,6
219,817,6
169,793,6
632,176,6
687,460,6
219,784,6
744,771,6
219,847,6
219,498,6
665,634,6
384,581,6
761,764,6
632,588,6
363,774,6
632,822,6
560,384,6
749,746,6
665,791,6
744,780,6
749,790,6
342,784,6
739,461,6
342,847,6
342,498,6
169,873,6
169,872,6
169,807,6
758,774,6
749,668,6
498,834,6
169,797,6
169,138,6
342,665,6
169,796,6
342,844,6
169,876,6
169,825,6
752,764,6
169,398,6
384,815,6
665,751,6
736,754,6
677,487,6
677,460,6
342,803,6
219,877,6
342,850,6
219,79,6
342,804,6
169,742,6
169,449,6
169,783,6
342,584,6
342,640,6
560,775,6
219,806,6
342,878,6
342,812,6
342,388,6
169,879,6
475,774,6
795,751,6
169,835,6
342,852,6
342,537,6
744,772,6
219,665,6
749,192,6
665,211,6
560,780,6
475,800,6
169,648,6
169,486,6
169,851,6
749,823,6
560,4,6
677,502,6
735,798,6
677,192,6
798,739,6
363,169,6
169,346,6
773,802,6
773,739,6
454,775,6
219,878,6
475,258,6
498,523,6
219,388,6
498,831,6
795,754,6
363,768,6
169,857,6
363,764,6
384,59,6
169,767,6
169,150,6
169,860,6
169,859,6
687,514,6
749,286,6
342,826,6
758,4,6
773,621,6
773,375,6
760,634,6
665,803,6
384,11,6
219,828,6
384,830,6
665,804,6
665,584,6
560,349,6
219,568,6
454,772,6
219,741,6
219,569,6
363,502,6
219,59,6
758,349,6
632,800,6
454,604,6
744,478,6
363,301,6
784,754,6
687,772,6
677,754,6
773,839,6
758,460,6
687,604,6
773,384,6
773,521,6
498,880,6
665,613,6
744,753,6
758,176,6
687,753,6
794,460,6
794,487,6
169,746,6
219,133,6
219,628,6
169,881,6
749,737,6
498,774,6
773,798,6
749,839,6
604,802,6
760,754,6
758,804,6
759,775,6
758,803,6
760,839,6
758,584,6
687,754,6
342,877,6
498,799,6
384,878,6
749,141,6
759,823,6
498,663,6
342,817,6
498,375,6
384,364,6
665,620,6
665,735,6
498,621,6
384,836,6
219,169,6
765,354,6
169,801,6
384,473,6
219,880,6
744,770,6
758,665,6
384,350,6
560,772,6
384,782,6
758,498,6
758,784,6
751,775,6
632,487,6
632,460,6
384,775,6
498,628,6
778,844,6
795,775,6
384,786,6
384,793,6
760,384,6
665,808,6
677,761,6
794,514,6
677,560,6
760,478,6
773,604,6
632,141,6
384,879,6
749,736,6
677,740,6
760,802,6
384,823,6
560,689,6
384,766,6
384,765,6
760,621,6
749,4,6
219,334,6
760,375,6
384,820,6
219,818,6
384,745,6
514,775,6
169,818,6
475,791,6
759,301,6
342,881,6
794,780,6
384,620,6
342,334,6
384,735,6
384,862,6
384,219,6
760,826,6
342,818,6
219,475,6
342,568,6
384,791,6
665,460,6
749,537,6
342,569,6
794,760,6
342,59,6
665,768,6
687,790,6
384,634,6
744,790,6
665,764,6
384,463,6
604,781,6
560,529,6
560,736,6
560,749,6
342,475,6
342,663,6
342,872,6
342,873,6
342,799,6
760,790,6
687,778,6
219,762,6
749,738,6
751,823,6
560,745,6
751,765,6
498,619,6
169,759,6
342,628,6
169,766,6
498,634,6
687,780,6
384,811,6
765,529,6
749,771,6
475,628,6
749,795,6
498,791,6
758,781,6
735,487,6
758,814,6
677,665,6
773,823,6
342,301,6
169,832,6
677,775,6
342,828,6
498,769,6
169,228,6
169,834,6
169,882,6
219,771,6
735,778,6
677,779,6
219,852,6
342,169,6
613,775,6
169,883,6
169,875,6
219,744,6
342,880,6
498,751,6
687,388,6
219,520,6
169,819,6
384,141,6
169,884,6
677,537,6
749,793,6
677,844,6
363,364,6
687,745,6
363,537,6
735,211,6
498,632,6
363,738,6
363,388,6
169,332,6
219,855,6
219,854,6
219,853,6
219,870,6
219,856,6
219,4,6
384,326,6
498,809,6
169,780,6
744,822,6
677,784,6
677,498,6
749,835,6
749,774,6
749,744,6
735,180,6
773,11,6
773,779,6
760,789,6
219,834,6
363,349,6
794,349,6
759,736,6
219,439,6
169,769,6
363,787,6
758,520,6
514,787,6
475,620,6
744,765,6
794,772,6
744,823,6
760,759,6
454,529,6
475,735,6
454,736,6
475,784,6
771,823,6
773,743,6
475,498,6
771,765,6
758,764,6
794,176,6
773,782,6
498,850,6
498,803,6
773,537,6
498,804,6
687,529,6
498,584,6
687,736,6
687,349,6
363,813,6
363,236,6
219,787,6
363,654,6
604,353,6
475,803,6
794,4,6
760,761,6
475,804,6
773,665,6
744,211,6
475,584,6
773,761,6
384,778,6
498,844,6
687,238,6
795,771,6
687,740,6
665,833,6
735,753,6
765,761,6
744,796,6
794,301,6
219,454,6
384,785,6
363,754,6
758,475,6
758,632,6
363,746,6
384,176,6
665,258,6
169,811,6
219,884,6
219,885,6
687,364,6
498,788,6
498,620,6
498,735,6
498,862,6
529,764,6
560,514,6
760,654,6
794,804,6
498,640,6
760,236,6
794,803,6
677,354,6
760,813,6
632,805,6
760,613,6
384,375,6
169,886,6
560,790,6
677,798,6
384,621,6
219,882,6
454,781,6
219,93,6
758,751,6
384,582,6
844,739,6
384,221,6
384,224,6
342,349,6
384,843,6
758,742,6
342,792,6
342,882,6
751,604,6
749,502,6
760,331,6
794,498,6
794,784,6
219,107,6
342,439,6
219,738,6
687,286,6
219,109,6
665,594,6
384,354,6
749,169,6
744,778,6
219,746,6
560,753,6
758,800,6
758,553,6
384,838,6
342,738,6
665,766,6
665,835,6
844,461,6
773,584,6
498,354,6
795,802,6
736,529,6
560,758,6
342,837,6
342,855,6
342,854,6
342,853,6
342,870,6
342,856,6
342,4,6
219,887,6
169,846,6
169,845,6
219,632,6
498,768,6
632,835,6
342,787,6
498,764,6
794,781,6
219,241,6
632,334,6
219,737,6
632,756,6
219,99,6
749,796,6
219,666,6
219,121,6
632,808,6
597,761,6
735,766,6
219,774,6
169,262,6
735,759,6
219,815,6
475,838,6
751,354,6
169,258,6
677,375,6
219,816,6
169,334,6
560,770,6
560,735,6
342,827,6
169,833,6
677,621,6
514,761,6
735,796,6
219,116,6
758,810,6
665,744,6
687,478,6
384,825,6
677,169,6
169,474,6
169,297,6
677,628,6
687,833,6
760,800,6
795,604,6
795,781,6
363,739,6
169,848,6
363,802,6
687,176,6
498,226,6
677,746,6
219,827,6
744,839,6
687,839,6
498,331,6
677,475,6
773,502,6
773,192,6
475,621,6
773,478,6
794,814,6
794,737,6
794,520,6
219,124,6
759,772,6
794,746,6
498,411,6
169,526,6
744,604,6
778,482,6
560,364,6
454,737,6
169,660,6
498,569,6
759,613,6
665,238,6
773,180,6
665,176,6
665,180,6
758,594,6
363,331,6
604,737,6
773,753,6
752,613,6
665,454,6
498,394,6
687,654,6
384,529,6
744,521,6
597,736,6
758,756,6
758,808,6
219,192,6
219,502,6
560,796,6
219,776,6
744,798,6
475,514,6
749,742,6
677,760,6
758,844,6
498,877,6
773,758,6
758,744,6
784,802,6
794,342,6
771,354,6
498,875,6
475,354,6
677,759,6
384,814,6
749,349,6
169,498,6
760,342,6
498,785,6
342,774,6
498,556,6
758,805,6
773,668,6
560,825,6
384,632,6
749,301,6
219,132,6
751,613,6
765,781,6
760,582,6
794,765,6
342,746,6
773,771,6
794,774,6
794,764,6
498,771,6
794,768,6
384,231,6
677,751,6
773,795,6
384,863,6
665,793,6
752,634,6
384,238,6
560,789,6
820,764,6
677,774,6
758,238,6
498,833,6
498,886,6
749,745,6
794,384,6
773,620,6
342,632,6
169,853,6
677,634,6
760,594,6
560,782,6
384,689,6
219,104,6
219,778,6
384,543,6
677,791,6
384,779,6
560,822,6
749,388,6
760,785,6
677,211,6
514,354,6
384,398,6
560,521,6
758,334,6
604,772,6
778,236,6
514,771,6
738,461,6
342,806,6
342,789,6
749,11,6
760,258,6
169,211,6
342,226,6
744,775,6
560,823,6
749,665,6
560,765,6
219,142,6
219,101,6
342,769,6
342,768,6
219,128,6
794,632,6
342,764,6
384,761,6
475,582,6
773,632,6
744,286,6
342,142,6
665,838,6
632,454,6
665,825,6
475,746,6
665,301,6
794,553,6
498,813,6
560,363,6
794,148,6
384,868,6
384,867,6
384,866,6
384,865,6
744,737,6
498,594,6
498,566,6
342,192,6
773,826,6
342,502,6
744,520,6
384,553,6
342,776,6
560,11,6
498,766,6
498,236,6
498,759,6
219,769,6
773,800,6
735,825,6
475,375,6
219,764,6
634,772,6
735,838,6
632,520,6
169,331,6
687,553,6
687,148,6
687,166,6
475,334,6
751,761,6
342,310,6
169,446,6
169,326,6
751,529,6
751,736,6
632,654,6
632,236,6
632,813,6
665,334,6
169,598,6
169,181,6
677,803,6
794,787,6
677,804,6
169,748,6
342,835,6
384,499,6
342,744,6
169,137,6
363,665,6
475,805,6
363,4,6
677,620,6
677,735,6
363,827,6
475,835,6
677,219,6
795,761,6
169,822,6
169,590,6
498,835,6
687,775,6
169,588,6
169,514,6
219,310,6
498,888,6
744,689,6
498,326,6
613,761,6
498,836,6
687,782,6
744,782,6
560,141,6
735,804,6
773,765,6
687,613,6
475,779,6
560,582,6
735,584,6
758,582,6
597,823,6
798,482,6
560,742,6
560,449,6
219,849,6
219,120,6
560,810,6
219,881,6
219,332,6
784,761,6
169,838,6
735,844,6
758,502,6
301,764,6
773,689,6
384,801,6
498,748,6
744,364,6
687,781,6
744,388,6
823,764,6
687,814,6
735,740,6
758,236,6
169,566,6
169,594,6
169,499,6
749,632,6
665,582,6
665,739,6
773,749,6
560,604,6
773,529,6
665,802,6
498,181,6
384,816,6
687,180,6
794,756,6
794,808,6
219,126,6
384,747,6
773,738,6
219,830,6
597,772,6
219,11,6
794,844,6
744,594,6
219,841,6
219,883,6
773,745,6
758,628,6
744,740,6
735,790,6
687,743,6
677,838,6
773,588,6
760,805,6
771,761,6
794,805,6
454,823,6
744,838,6
498,180,6
454,765,6
498,473,6
687,211,6
498,454,6
514,353,6
735,738,6
514,597,6
760,820,6
363,814,6
665,839,6
384,873,6
363,737,6
384,807,6
760,238,6
363,520,6
677,835,6
794,594,6
384,797,6
384,138,6
384,514,6
749,798,6
632,827,6
498,883,6
384,876,6
498,741,6
363,634,6
363,791,6
219,772,6
363,800,6
677,768,6
560,839,6
384,742,6
384,449,6
475,761,6
342,238,6
384,810,6
169,286,6
665,780,6
760,784,6
760,498,6
219,326,6
560,794,6
219,446,6
219,888,6
687,520,6
760,364,6
498,765,6
384,835,6
454,301,6
687,737,6
758,827,6
384,798,6
342,771,6
363,687,6
632,774,6
342,326,6
498,828,6
342,446,6
342,888,6
560,478,6
760,735,6
760,219,6
760,844,6
384,486,6
760,620,6
384,851,6
219,756,6
342,499,6
342,594,6
760,803,6
759,604,6
560,826,6
219,808,6
744,553,6
665,737,6
384,346,6
665,520,6
744,148,6
744,166,6
342,756,6
677,176,6
342,619,6
169,877,6
342,808,6
560,668,6
384,857,6
363,781,6
758,521,6
384,150,6
384,860,6
384,859,6
794,286,6
784,775,6
342,830,6
342,11,6
687,844,6
758,826,6
342,883,6
665,4,6
632,4,6
475,331,6
687,677,6
760,353,6
498,838,6
498,876,6
219,499,6
219,594,6
384,884,6
498,301,6
665,781,6
773,553,6
342,520,6
773,454,6
687,301,6
342,737,6
342,849,6
475,781,6
475,814,6
342,332,6
342,353,6
560,166,6
342,821,6
560,553,6
342,597,6
665,331,6
342,454,6
632,286,6
342,354,6
498,660,6
219,114,6
665,604,6
790,461,6
169,771,6
749,759,6
632,349,6
665,349,6
169,438,6
219,98,6
169,411,6
735,814,6
169,408,6
752,737,6
169,871,6
363,460,6
560,738,6
758,364,6
744,833,6
560,632,6
758,388,6
498,770,6
363,785,6
363,487,6
169,569,6
169,741,6
498,818,6
169,568,6
665,810,6
744,835,6
363,668,6
498,334,6
498,881,6
219,353,6
219,821,6
219,597,6
677,785,6
604,764,6
169,226,6
760,166,6
760,148,6
758,820,6
744,502,6
773,487,6
342,876,6
773,460,6
632,746,6
687,739,6
687,802,6
677,766,6
760,553,6
342,838,6
219,80,6
219,346,6
735,628,6
169,740,6
498,474,6
342,478,6
735,833,6
560,808,6
219,790,6
169,768,6
560,756,6
677,833,6
169,764,6
498,438,6
498,871,6
219,826,6
498,408,6
665,827,6
384,301,6
363,604,6
795,736,6
363,753,6
219,829,6
794,628,6
475,141,6
219,134,6
219,874,6
363,773,6
560,820,6
794,582,6
687,825,6
687,838,6
475,793,6
760,141,6
604,238,6
498,739,6
560,835,6
498,802,6
773,789,6
665,398,6
169,869,6
384,454,6
363,778,6
771,238,6
498,224,6
790,236,6
771,737,6
758,835,6
773,141,6
758,588,6
632,780,6
632,766,6
475,833,6
498,588,6
758,822,6
475,780,6
677,814,6
384,759,6
760,774,6
677,781,6
760,334,6
363,796,6
749,808,6
749,756,6
169,870,6
634,737,6
735,810,6
735,783,6
735,388,6
735,449,6
677,594,6
735,742,6
758,790,6
758,813,6
384,832,6
677,737,6
773,354,6
758,654,6
677,520,6
384,228,6
384,834,6
384,882,6
749,827,6
794,751,6
760,475,6
219,831,6
219,526,6
219,523,6
219,798,6
169,553,6
632,514,6
760,791,6
758,331,6
384,883,6
384,875,6
354,764,6
560,773,6
342,811,6
169,790,6
560,743,6
342,831,6
342,526,6
342,523,6
342,798,6
498,824,6
219,166,6
384,819,6
560,353,6
760,628,6
794,796,6
751,238,6
560,597,6
498,780,6
363,790,6
560,813,6
749,588,6
760,301,6
794,800,6
749,822,6
560,236,6
560,654,6
342,598,6
475,823,6
219,474,6
384,332,6
760,746,6
384,849,6
521,482,6
758,454,6
454,802,6
794,770,6
597,754,6
759,820,6
342,474,6
760,668,6
342,829,6
475,751,6
758,687,6
219,812,6
342,874,6
498,798,6
795,765,6
795,823,6
498,737,6
219,869,6
498,526,6
498,520,6
498,241,6
560,787,6
219,354,6
219,119,6
749,454,6
794,689,6
665,778,6
169,858,6
687,634,6
687,791,6
342,346,6
744,454,6
342,487,6
687,735,6
687,620,6
342,460,6
752,238,6
514,772,6
498,4,6
169,520,6
498,870,6
498,856,6
498,854,6
498,853,6
744,398,6
498,855,6
169,737,6
632,148,6
749,687,6
784,765,6
687,353,6
784,823,6
219,805,6
773,772,6
737,764,6
498,814,6
687,597,6
749,838,6
749,825,6
739,482,6
169,658,6
363,597,6
475,810,6
454,752,6
363,353,6
744,789,6
475,449,6
498,882,6
687,454,6
219,92,6
169,756,6
498,792,6
169,619,6
219,460,6
677,180,6
790,738,6
784,529,6
498,349,6
744,537,6
759,353,6
760,687,6
560,286,6
759,597,6
760,286,6
744,787,6
560,687,6
758,789,6
219,822,6
363,689,6
219,590,6
169,878,6
169,364,6
219,588,6
632,796,6
169,812,6
363,735,6
744,4,6
219,115,6
363,219,6
765,353,6
760,778,6
363,620,6
744,827,6
454,594,6
169,751,6
169,841,6
169,817,6
744,654,6
454,634,6
744,236,6
752,802,6
744,813,6
735,835,6
759,787,6
363,529,6
363,749,6
363,736,6
735,779,6
760,737,6
794,820,6
363,820,6
773,597,6
687,759,6
760,520,6
687,766,6
744,349,6
773,353,6
744,238,6
749,768,6
454,353,6
773,820,6
363,192,6
749,783,6
454,597,6
749,449,6
169,307,6
749,810,6
749,634,6
498,827,6
787,764,6
794,744,6
794,835,6
169,241,6
794,588,6
784,634,6
687,11,6
794,822,6
773,805,6
632,553,6
771,781,6
751,781,6
219,180,6
632,738,6
169,810,6
498,837,6
384,846,6
384,845,6
219,95,6
677,778,6
773,756,6
752,301,6
790,739,6
749,780,6
773,808,6
677,825,6
665,521,6
632,166,6
384,262,6
773,594,6
384,258,6
475,353,6
219,211,6
384,334,6
475,211,6
384,881,6
794,331,6
384,886,6
384,833,6
758,258,6
760,4,6
169,806,6
752,775,6
342,211,6
342,809,6
498,753,6
760,787,6
560,487,6
384,474,6
773,744,6
735,791,6
560,460,6
773,835,6
760,537,6
219,226,6
384,687,6
498,398,6
384,848,6
665,775,6
219,87,6
498,781,6
771,751,6
219,819,6
169,774,6
169,628,6
665,800,6
677,238,6
560,793,6
384,880,6
735,192,6
342,884,6
760,738,6
677,334,6
665,364,6
169,799,6
632,364,6
219,181,6
169,663,6
169,475,6
560,502,6
514,301,6
560,192,6
749,833,6
735,780,6
760,771,6
760,795,6
219,130,6
342,181,6
773,169,6
342,822,6
736,772,6
498,388,6
498,568,6
342,590,6
342,588,6
342,782,6
342,350,6
560,800,6
169,792,6
342,180,6
749,770,6
219,766,6
363,553,6
498,778,6
794,475,6
169,828,6
795,772,6
169,394,6
342,875,6
384,432,6
687,621,6
760,796,6
795,354,6
219,770,6
363,478,6
219,129,6
219,91,6
219,879,6
475,634,6
219,765,6
498,231,6
169,880,6
219,823,6
363,758,6
744,826,6
773,301,6
687,785,6
219,782,6
632,628,6
677,739,6
219,350,6
677,802,6
687,258,6
342,879,6
342,765,6
169,798,6
342,823,6
342,750,6
169,831,6
760,835,6
760,744,6
384,757,6
632,838,6
632,825,6
169,221,6
219,848,6
219,637,6
169,310,6
794,813,6
498,486,6
498,851,6
475,796,6
597,737,6
498,648,6
794,654,6
773,787,6
219,736,6
219,660,6
794,236,6
632,768,6
744,802,6
744,739,6
597,802,6
342,772,6
475,764,6
219,529,6
498,845,6
758,761,6
632,764,6
735,768,6
498,846,6
687,764,6
665,388,6
363,521,6
498,859,6
735,478,6
363,384,6
363,342,6
363,514,6
219,833,6
219,886,6
735,621,6
363,744,6
735,793,6
363,621,6
744,334,6
758,11,6
363,375,6
735,375,6
169,777,6
735,746,6
475,487,6
363,835,6
794,789,6
735,514,6
475,460,6
784,736,6
169,808,6
475,839,6
773,582,6
665,745,6
498,310,6
735,739,6
794,454,6
665,689,6
794,668,6
498,767,6
475,768,6
773,342,6
752,772,6
687,192,6
687,502,6
613,301,6
514,752,6
665,761,6
169,349,6
677,454,6
794,141,6
475,604,6
749,743,6
758,398,6
342,841,6
498,221,6
634,823,6
749,180,6
169,874,6
169,809,6
665,529,6
665,736,6
560,342,6
790,844,6
758,537,6
384,331,6
384,180,6
773,768,6
773,764,6
749,594,6
384,888,6
384,446,6
219,44,6
794,258,6
784,772,6
475,798,6
219,432,6
677,349,6
665,746,6
498,689,6
773,737,6
384,598,6
735,774,6
498,521,6
342,432,6
384,181,6
773,520,6
677,4,6
765,238,6
760,192,6
752,823,6
760,502,6
752,765,6
560,665,6
384,137,6
749,740,6
169,301,6
560,784,6
760,169,6
749,689,6
677,255,6
560,498,6
498,801,6
475,825,6
384,822,6
384,590,6
632,833,6
560,779,6
794,166,6
384,588,6
169,844,6
475,826,6
749,597,6
342,463,6
749,353,6
749,529,6
219,125,6
169,847,6
169,784,6
169,575,6
795,353,6
219,279,6
560,844,6
498,775,6
498,463,6
772,764,6
498,817,6
498,797,6
749,751,6
342,279,6
597,764,6
169,388,6
342,848,6
384,566,6
384,594,6
342,869,6
498,364,6
169,632,6
169,665,6
498,884,6
384,148,6
384,166,6
560,331,6
342,839,6
784,597,6
604,775,6
784,353,6
219,876,6
219,838,6
219,825,6
560,588,6
169,804,6
169,850,6
169,803,6
794,826,6
169,640,6
169,584,6
342,833,6
342,886,6
363,823,6
687,779,6
219,463,6
363,765,6
169,439,6
384,324,6
498,148,6
219,478,6
560,388,6
795,820,6
363,745,6
169,852,6
169,537,6
749,604,6
677,780,6
632,844,6
219,839,6
363,782,6
677,827,6
363,780,6
790,798,6
665,514,6
735,805,6
759,784,6
169,854,6
169,855,6
169,837,6
632,759,6
169,4,6
169,856,6
475,740,6
363,838,6
634,781,6
169,827,6
665,823,6
765,823,6
758,621,6
498,874,6
498,863,6
498,821,6
475,180,6
632,180,6
665,789,6
475,286,6
677,398,6
560,795,6
498,879,6
560,771,6
475,176,6
498,796,6
773,654,6
773,236,6
735,331,6
475,783,6
475,742,6
773,813,6
475,754,6
219,767,6
384,872,6
219,745,6
794,11,6
735,800,6
736,781,6
169,463,6
363,779,6
735,236,6
735,654,6
498,843,6
475,597,6
773,827,6
735,813,6
744,11,6
475,782,6
744,820,6
760,349,6
169,180,6
498,812,6
735,176,6
498,878,6
363,789,6
560,754,6
687,787,6
634,775,6
384,748,6
384,877,6
744,805,6
475,745,6
342,836,6
794,761,6
735,620,6
758,354,6
169,888,6
773,4,6
363,805,6
735,454,6
475,808,6
498,736,6
754,764,6
498,745,6
759,752,6
775,764,6
771,784,6
498,543,6
794,537,6
665,753,6
758,169,6
169,772,6
665,772,6
760,521,6
169,744,6
384,787,6
634,764,6
749,354,6
632,584,6
560,169,6
760,388,6
634,238,6
773,286,6
632,804,6
632,803,6
744,677,6
773,349,6
759,771,6
794,398,6
342,740,6
384,771,6
498,529,6
760,11,6
760,665,6
384,438,6
384,411,6
475,364,6
759,795,6
384,408,6
794,665,6
384,871,6
889,890,7
889,891,7
889,892,7
893,894,7
889,179,7
889,895,7
889,896,7
889,897,7
889,898,7
889,207,7
889,899,7
889,900,7
889,901,7
889,902,7
889,903,7
889,562,7
889,904,7
889,905,7
889,906,7
889,907,7
889,908,7
674,413,8
674,438,8
674,909,8
39,540,8
674,336,8
674,371,8
674,358,8
674,910,8
685,526,8
674,911,8
685,912,8
674,913,8
674,276,8
674,914,8
674,274,8
685,473,8
674,540,8
674,377,8
674,493,8
674,915,8
674,916,8
674,917,8
674,63,8
674,347,8
685,569,8
674,918,8
685,555,8
31,540,8
685,919,8
674,36,8
674,920,8
674,921,8
674,922,8
674,611,8
674,317,8
674,923,8
674,181,8
674,924,8
674,925,8
674,200,8
674,486,8
674,294,8
674,585,8
674,499,8
674,926,8
674,927,8
685,297,8
674,478,8
674,861,8
685,474,8
674,41,8
674,465,8
674,681,8
674,928,8
685,664,8
575,320,8
674,929,8
674,930,8
685,533,8
674,529,8
674,931,8
674,208,8
674,932,8
42,540,8
674,933,8
674,393,8
674,643,8
674,392,8
685,874,8
674,586,8
674,214,8
674,934,8
674,494,8
674,935,8
674,936,8
674,937,8
685,252,8
938,939,8
674,940,8
52,540,8
674,941,8
674,354,8
674,541,8
674,942,8
674,943,8
674,944,8
674,945,8
685,514,8
674,359,8
674,653,8
674,946,8
685,947,8
674,948,8
674,949,8
674,950,8
685,951,8
34,540,8
674,952,8
674,184,8
685,953,8
674,159,8
674,84,8
674,231,8
674,593,8
674,145,8
674,289,8
674,954,8
674,955,8
674,956,8
674,202,8
674,957,8
674,958,8
55,540,8
674,959,8
674,280,8
674,565,8
674,960,8
674,510,8
674,961,8
674,221,8
674,224,8
56,540,8
685,769,8
674,962,8
674,963,8
674,480,8
674,964,8
674,579,8
674,965,8
63,540,8
674,240,8
674,171,8
53,540,8
674,477,8
674,966,8
674,522,8
685,626,8
674,967,8
58,540,8
674,968,8
685,969,8
674,175,8
674,259,8
674,205,8
674,970,8
674,18,8
75,540,8
71,540,8
674,583,8
674,971,8
674,163,8
674,972,8
674,419,8
23,540,8
674,254,8
674,195,8
66,540,8
674,973,8
674,974,8
674,260,8
674,262,8
674,229,8
674,975,8
674,316,8
674,250,8
674,976,8
674,977,8
674,978,8
674,979,8
674,397,8
674,980,8
674,981,8
674,469,8
674,982,8
674,165,8
674,380,8
674,196,8
674,983,8
674,984,8
674,257,8
674,985,8
685,423,8
674,986,8
674,310,8
674,987,8
674,988,8
674,989,8
674,990,8
685,671,8
674,30,8
674,991,8
674,455,8
674,679,8
674,992,8
674,993,8
674,312,8
674,994,8
674,401,8
674,995,8
674,270,8
674,204,8
674,996,8
674,997,8
685,998,8
674,298,8
674,999,8
674,197,8
674,273,8
674,515,8
674,1000,8
674,453,8
674,33,8
674,1001,8
674,724,8
674,1002,8
674,199,8
674,1003,8
674,595,8
674,1004,8
674,281,8
674,636,8
685,326,8
674,1005,8
674,288,8
674,151,8
674,1006,8
674,279,8
674,1007,8
674,542,8
674,1008,8
674,1009,8
674,1010,8
674,245,8
685,1011,8
674,1012,8
674,51,8
674,1013,8
685,693,8
674,485,8
685,481,8
674,1014,8
674,187,8
674,1015,8
674,327,8
674,525,8
569,1016,9
671,818,9
500,521,9
326,626,9
589,953,9
326,969,9
297,481,9
575,23,9
951,23,9
523,849,9
297,738,9
481,31,9
426,39,9
523,693,9
555,879,9
664,849,9
284,193,9
533,671,9
951,1017,9
947,798,9
555,193,9
575,63,9
671,545,9
474,877,9
569,841,9
693,1017,9
1018,533,9
1018,473,9
523,878,9
252,879,9
284,481,9
1018,1011,9
481,790,9
1018,423,9
297,500,9
664,738,9
326,23,9
664,878,9
326,56,9
1019,63,9
426,71,9
426,52,9
1019,947,9
1018,284,9
426,66,9
297,806,9
575,776,9
640,693,9
1018,830,9
998,757,9
874,556,9
555,811,9
555,884,9
533,473,9
640,739,9
473,693,9
426,768,9
252,55,9
481,882,9
252,324,9
953,790,9
874,840,9
640,882,9
1019,1011,9
951,34,9
473,42,9
423,31,9
481,778,9
575,969,9
533,481,9
555,882,9
874,1020,9
569,346,9
1019,42,9
664,882,9
481,852,9
326,790,9
953,849,9
640,884,9
953,332,9
1019,849,9
326,840,9
252,1021,9
526,1016,9
500,589,9
569,1022,9
953,31,9
473,882,9
473,283,9
526,882,9
575,1021,9
769,1023,9
326,1020,9
284,798,9
589,332,9
953,236,9
874,671,9
1018,555,9
326,346,9
664,817,9
423,63,9
664,463,9
671,31,9
569,1011,9
874,75,9
423,75,9
526,248,9
526,884,9
247,798,9
326,193,9
474,882,9
664,71,9
664,52,9
526,811,9
589,951,9
1018,806,9
474,481,9
500,75,9
473,504,9
297,226,9
500,849,9
500,332,9
514,394,9
874,850,9
514,828,9
874,640,9
423,671,9
1024,640,9
526,1021,9
247,806,9
500,778,9
426,862,9
500,63,9
284,912,9
474,473,9
284,66,9
326,1022,9
284,52,9
423,626,9
423,969,9
514,818,9
569,53,9
874,844,9
874,1023,9
671,879,9
1024,575,9
769,566,9
671,882,9
953,762,9
423,556,9
297,769,9
523,790,9
526,879,9
297,919,9
951,55,9
792,139,9
1018,1020,9
792,1025,9
423,840,9
874,1026,9
874,1027,9
874,852,9
481,776,9
953,39,9
671,884,9
664,877,9
1018,840,9
423,1020,9
769,841,9
769,619,9
951,63,9
769,576,9
326,1028,9
481,762,9
326,1029,9
474,769,9
426,884,9
533,1020,9
474,1021,9
671,1021,9
569,589,9
792,719,9
326,55,9
523,953,9
569,618,9
326,324,9
481,806,9
526,42,9
1030,423,9
247,862,9
252,34,9
640,778,9
874,817,9
874,575,9
874,463,9
874,576,9
589,757,9
473,911,9
252,23,9
589,776,9
998,34,9
473,778,9
500,23,9
500,56,9
664,394,9
481,39,9
664,828,9
1018,23,9
575,53,9
473,818,9
792,555,9
423,776,9
569,42,9
998,411,9
297,830,9
555,818,9
569,849,9
473,1016,9
473,1031,9
533,569,9
1019,768,9
1019,769,9
1019,919,9
664,818,9
874,877,9
951,738,9
1030,533,9
326,1026,9
953,776,9
874,1032,9
533,769,9
874,806,9
555,778,9
874,1033,9
589,71,9
252,817,9
569,619,9
500,790,9
326,1025,9
297,1028,9
500,840,9
523,56,9
1018,671,9
474,1025,9
947,556,9
526,521,9
569,545,9
326,671,9
874,878,9
474,626,9
589,863,9
297,1026,9
426,53,9
569,519,9
284,1021,9
575,56,9
247,757,9
874,394,9
426,739,9
874,828,9
514,850,9
474,53,9
474,912,9
1018,790,9
526,778,9
1018,969,9
526,731,9
474,514,9
1018,626,9
284,849,9
423,806,9
589,879,9
297,1032,9
526,1017,9
953,66,9
474,739,9
953,52,9
953,71,9
326,423,9
473,738,9
326,1011,9
297,1033,9
951,828,9
284,738,9
474,555,9
474,768,9
474,919,9
1024,297,9
1024,474,9
555,545,9
297,849,9
951,790,9
284,882,9
326,830,9
297,42,9
473,521,9
951,411,9
575,912,9
671,58,9
297,619,9
953,757,9
874,951,9
481,757,9
671,521,9
1018,862,9
664,844,9
1019,877,9
252,71,9
252,52,9
252,66,9
526,58,9
297,589,9
874,66,9
297,947,9
526,343,9
326,757,9
640,463,9
252,63,9
1018,63,9
640,817,9
523,879,9
874,1031,9
247,739,9
555,757,9
297,63,9
769,432,9
569,63,9
575,778,9
874,818,9
947,882,9
426,798,9
769,876,9
874,545,9
947,34,9
998,332,9
500,55,9
998,849,9
500,324,9
474,762,9
523,55,9
575,811,9
664,850,9
953,63,9
473,481,9
533,862,9
874,762,9
500,31,9
423,811,9
947,762,9
569,768,9
569,769,9
569,919,9
423,830,9
951,75,9
526,75,9
533,42,9
473,878,9
297,874,9
671,1017,9
481,863,9
640,863,9
953,852,9
523,1021,9
953,844,9
473,951,9
326,919,9
533,811,9
473,248,9
473,884,9
589,53,9
473,252,9
523,862,9
481,879,9
589,798,9
951,463,9
1018,55,9
252,75,9
500,284,9
951,817,9
426,830,9
514,556,9
297,519,9
514,34,9
569,236,9
769,1034,9
423,879,9
569,463,9
474,326,9
569,817,9
526,863,9
589,23,9
252,42,9
526,619,9
514,411,9
526,647,9
474,236,9
423,852,9
640,1021,9
326,1033,9
526,626,9
526,969,9
326,806,9
326,1032,9
284,877,9
1018,193,9
947,56,9
589,521,9
423,778,9
569,738,9
284,828,9
473,647,9
526,589,9
426,42,9
526,947,9
575,626,9
474,862,9
523,912,9
481,521,9
874,31,9
671,63,9
474,998,9
526,504,9
589,555,9
297,776,9
474,42,9
297,798,9
792,1026,9
297,346,9
526,63,9
423,56,9
526,719,9
326,874,9
533,555,9
769,1025,9
423,23,9
284,817,9
671,411,9
671,75,9
671,849,9
640,626,9
947,878,9
474,63,9
284,555,9
953,798,9
500,830,9
297,1035,9
526,849,9
1018,56,9
769,1027,9
423,1017,9
640,545,9
998,877,9
792,575,9
575,882,9
792,576,9
533,664,9
252,556,9
640,42,9
951,739,9
947,31,9
1018,53,9
874,882,9
664,556,9
326,1036,9
555,34,9
947,463,9
664,34,9
500,757,9
252,863,9
1019,953,9
947,71,9
247,830,9
523,34,9
284,818,9
526,790,9
874,738,9
481,53,9
473,53,9
514,39,9
1018,75,9
664,411,9
998,58,9
792,1027,9
481,798,9
426,757,9
252,411,9
284,969,9
326,953,9
1018,912,9
1018,521,9
947,66,9
947,52,9
1018,514,9
569,481,9
953,53,9
998,828,9
533,919,9
533,768,9
423,874,9
575,879,9
481,23,9
252,39,9
640,23,9
664,39,9
326,998,9
874,481,9
326,139,9
284,852,9
640,56,9
533,53,9
423,521,9
423,817,9
423,463,9
998,798,9
426,762,9
473,648,9
640,912,9
481,1017,9
326,852,9
533,193,9
1018,778,9
1024,1030,9
326,1027,9
951,545,9
474,193,9
326,738,9
474,139,9
951,324,9
671,34,9
874,619,9
426,776,9
326,640,9
326,850,9
953,463,9
947,739,9
526,1022,9
671,790,9
874,500,9
874,533,9
526,23,9
526,56,9
589,324,9
589,55,9
252,768,9
1018,817,9
514,884,9
423,951,9
526,840,9
533,844,9
514,862,9
951,1021,9
1018,1021,9
526,519,9
473,514,9
514,75,9
569,852,9
589,39,9
473,912,9
326,236,9
526,1020,9
284,850,9
474,757,9
671,193,9
953,738,9
423,798,9
500,806,9
874,776,9
526,1028,9
526,1029,9
474,1020,9
247,762,9
514,762,9
326,31,9
473,1022,9
252,862,9
792,1031,9
423,324,9
792,1016,9
951,850,9
423,55,9
664,193,9
423,947,9
947,818,9
671,23,9
297,790,9
671,56,9
523,71,9
523,52,9
297,1036,9
523,66,9
640,811,9
297,841,9
473,731,9
523,63,9
1019,1021,9
1018,879,9
297,1037,9
664,75,9
297,879,9
473,463,9
953,75,9
769,953,9
473,817,9
555,332,9
555,849,9
874,226,9
569,1021,9
947,545,9
1019,738,9
769,1016,9
252,806,9
247,778,9
326,762,9
284,693,9
247,776,9
297,998,9
426,193,9
533,1021,9
284,463,9
252,884,9
569,514,9
664,884,9
569,912,9
326,39,9
664,862,9
671,840,9
1018,664,9
326,432,9
671,332,9
1018,252,9
533,640,9
998,618,9
533,850,9
664,66,9
526,252,9
874,739,9
998,850,9
481,862,9
569,226,9
589,56,9
589,75,9
481,324,9
481,55,9
874,769,9
874,768,9
874,919,9
284,844,9
474,876,9
953,850,9
523,626,9
998,42,9
1019,882,9
526,671,9
1018,882,9
473,75,9
523,969,9
953,862,9
951,618,9
671,863,9
533,884,9
473,863,9
326,951,9
998,844,9
481,63,9
474,671,9
523,75,9
423,762,9
474,648,9
297,731,9
247,840,9
326,828,9
423,878,9
640,879,9
526,423,9
526,1011,9
500,852,9
526,55,9
526,324,9
569,1031,9
247,818,9
326,53,9
526,332,9
500,738,9
523,42,9
569,693,9
284,34,9
575,693,9
500,640,9
500,850,9
426,738,9
526,1026,9
423,332,9
423,849,9
874,849,9
426,852,9
874,332,9
526,830,9
474,423,9
474,1011,9
589,34,9
474,811,9
589,556,9
326,569,9
998,52,9
426,31,9
998,66,9
474,1036,9
575,757,9
575,998,9
792,671,9
481,556,9
874,830,9
473,618,9
951,768,9
473,879,9
526,757,9
474,719,9
284,556,9
297,432,9
526,1038,9
297,343,9
423,790,9
500,236,9
297,58,9
874,1011,9
326,776,9
297,1029,9
951,884,9
1024,589,9
473,1011,9
297,911,9
769,1033,9
951,394,9
555,877,9
326,1021,9
426,806,9
953,768,9
769,1032,9
474,879,9
1024,284,9
473,1021,9
640,830,9
569,1029,9
947,879,9
473,719,9
671,55,9
769,1026,9
671,324,9
792,481,9
951,878,9
473,969,9
473,830,9
473,626,9
769,1036,9
252,53,9
326,769,9
326,768,9
297,34,9
252,739,9
297,1034,9
671,830,9
473,545,9
569,878,9
947,884,9
664,521,9
953,411,9
481,56,9
247,852,9
664,739,9
589,693,9
947,811,9
555,58,9
297,1017,9
1019,778,9
247,31,9
426,882,9
297,953,9
640,589,9
947,1021,9
640,947,9
474,841,9
671,757,9
569,877,9
1019,34,9
769,555,9
326,878,9
500,762,9
998,806,9
1019,828,9
326,877,9
1018,474,9
533,912,9
1018,297,9
533,514,9
247,738,9
953,556,9
555,798,9
569,882,9
252,798,9
874,519,9
664,798,9
500,39,9
874,42,9
640,840,9
523,39,9
481,411,9
998,768,9
912,1017,9
1018,818,9
953,394,9
998,545,9
473,23,9
569,953,9
569,75,9
998,39,9
1030,874,9
481,34,9
473,56,9
947,193,9
998,776,9
874,589,9
874,618,9
874,947,9
947,861,9
526,1033,9
326,576,9
423,884,9
526,806,9
526,1032,9
664,811,9
474,66,9
297,626,9
474,52,9
474,71,9
297,969,9
998,762,9
326,841,9
569,252,9
569,884,9
569,248,9
874,63,9
533,693,9
769,1022,9
474,1033,9
474,1032,9
474,806,9
523,768,9
523,769,9
523,919,9
284,863,9
951,844,9
874,346,9
640,58,9
769,519,9
473,1017,9
526,874,9
500,53,9
326,862,9
589,473,9
247,811,9
473,58,9
473,343,9
474,23,9
569,876,9
284,862,9
426,58,9
284,75,9
874,1035,9
874,1019,9
523,882,9
297,1021,9
575,34,9
423,39,9
474,1031,9
1019,806,9
474,1016,9
500,569,9
514,863,9
297,757,9
523,23,9
474,1017,9
1024,500,9
297,1038,9
326,844,9
326,1023,9
953,877,9
423,863,9
671,806,9
252,830,9
792,1032,9
792,1033,9
953,42,9
526,569,9
284,884,9
792,226,9
474,56,9
284,998,9
297,283,9
523,998,9
1024,526,9
664,830,9
500,776,9
297,504,9
514,830,9
514,757,9
473,519,9
326,42,9
769,671,9
526,953,9
947,58,9
297,52,9
297,71,9
297,66,9
947,521,9
947,648,9
326,519,9
874,798,9
426,840,9
297,768,9
523,806,9
951,877,9
575,849,9
1018,757,9
1018,998,9
423,589,9
426,877,9
426,818,9
1019,844,9
533,738,9
247,58,9
569,828,9
664,863,9
1019,912,9
326,523,9
326,798,9
326,526,9
951,811,9
1019,850,9
474,731,9
555,42,9
473,193,9
473,811,9
998,852,9
569,818,9
252,738,9
533,757,9
533,998,9
569,911,9
533,849,9
998,738,9
533,332,9
473,1025,9
589,790,9
1019,862,9
769,719,9
555,844,9
500,877,9
473,619,9
297,664,9
569,34,9
569,1034,9
1018,326,9
474,840,9
874,953,9
473,55,9
473,324,9
998,394,9
533,63,9
947,1017,9
664,762,9
297,1022,9
998,31,9
423,844,9
423,533,9
423,953,9
423,500,9
526,236,9
640,63,9
326,811,9
247,877,9
664,757,9
998,236,9
284,757,9
474,75,9
998,817,9
555,71,9
555,52,9
252,757,9
555,66,9
998,463,9
526,817,9
671,852,9
426,850,9
769,626,9
640,849,9
671,811,9
569,1023,9
671,738,9
526,31,9
569,844,9
589,739,9
514,53,9
426,844,9
473,849,9
473,998,9
526,738,9
474,852,9
473,332,9
473,139,9
474,324,9
474,1027,9
474,55,9
533,778,9
481,739,9
526,1025,9
474,31,9
589,817,9
474,647,9
589,463,9
284,739,9
514,648,9
500,862,9
252,762,9
474,504,9
473,63,9
526,998,9
589,877,9
526,139,9
473,236,9
953,778,9
640,969,9
514,56,9
423,640,9
526,193,9
252,776,9
523,874,9
947,63,9
526,852,9
297,23,9
474,878,9
671,850,9
526,1027,9
792,566,9
500,844,9
297,876,9
526,640,9
526,850,9
473,31,9
640,671,9
523,53,9
473,757,9
792,619,9
523,739,9
947,75,9
947,849,9
474,332,9
947,332,9
474,849,9
247,850,9
297,53,9
664,53,9
575,71,9
575,52,9
426,811,9
575,66,9
947,863,9
297,912,9
769,647,9
500,42,9
247,844,9
671,236,9
953,818,9
792,346,9
664,776,9
1018,34,9
569,640,9
951,42,9
569,850,9
874,248,9
874,884,9
874,252,9
589,52,9
664,55,9
589,66,9
474,969,9
523,671,9
1018,411,9
555,768,9
423,34,9
473,1033,9
474,790,9
569,576,9
473,671,9
874,1037,9
569,862,9
589,193,9
533,58,9
874,52,9
874,71,9
555,39,9
1030,284,9
998,739,9
589,1021,9
874,731,9
664,42,9
523,798,9
874,284,9
533,34,9
640,998,9
555,776,9
500,798,9
953,34,9
569,947,9
569,1037,9
640,762,9
473,840,9
297,647,9
555,762,9
326,1037,9
874,1036,9
664,56,9
953,739,9
640,738,9
874,841,9
533,790,9
247,790,9
423,877,9
640,39,9
326,664,9
533,56,9
575,951,9
874,879,9
569,863,9
1019,56,9
523,555,9
589,252,9
874,861,9
589,884,9
514,31,9
526,762,9
569,778,9
326,500,9
423,58,9
326,533,9
874,343,9
326,555,9
874,58,9
474,1022,9
526,776,9
769,731,9
947,790,9
473,1020,9
874,911,9
589,738,9
526,39,9
247,863,9
526,432,9
284,953,9
474,951,9
423,693,9
514,879,9
671,53,9
481,738,9
474,776,9
589,545,9
423,818,9
426,545,9
514,324,9
526,919,9
526,769,9
526,768,9
514,55,9
514,852,9
792,519,9
769,1017,9
514,811,9
252,31,9
569,555,9
589,844,9
951,236,9
423,828,9
523,830,9
423,394,9
481,1021,9
792,523,9
640,776,9
526,951,9
589,862,9
473,346,9
569,283,9
297,324,9
671,394,9
284,762,9
247,882,9
664,790,9
326,66,9
326,52,9
326,71,9
481,844,9
473,776,9
671,762,9
326,479,9
526,828,9
326,481,9
575,798,9
523,473,9
951,52,9
951,71,9
951,66,9
474,346,9
252,852,9
526,53,9
526,877,9
1019,790,9
953,884,9
874,39,9
792,1035,9
1024,523,9
874,432,9
947,23,9
671,39,9
297,693,9
1018,481,9
951,58,9
423,575,9
640,806,9
874,1029,9
1018,332,9
1018,849,9
951,840,9
953,882,9
664,31,9
664,324,9
555,852,9
947,778,9
473,806,9
473,1032,9
664,852,9
555,75,9
555,738,9
671,768,9
874,411,9
326,226,9
769,504,9
473,947,9
523,193,9
1019,998,9
526,841,9
640,757,9
769,514,9
671,776,9
874,34,9
569,432,9
874,1034,9
589,671,9
569,39,9
569,1035,9
252,882,9
874,626,9
874,1028,9
874,969,9
481,884,9
951,193,9
326,411,9
664,879,9
284,830,9
947,840,9
575,844,9
473,1026,9
533,55,9
533,324,9
481,878,9
326,34,9
998,830,9
326,1034,9
514,463,9
874,876,9
533,947,9
533,589,9
1019,762,9
555,236,9
326,556,9
874,56,9
555,817,9
555,463,9
514,1017,9
589,912,9
569,648,9
998,324,9
589,514,9
769,664,9
998,55,9
874,1017,9
874,1021,9
523,757,9
575,947,9
569,1025,9
533,953,9
526,844,9
526,1023,9
640,852,9
569,332,9
575,42,9
474,863,9
473,1027,9
526,576,9
1018,877,9
473,852,9
426,849,9
500,533,9
874,504,9
423,882,9
284,53,9
474,830,9
426,463,9
523,762,9
473,790,9
426,236,9
792,626,9
514,23,9
671,877,9
481,75,9
426,790,9
326,911,9
473,576,9
423,411,9
481,817,9
514,840,9
481,463,9
575,850,9
671,862,9
589,63,9
474,500,9
523,776,9
481,877,9
474,533,9
284,951,9
640,844,9
474,619,9
297,648,9
526,862,9
297,739,9
326,1016,9
326,1031,9
297,884,9
473,1023,9
500,1021,9
252,828,9
792,248,9
874,790,9
792,252,9
1024,533,9
523,951,9
426,863,9
947,55,9
792,1036,9
947,324,9
500,66,9
953,648,9
500,52,9
500,71,9
951,332,9
500,768,9
951,849,9
1019,739,9
664,1017,9
1018,71,9
1018,52,9
1018,66,9
792,1037,9
874,664,9
1018,58,9
252,58,9
523,569,9
792,284,9
640,953,9
947,830,9
569,139,9
569,998,9
664,23,9
523,1020,9
874,283,9
555,739,9
284,664,9
247,817,9
671,42,9
297,778,9
247,463,9
473,953,9
569,790,9
769,252,9
769,248,9
247,236,9
1018,828,9
671,844,9
533,776,9
473,1028,9
473,1029,9
481,52,9
481,71,9
481,66,9
533,1017,9
874,647,9
947,757,9
874,1038,9
284,776,9
252,818,9
326,283,9
1019,798,9
998,71,9
1018,798,9
1018,523,9
1018,526,9
247,849,9
1019,53,9
247,332,9
533,23,9
474,463,9
474,817,9
473,762,9
326,473,9
664,840,9
252,840,9
998,840,9
640,798,9
569,324,9
953,521,9
326,876,9
569,55,9
555,850,9
533,798,9
423,664,9
998,23,9
473,432,9
473,39,9
500,34,9
589,850,9
426,817,9
1019,23,9
664,778,9
874,693,9
589,811,9
481,193,9
423,569,9
426,75,9
951,830,9
474,521,9
481,811,9
589,575,9
284,790,9
640,951,9
326,863,9
526,523,9
526,798,9
575,919,9
575,768,9
575,769,9
284,778,9
589,947,9
792,841,9
514,63,9
474,874,9
297,555,9
252,193,9
252,545,9
575,58,9
569,521,9
951,757,9
474,526,9
474,523,9
474,798,9
792,731,9
640,53,9
426,521,9
284,879,9
284,626,9
951,852,9
481,545,9
252,844,9
523,31,9
951,882,9
284,324,9
874,514,9
423,912,9
792,432,9
874,912,9
1030,1018,9
874,1022,9
297,863,9
575,862,9
953,817,9
575,828,9
998,790,9
792,911,9
423,757,9
514,42,9
1024,1019,9
1018,947,9
671,66,9
1024,874,9
947,806,9
569,647,9
569,762,9
514,806,9
326,817,9
951,818,9
523,738,9
326,463,9
297,139,9
474,58,9
252,850,9
474,343,9
297,1025,9
523,852,9
953,863,9
1018,42,9
671,798,9
297,811,9
297,862,9
575,762,9
792,1034,9
533,806,9
792,343,9
284,71,9
792,1028,9
792,1029,9
284,811,9
874,23,9
1018,844,9
998,75,9
474,226,9
326,818,9
575,75,9
297,719,9
792,953,9
998,878,9
1018,850,9
247,521,9
640,52,9
640,71,9
569,739,9
533,877,9
1019,852,9
569,798,9
473,1038,9
998,63,9
481,850,9
526,664,9
473,66,9
474,519,9
473,52,9
473,71,9
426,56,9
555,830,9
284,31,9
1019,66,9
664,63,9
1019,71,9
1019,52,9
575,31,9
533,626,9
533,969,9
589,481,9
1019,830,9
533,863,9
533,75,9
533,879,9
423,236,9
474,545,9
526,693,9
951,806,9
555,324,9
555,55,9
569,1017,9
326,739,9
526,555,9
998,862,9
589,919,9
589,769,9
589,768,9
569,951,9
252,811,9
769,1038,9
953,878,9
555,31,9
569,23,9
1030,474,9
874,53,9
1030,297,9
589,394,9
998,863,9
589,828,9
953,1021,9
500,473,9
326,1035,9
1019,757,9
514,58,9
326,693,9
426,332,9
1030,526,9
1030,523,9
569,830,9
640,850,9
874,778,9
947,817,9
326,912,9
474,778,9
326,514,9
473,850,9
474,252,9
474,248,9
474,884,9
947,852,9
526,66,9
526,52,9
526,71,9
947,738,9
526,481,9
1024,326,9
589,58,9
1024,473,9
969,1017,9
474,953,9
569,1033,9
575,852,9
951,521,9
426,879,9
569,1032,9
569,806,9
474,618,9
474,947,9
575,738,9
474,589,9
284,23,9
526,1037,9
953,545,9
640,862,9
423,1021,9
769,693,9
500,193,9
575,817,9
284,840,9
474,576,9
1024,1018,9
671,778,9
473,862,9
297,840,9
423,998,9
326,545,9
792,283,9
523,828,9
284,56,9
474,1037,9
947,850,9
426,55,9
426,324,9
953,56,9
252,778,9
297,1020,9
1018,919,9
1018,768,9
1018,769,9
526,500,9
1024,423,9
326,504,9
526,533,9
769,139,9
874,811,9
500,817,9
1018,569,9
500,463,9
792,647,9
523,58,9
792,1038,9
1018,776,9
874,55,9
874,324,9
664,58,9
326,882,9
481,768,9
640,919,9
640,769,9
426,1021,9
769,283,9
640,768,9
1018,951,9
569,473,9
947,236,9
953,23,9
792,504,9
874,1025,9
247,879,9
481,394,9
481,828,9
533,951,9
769,1031,9
523,877,9
326,248,9
326,884,9
769,1035,9
523,818,9
326,252,9
1018,545,9
1030,473,9
1018,39,9
1019,776,9
555,840,9
998,1017,9
874,569,9
792,664,9
297,1011,9
555,23,9
874,473,9
297,423,9
769,346,9
589,42,9
951,762,9
569,1027,9
1019,817,9
523,840,9
998,56,9
569,1026,9
533,39,9
569,1038,9
998,521,9
473,798,9
569,757,9
297,844,9
500,739,9
481,58,9
297,1023,9
998,53,9
1019,58,9
998,818,9
951,31,9
326,879,9
640,790,9
569,776,9
526,911,9
1030,326,9
671,556,9
523,664,9
514,618,9
526,346,9
998,193,9
769,911,9
473,828,9
589,1011,9
473,394,9
247,75,9
423,66,9
423,52,9
423,71,9
514,1021,9
423,53,9
474,911,9
526,1031,9
474,1035,9
526,1036,9
589,849,9
474,39,9
474,432,9
1019,969,9
284,878,9
514,776,9
555,790,9
284,63,9
473,556,9
474,1029,9
514,545,9
474,1028,9
874,566,9
589,830,9
523,844,9
947,53,9
575,739,9
533,31,9
953,193,9
953,811,9
526,34,9
874,521,9
1019,626,9
526,1034,9
1024,1020,9
474,664,9
998,1021,9
589,762,9
481,830,9
575,953,9
252,463,9
1024,569,9
297,75,9
426,34,9
252,236,9
423,481,9
569,664,9
951,39,9
523,1011,9
569,671,9
523,423,9
474,1034,9
474,34,9
473,844,9
474,569,9
523,850,9
533,236,9
947,828,9
947,394,9
297,850,9
533,762,9
284,42,9
523,947,9
769,1028,9
769,1029,9
284,806,9
1011,1017,9
423,473,9
555,806,9
514,193,9
297,877,9
1018,811,9
252,849,9
500,545,9
951,648,9
297,817,9
533,545,9
297,463,9
297,576,9
1018,31,9
792,514,9
640,877,9
555,63,9
874,648,9
947,39,9
481,42,9
792,1022,9
514,66,9
514,71,9
514,52,9
1018,852,9
252,790,9
297,193,9
951,53,9
1018,693,9
1018,878,9
1018,738,9
252,878,9
426,23,9
953,55,9
664,236,9
523,533,9
919,1017,9
953,324,9
473,555,9
998,879,9
947,768,9
500,882,9
533,852,9
297,878,9
526,876,9
1018,463,9
769,226,9
555,862,9
297,1027,9
953,861,9
297,852,9
575,830,9
1019,31,9
473,664,9
947,776,9
1019,879,9
998,861,9
252,394,9
247,34,9
474,1026,9
423,1011,9
569,56,9
589,236,9
569,1020,9
555,863,9
626,1017,9
953,618,9
589,778,9
953,879,9
284,545,9
284,1011,9
1019,811,9
533,521,9
523,811,9
575,1011,9
1030,569,9
569,840,9
1030,1020,9
533,882,9
569,1028,9
998,811,9
998,884,9
481,332,9
569,58,9
481,849,9
569,343,9
589,840,9
947,877,9
664,806,9
951,556,9
514,877,9
569,66,9
951,776,9
569,71,9
569,52,9
953,830,9
569,31,9
998,882,9
326,1017,9
514,849,9
792,876,9
640,55,9
473,1037,9
326,58,9
500,879,9
326,343,9
474,1023,9
474,844,9
1018,762,9
1019,951,9
247,71,9
247,52,9
247,66,9
575,806,9
284,1020,9
589,31,9
526,283,9
792,693,9
526,463,9
514,817,9
569,969,9
474,1038,9
426,63,9
247,768,9
569,626,9
297,818,9
951,56,9
874,862,9
423,862,9
874,236,9
792,1023,9
284,58,9
474,850,9
526,473,9
474,640,9
474,283,9
474,738,9
523,545,9
326,521,9
423,769,9
423,768,9
423,919,9
326,1038,9
947,862,9
297,762,9
423,284,9
297,1031,9
874,719,9
297,1016,9
671,878,9
423,545,9
284,768,9
284,769,9
284,919,9
297,828,9
769,481,9
523,778,9
589,664,9
326,778,9
326,731,9
423,739,9
526,878,9
500,811,9
951,863,9
769,1037,9
533,463,9
297,545,9
533,817,9
533,252,9
874,863,9
874,1016,9
951,861,9
671,817,9
284,671,9
671,463,9
526,739,9
874,555,9
297,671,9
951,879,9
1018,739,9
589,806,9
953,840,9
951,778,9
998,648,9
555,1017,9
874,139,9
664,768,9
569,504,9
874,998,9
947,618,9
1019,840,9
481,840,9
473,876,9
947,42,9
953,1017,9
1018,953,9
569,879,9
326,619,9
297,951,9
947,411,9
1018,874,9
951,862,9
555,56,9
947,844,9
252,1017,9
671,52,9
671,71,9
1019,75,9
569,811,9
569,1036,9
533,739,9
555,521,9
640,473,9
481,818,9
769,343,9
555,53,9
473,919,9
473,769,9
473,768,9
533,818,9
326,589,9
326,947,9
473,226,9
297,31,9
569,719,9
474,693,9
297,56,9
953,58,9
326,647,9
426,778,9
326,719,9
533,66,9
533,71,9
533,52,9
671,739,9
423,555,9
423,738,9
473,411,9
247,884,9
533,840,9
664,1021,9
526,818,9
589,882,9
874,193,9
252,56,9
473,34,9
326,75,9
473,1034,9
326,849,9
998,778,9
326,332,9
514,878,9
326,394,9
284,589,9
284,947,9
474,818,9
473,877,9
589,998,9
423,193,9
526,545,9
589,852,9
326,63,9
297,882,9
555,1021,9
575,840,9
500,58,9
569,731,9
575,790,9
423,850,9
589,626,9
589,969,9
533,830,9
474,828,9
998,556,9
473,1036,9
526,912,9
523,817,9
575,877,9
473,1035,9
526,514,9
523,463,9
569,193,9
951,798,9
423,42,9
473,739,9
514,882,9
640,31,9
473,841,9
874,757,9
533,1011,9
953,806,9
481,236,9
252,877,9
526,1035,9
154,1039,10
615,835,10
154,315,10
154,715,10
1040,1041,10
154,1023,10
702,343,10
506,21,10
154,689,10
278,635,10
154,1042,10
154,144,10
154,1043,10
344,1044,10
154,168,10
154,445,10
154,516,10
344,643,10
154,1045,10
154,1046,10
506,1047,10
154,17,10
154,692,10
154,1048,10
615,355,10
702,1049,10
154,1038,10
1040,642,10
344,503,10
1040,576,10
506,504,10
1040,643,10
506,359,10
1040,1044,10
154,461,10
615,1050,10
506,925,10
506,343,10
615,519,10
1040,594,10
615,512,10
702,1051,10
615,504,10
1040,512,10
506,625,10
1040,468,10
506,612,10
702,1050,10
344,1052,10
344,650,10
506,672,10
154,435,10
1040,835,10
344,1053,10
702,248,10
506,1054,10
506,647,10
506,689,10
344,1055,10
1040,1056,10
344,519,10
344,1051,10
344,444,10
344,1057,10
702,1058,10
344,1059,10
344,1035,10
1040,45,10
702,1059,10
702,1037,10
1040,656,10
344,516,10
344,1060,10
702,1061,10
344,1048,10
344,692,10
506,1037,10
702,550,10
154,535,10
702,549,10
154,731,10
1040,483,10
615,1043,10
615,139,10
344,1042,10
615,75,10
154,643,10
615,1028,10
506,468,10
154,343,10
702,306,10
615,343,10
702,1062,10
1040,1037,10
506,1036,10
344,329,10
506,1028,10
1040,911,10
344,17,10
344,1039,10
344,461,10
1040,1042,10
344,158,10
615,1053,10
154,139,10
154,594,10
344,732,10
154,190,10
344,75,10
1040,315,10
615,1058,10
154,1063,10
615,183,10
1040,1064,10
1040,75,10
344,1065,10
506,550,10
1040,669,10
1040,454,10
1040,461,10
702,732,10
1040,1026,10
1040,329,10
702,158,10
702,1056,10
506,1066,10
344,535,10
154,642,10
344,1045,10
1040,1036,10
506,75,10
506,1050,10
506,656,10
344,656,10
154,925,10
344,45,10
344,1062,10
702,512,10
154,1056,10
615,1055,10
702,1057,10
506,512,10
154,676,10
615,925,10
344,454,10
506,692,10
506,1048,10
154,454,10
702,519,10
506,355,10
702,355,10
615,385,10
506,503,10
344,512,10
702,1041,10
344,468,10
702,656,10
702,1067,10
702,835,10
1040,503,10
702,1052,10
702,650,10
615,1062,10
344,1054,10
615,21,10
506,1068,10
344,472,10
344,21,10
702,1069,10
615,1023,10
506,731,10
1040,158,10
506,734,10
344,504,10
1040,732,10
1040,1053,10
344,190,10
702,1064,10
344,594,10
702,385,10
154,75,10
154,359,10
154,504,10
702,1070,10
615,1047,10
344,1041,10
1040,21,10
154,1055,10
506,144,10
506,835,10
615,1056,10
506,1023,10
506,1063,10
506,190,10
154,1026,10
506,594,10
154,669,10
154,734,10
154,329,10
615,472,10
615,1054,10
344,343,10
506,1033,10
702,444,10
154,1060,10
154,702,10
1040,359,10
702,1035,10
1040,504,10
615,435,10
1040,1054,10
1040,472,10
1040,689,10
1040,647,10
1040,183,10
154,647,10
154,1058,10
1040,1058,10
154,21,10
154,183,10
506,557,10
506,1022,10
506,1061,10
506,1071,10
154,732,10
615,359,10
702,1022,10
506,715,10
154,158,10
702,1071,10
615,1072,10
509,635,10
344,676,10
506,1073,10
702,1065,10
154,503,10
506,911,10
702,703,10
702,719,10
615,1049,10
506,650,10
506,1052,10
1040,1043,10
702,678,10
615,647,10
615,689,10
154,45,10
154,1062,10
615,734,10
615,1052,10
344,1023,10
344,144,10
615,329,10
702,691,10
615,1036,10
702,304,10
615,483,10
344,617,10
702,483,10
344,1026,10
702,1055,10
344,669,10
344,1049,10
344,1038,10
506,732,10
344,835,10
702,1036,10
702,1028,10
506,158,10
154,1036,10
344,911,10
1040,734,10
344,734,10
615,1074,10
344,1064,10
1040,1028,10
506,1038,10
344,642,10
1040,625,10
702,239,10
702,1054,10
702,607,10
702,472,10
1040,185,10
154,1069,10
506,1045,10
506,516,10
506,535,10
506,139,10
154,1022,10
344,1050,10
506,1035,10
1040,139,10
506,444,10
1040,306,10
1040,1071,10
154,355,10
154,1049,10
1040,1022,10
1040,1066,10
1040,715,10
506,1041,10
154,1037,10
344,702,10
154,672,10
154,1061,10
344,1046,10
154,550,10
154,549,10
615,1042,10
1040,1059,10
506,304,10
702,468,10
506,691,10
1040,1035,10
702,225,10
154,1052,10
615,144,10
1040,444,10
154,650,10
702,567,10
154,1051,10
702,731,10
1040,1057,10
154,1050,10
1040,519,10
615,731,10
615,643,10
506,1072,10
506,567,10
702,1072,10
702,911,10
506,385,10
154,576,10
344,1066,10
615,1067,10
615,1069,10
702,1044,10
702,21,10
1040,385,10
344,731,10
344,576,10
1040,1055,10
506,607,10
344,1033,10
1040,617,10
506,435,10
506,239,10
702,1066,10
154,519,10
154,1057,10
506,490,10
1040,1063,10
615,1065,10
1040,692,10
1040,1048,10
344,1061,10
506,1055,10
344,557,10
344,1056,10
344,672,10
154,1071,10
1040,355,10
506,1060,10
615,1073,10
344,1047,10
702,185,10
702,612,10
615,168,10
506,315,10
506,17,10
154,1041,10
506,1039,10
506,329,10
344,1074,10
702,625,10
154,656,10
344,359,10
344,239,10
615,1039,10
702,535,10
615,17,10
344,607,10
702,445,10
154,835,10
702,1045,10
344,689,10
1040,1060,10
506,445,10
344,483,10
1040,925,10
344,647,10
1040,612,10
1040,1047,10
154,691,10
154,1070,10
154,304,10
702,490,10
702,1053,10
154,483,10
344,691,10
154,512,10
506,1056,10
702,1043,10
154,617,10
506,1064,10
154,1064,10
1040,1068,10
702,461,10
1040,1067,10
154,385,10
1040,445,10
506,1067,10
1040,1062,10
702,17,10
702,315,10
702,516,10
506,1065,10
615,461,10
702,183,10
1040,535,10
615,535,10
154,468,10
615,516,10
615,1045,10
506,454,10
506,1042,10
615,1033,10
344,1043,10
154,1073,10
1040,567,10
1040,1072,10
1040,1033,10
344,1028,10
506,1053,10
702,672,10
506,185,10
702,1038,10
506,1044,10
344,1036,10
344,1037,10
615,1037,10
615,911,10
615,468,10
506,1043,10
615,1057,10
344,355,10
344,1073,10
702,1068,10
702,557,10
506,306,10
506,483,10
1040,1074,10
344,1067,10
1040,1038,10
1040,1073,10
344,1068,10
344,1069,10
344,490,10
506,168,10
1040,168,10
615,1044,10
344,139,10
154,1067,10
506,1070,10
1040,1050,10
702,1074,10
154,444,10
154,911,10
702,617,10
154,1035,10
154,1059,10
1040,650,10
1040,1052,10
154,567,10
344,1072,10
154,1072,10
278,509,10
278,698,10
344,567,10
702,642,10
154,1028,10
154,306,10
615,1046,10
702,1033,10
615,304,10
344,385,10
702,643,10
615,1064,10
506,643,10
506,642,10
154,1065,10
1040,1045,10
1040,516,10
702,1023,10
506,1074,10
506,1046,10
702,1042,10
702,144,10
154,1068,10
344,315,10
154,1053,10
154,239,10
506,1059,10
154,1054,10
702,168,10
154,607,10
154,472,10
615,1070,10
1040,1049,10
702,139,10
702,594,10
702,190,10
506,576,10
506,617,10
702,1063,10
615,1041,10
615,567,10
344,1058,10
615,1060,10
344,183,10
615,239,10
1040,239,10
506,1051,10
1040,607,10
506,519,10
1040,190,10
506,1057,10
154,185,10
615,702,10
1040,676,10
1040,702,10
702,925,10
154,625,10
615,1026,10
615,306,10
702,435,10
1040,1051,10
615,1038,10
154,557,10
344,612,10
506,1069,10
702,454,10
344,925,10
506,549,10
702,692,10
702,1048,10
344,715,10
1040,691,10
344,1071,10
344,1022,10
1040,1070,10
1040,304,10
615,185,10
615,612,10
615,625,10
702,1026,10
702,669,10
702,734,10
154,1044,10
702,329,10
1040,672,10
1040,557,10
1040,1061,10
1040,1065,10
506,1026,10
506,669,10
1040,549,10
1040,1023,10
615,454,10
1040,550,10
1040,144,10
506,676,10
506,702,10
154,1074,10
702,689,10
702,647,10
615,1051,10
154,1066,10
615,1022,10
702,359,10
702,576,10
344,435,10
702,504,10
615,1071,10
615,715,10
615,1048,10
344,168,10
506,1049,10
1040,1039,10
1040,17,10
615,1061,10
1040,731,10
615,557,10
344,306,10
154,1033,10
506,1062,10
506,45,10
615,1035,10
615,1068,10
615,1059,10
615,444,10
1040,1046,10
344,304,10
344,1070,10
1040,435,10
344,549,10
154,1047,10
702,45,10
344,550,10
702,1060,10
702,1047,10
344,625,10
615,594,10
344,185,10
154,612,10
615,190,10
615,1066,10
1040,1069,10
615,1063,10
506,183,10
702,676,10
702,715,10
506,1058,10
615,732,10
1040,343,10
344,1063,10
344,445,10
702,503,10
436,1075,11
1076,597,11
171,1077,11
553,1075,11
637,680,11
648,634,11
809,740,11
7,1075,11
861,568,11
164,1078,11
455,348,11
348,680,11
269,597,11
429,680,11
147,1077,11
1079,680,11
150,520,11
1080,539,11
1081,1075,11
1082,348,11
547,1083,11
615,680,11
657,634,11
667,348,11
173,1077,11
1084,795,11
1085,680,11
381,568,11
613,568,11
1086,568,11
379,680,11
269,680,11
870,740,11
319,1075,11
556,597,11
171,539,11
496,680,11
156,1078,11
578,568,11
137,795,11
379,568,11
150,1077,11
1087,348,11
1088,680,11
496,597,11
245,568,11
429,1083,11
856,740,11
479,795,11
1089,348,11
861,680,11
82,1075,11
618,568,11
316,680,11
142,520,11
479,634,11
554,269,11
1090,128,11
1091,680,11
137,634,11
381,680,11
496,634,11
1092,634,11
416,597,11
269,634,11
422,1083,11
1086,597,11
623,348,11
508,597,11
657,680,11
1093,597,11
610,680,11
1086,1075,11
570,795,11
227,597,11
648,680,11
242,568,11
1094,1075,11
767,740,11
472,680,11
147,137,11
657,597,11
508,680,11
231,1075,11
266,680,11
837,740,11
1095,795,11
570,680,11
63,1075,11
1096,161,11
886,597,11
528,680,11
606,348,11
461,680,11
381,597,11
266,597,11
1084,634,11
140,539,11
1095,680,11
32,568,11
1097,1075,11
640,568,11
1098,568,11
1099,680,11
266,568,11
173,568,11
855,740,11
137,680,11
1092,795,11
1100,348,11
564,634,11
1077,680,11
394,1083,11
531,680,11
491,1075,11
156,539,11
268,1075,11
177,539,11
479,680,11
659,597,11
446,740,11
438,568,11
366,1083,11
881,740,11
346,1075,11
566,597,11
1093,1075,11
812,740,11
142,1077,11
878,1083,11
527,1083,11
293,597,11
1090,80,11
1101,582,11
137,1083,11
559,568,11
186,269,11
1102,740,11
496,568,11
873,740,11
161,1077,11
173,348,11
143,680,11
1086,680,11
499,568,11
231,568,11
1103,568,11
161,539,11
872,740,11
853,740,11
55,597,11
1037,568,11
1104,348,11
659,539,11
142,596,11
657,795,11
528,795,11
1093,568,11
496,795,11
293,677,11
198,680,11
63,568,11
41,568,11
378,348,11
137,683,11
496,1075,11
1092,680,11
539,568,11
1105,568,11
878,1106,11
282,568,11
571,677,11
156,596,11
1107,1075,11
158,597,11
575,680,11
293,269,11
411,568,11
140,1077,11
269,795,11
283,1075,11
173,269,11
1108,597,11
1109,597,11
1110,539,11
1088,795,11
142,1078,11
613,680,11
1111,597,11
599,634,11
150,1078,11
173,1075,11
1112,568,11
263,1077,11
59,1083,11
588,568,11
807,740,11
318,269,11
173,680,11
227,680,11
186,597,11
654,1083,11
747,740,11
1113,795,11
1113,680,11
574,1075,11
142,539,11
854,740,11
501,634,11
318,597,11
1086,683,11
34,1075,11
416,348,11
681,568,11
1114,597,11
1115,568,11
392,568,11
429,634,11
267,680,11
554,597,11
564,795,11
288,568,11
530,680,11
164,539,11
237,568,11
1116,1075,11
164,1077,11
63,597,11
828,568,11
613,597,11
537,568,11
177,1077,11
119,795,11
528,634,11
451,269,11
266,795,11
1117,348,11
158,568,11
514,1075,11
216,1075,11
414,568,11
164,1075,11
1118,1075,11
394,597,11
625,568,11
157,740,11
318,677,11
501,680,11
832,740,11
546,348,11
888,740,11
658,597,11
1115,680,11
1119,597,11
482,680,11
294,568,11
1113,634,11
263,539,11
1120,1075,11
411,597,11
1095,634,11
571,269,11
41,680,11
266,634,11
244,1083,11
786,740,11
529,1075,11
156,1077,11
1088,634,11
319,683,11
1112,597,11
610,568,11
147,539,11
1076,680,11
416,491,11
435,1075,11
1121,1075,11
886,568,11
455,568,11
147,1075,11
1084,680,11
1122,597,11
1099,634,11
618,680,11
1123,1075,11
137,597,11
1124,740,11
564,680,11
385,1075,11
570,634,11
556,568,11
648,795,11
396,1083,11
645,1075,11
173,539,11
797,740,11
136,582,11
150,539,11
566,637,11
755,680,11
138,740,11
488,597,11
818,1075,11
416,1104,11
1091,568,11
316,568,11
164,596,11
1125,740,11
1095,568,11
137,1075,11
501,795,11
429,795,11
414,597,11
169,352,12
169,1126,12
687,1127,12
219,1100,12
498,1107,12
219,1128,12
687,1129,12
498,157,12
498,1128,12
384,667,12
498,623,12
169,1104,12
169,546,12
169,1130,12
342,1131,12
760,352,12
219,629,12
219,1082,12
219,622,12
735,299,12
169,1117,12
384,1132,12
794,124,12
169,291,12
475,124,12
773,299,12
342,667,12
560,124,12
773,1129,12
169,574,12
169,124,12
749,1127,12
760,1129,12
760,1127,12
498,1100,12
773,1127,12
219,157,12
384,1104,12
219,623,12
169,1124,12
749,291,12
384,1130,12
475,1129,12
498,667,12
475,1127,12
744,1129,12
498,1133,12
384,1117,12
773,622,12
384,291,12
219,1127,12
794,352,12
169,1102,12
749,574,12
498,378,12
169,1087,12
219,1132,12
169,1128,12
384,574,12
169,1100,12
384,124,12
219,606,12
219,1134,12
342,299,12
498,1089,12
735,574,12
384,1126,12
169,1125,12
342,1125,12
384,1134,12
498,1124,12
342,606,12
342,1134,12
498,1117,12
498,1082,12
219,1129,12
498,1132,12
794,1129,12
794,1127,12
169,1132,12
342,1107,12
384,1102,12
735,124,12
219,1124,12
384,1128,12
384,1100,12
219,574,12
169,622,12
342,1130,12
665,124,12
169,1082,12
677,1129,12
632,124,12
384,1125,12
498,685,12
749,352,12
560,1127,12
560,1129,12
342,574,12
384,1124,12
384,546,12
169,1133,12
687,124,12
169,667,12
169,79,12
219,1130,12
169,685,12
219,1104,12
758,622,12
219,1131,12
363,124,12
758,1129,12
760,622,12
169,1129,12
773,124,12
758,124,12
384,622,12
219,1102,12
749,1129,12
169,629,12
219,1087,12
219,1117,12
773,352,12
342,1117,12
384,1082,12
498,1126,12
342,1104,12
219,352,12
498,1125,12
498,574,12
384,1087,12
342,291,12
758,1127,12
735,1127,12
342,1102,12
169,1127,12
342,1087,12
794,622,12
735,1129,12
342,1089,12
384,1133,12
342,1126,12
342,352,12
760,299,12
342,124,12
169,1131,12
342,1082,12
169,378,12
498,1102,12
384,629,12
342,1124,12
498,291,12
384,685,12
169,623,12
498,546,12
632,1129,12
632,1127,12
169,157,12
498,1104,12
219,546,12
384,1127,12
384,79,12
384,1129,12
219,299,12
773,574,12
749,124,12
665,1129,12
384,1131,12
219,1125,12
758,299,12
219,1126,12
219,291,12
169,1089,12
342,378,12
735,352,12
169,1134,12
169,606,12
384,378,12
342,546,12
169,1107,12
744,1127,12
219,175,12
342,1129,12
342,79,12
342,1127,12
758,574,12
219,1107,12
760,291,12
384,352,12
794,299,12
219,667,12
773,291,12
169,299,12
363,1127,12
498,1087,12
363,1129,12
342,1133,12
384,1089,12
342,1100,12
342,1128,12
498,1127,12
498,1131,12
758,352,12
219,1089,12
342,685,12
758,291,12
498,1130,12
219,1133,12
342,629,12
749,622,12
794,574,12
384,606,12
735,291,12
342,622,12
384,1107,12
498,124,12
384,157,12
498,629,12
760,124,12
384,623,12
735,622,12
498,1134,12
498,352,12
498,606,12
384,299,12
342,1132,12
498,622,12
219,378,12
794,291,12
665,1127,12
498,299,12
342,157,12
498,1129,12
498,79,12
342,623,12
749,299,12
744,124,12
760,574,12
1135,458,13
1136,458,13
1137,458,13
1138,458,13
1139,458,13
1140,458,13
1141,458,13
1142,458,13
1143,458,13
236,458,13
539,458,13
1144,458,13
1145,458,13
1146,458,13
1147,458,13
1148,458,13
283,458,13
1076,458,13
1149,458,13
1150,458,13
1151,458,13
1152,458,13
1153,458,13
1154,458,13
396,458,13
1155,458,13
1084,458,13
1156,458,13
1157,458,13
404,458,13
1158,458,13
198,458,13
1159,458,13
657,458,13
1160,458,13
479,458,13
1086,458,13
1161,458,13
1162,458,13
1163,458,13
827,458,13
430,458,13
500,458,13
290,458,13
496,458,13
1023,727,14
343,644,14
647,722,14
139,716,14
343,722,14
1037,390,14
1023,390,14
1037,723,14
1033,710,14
1023,725,14
519,938,14
519,709,14
911,644,14
911,706,14
1037,725,14
1036,253,14
1036,729,14
519,420,14
576,361,14
1033,726,14
911,1164,14
139,700,14
911,700,14
519,716,14
576,706,14
1032,420,14
731,519,14
1037,710,14
1037,709,14
1037,938,14
343,519,14
1036,700,14
911,709,14
1032,361,14
1026,726,14
1033,723,14
1026,727,14
911,361,14
1034,644,14
1035,1164,14
647,644,14
1032,705,14
647,705,14
1036,395,14
1036,638,14
139,395,14
139,638,14
731,700,14
1026,722,14
139,497,14
911,390,14
139,253,14
1023,723,14
1023,253,14
911,409,14
647,638,14
647,395,14
647,1164,14
139,409,14
1032,706,14
1023,938,14
1037,705,14
1023,709,14
647,723,14
647,253,14
519,361,14
343,716,14
519,390,14
1026,409,14
1034,723,14
139,712,14
731,497,14
1035,726,14
1033,1164,14
1032,644,14
647,706,14
1032,722,14
1033,722,14
911,497,14
1026,716,14
1026,938,14
731,716,14
731,409,14
1026,709,14
1026,497,14
139,723,14
647,361,14
647,700,14
343,700,14
1033,361,14
1033,709,14
1033,938,14
1033,644,14
1033,420,14
1026,420,14
1037,361,14
1034,727,14
519,705,14
519,710,14
139,727,14
1035,644,14
1037,644,14
139,725,14
1037,722,14
647,390,14
1023,710,14
1033,712,14
139,726,14
139,729,14
576,644,14
576,705,14
1033,253,14
519,712,14
1032,519,14
519,706,14
343,395,14
343,638,14
911,722,14
1036,726,14
647,409,14
1036,727,14
1023,726,14
343,497,14
139,709,14
343,253,14
139,938,14
1033,705,14
1026,361,14
731,727,14
1036,722,14
1033,716,14
1026,390,14
1034,938,14
911,712,14
1035,709,14
343,409,14
1034,726,14
1035,938,14
139,1164,14
731,726,14
647,709,14
731,729,14
647,938,14
1033,638,14
1033,395,14
1034,420,14
911,705,14
1034,409,14
576,390,14
911,725,14
1035,420,14
1035,409,14
1034,709,14
647,497,14
1037,706,14
343,712,14
731,710,14
1023,716,14
1034,712,14
731,709,14
1035,723,14
731,938,14
1033,390,14
139,390,14
1034,497,14
1032,716,14
911,723,14
1033,409,14
576,700,14
911,710,14
1036,409,14
647,420,14
1026,710,14
576,725,14
343,723,14
1035,727,14
647,716,14
1034,716,14
911,938,14
1036,716,14
1034,700,14
1035,716,14
1036,938,14
519,725,14
1036,709,14
1035,700,14
731,725,14
731,712,14
1023,700,14
1036,497,14
343,727,14
1032,700,14
343,725,14
1026,706,14
731,390,14
911,729,14
1026,644,14
1023,729,14
731,723,14
911,726,14
1036,420,14
1036,723,14
1026,705,14
343,726,14
1037,519,14
1036,1164,14
1033,706,14
343,729,14
1023,497,14
519,1164,14
576,727,14
576,638,14
576,395,14
1023,361,14
576,409,14
1035,712,14
731,253,14
139,710,14
1034,253,14
343,710,14
1034,390,14
343,709,14
343,938,14
1035,390,14
911,253,14
1034,361,14
1023,420,14
647,727,14
1033,727,14
1032,395,14
1023,706,14
1032,638,14
519,700,14
1032,497,14
139,420,14
519,253,14
519,729,14
1032,253,14
576,938,14
343,1164,14
1035,253,14
1035,361,14
1036,361,14
139,361,14
1036,390,14
576,723,14
139,705,14
1032,409,14
576,729,14
647,710,14
1035,497,14
1037,712,14
1034,705,14
1034,710,14
1032,727,14
1035,705,14
1035,710,14
1037,700,14
343,390,14
647,726,14
1026,725,14
1032,712,14
1033,729,14
731,420,14
1034,395,14
1034,638,14
519,395,14
519,638,14
1033,725,14
139,706,14
1026,712,14
1037,716,14
731,705,14
1023,644,14
139,722,14
1036,710,14
519,644,14
576,722,14
519,727,14
1032,723,14
576,710,14
911,716,14
911,420,14
1023,638,14
1023,395,14
1033,497,14
139,644,14
576,726,14
731,395,14
731,638,14
1034,722,14
1034,706,14
1032,725,14
1036,706,14
1023,1164,14
1035,706,14
1036,644,14
576,709,14
1035,722,14
519,723,14
1036,705,14
1032,726,14
1026,253,14
1026,729,14
1037,638,14
1023,722,14
1032,729,14
911,395,14
647,729,14
1034,519,14
576,712,14
1035,395,14
1035,638,14
1032,710,14
343,420,14
1032,709,14
731,361,14
1032,938,14
1037,727,14
647,725,14
731,644,14
911,727,14
519,409,14
731,722,14
1026,700,14
343,361,14
519,726,14
1037,726,14
343,705,14
1037,729,14
1032,1164,14
1037,395,14
1023,712,14
647,712,14
1026,395,14
1026,638,14
1026,1164,14
139,519,14
1026,519,14
519,722,14
519,497,14
1037,409,14
731,1164,14
1034,1164,14
576,716,14
1032,390,14
1023,705,14
343,706,14
911,638,14
1034,725,14
1036,725,14
1037,1164,14
1035,725,14
1036,712,14
1023,409,14
1033,700,14
1026,723,14
1034,729,14
576,519,14
731,706,14
1035,729,14
243,887,15
243,1165,15
243,835,15
243,1166,15
243,233,15
243,1099,15
243,885,15
243,1167,15
243,548,15
243,892,15
243,1168,15
243,119,15
243,1133,15
243,300,15
243,1169,15
243,1170,15
243,890,15
243,2,15
243,1171,15
243,1172,15
243,389,15
243,80,15
243,351,15
243,463,15
243,637,15
243,357,15
243,1173,15
243,1174,15
243,609,15
243,216,15
243,1175,15
243,592,15
243,883,15
243,591,15
243,1176,15
243,210,15
243,600,15
243,1177,15
243,1148,15
243,1178,15
243,863,15
243,1179,15
243,895,15
243,1180,15
243,170,15
243,1181,15
243,1182,15
243,1183,15
243,189,15
243,1184,15
243,1185,15
243,834,15
243,1115,15
243,1141,15
243,574,15
243,1186,15
243,1187,15
243,641,15
243,764,15
243,1188,15
243,1189,15
243,1190,15
243,877,15
243,801,15
243,901,15
243,666,15
243,381,15
243,852,15
243,1191,15
243,1192,15
243,1193,15
243,1194,15
243,889,15
243,667,15
243,1195,15
243,96,15
243,1196,15
243,1197,15
243,899,15
243,305,15
243,1198,15
243,1199,15
243,321,15
243,1200,15
243,1201,15
243,52,15
243,207,15
243,1202,15
243,362,15
243,1018,15
243,1203,15
243,580,15
243,1204,15
243,830,15
243,437,15
243,649,15
243,1205,15
243,1085,15
243,1206,15
243,1207,15
243,772,15
243,6,15
243,391,15
243,670,15
243,23,15
243,1208,15
243,683,15
243,1209,15
243,568,15
243,1210,15
243,1211,15
243,1212,15
243,1213,15
243,782,15
243,404,15
1214,243,15
243,422,15
243,155,15
243,688,15
243,1215,15
243,1216,15
243,227,15
243,1217,15
243,561,15
243,1218,15
243,784,15
243,629,15
243,505,15
243,1219,15
243,328,15
243,679,15
243,1220,15
243,1221,15
243,882,15
243,1020,15
243,1222,15
243,1223,15
243,879,15
243,1224,15
243,757,15
243,1225,15
243,675,15
243,172,15
243,82,15
243,108,15
243,1079,15
243,1226,15
243,1227,15
243,1228,15
243,1229,15
243,249,15
243,1230,15
243,750,15
243,562,15
243,302,15
243,1231,15
243,818,15
243,1,15
243,1232,15
243,850,15
243,1233,15
243,1234,15
243,1235,15
243,1236,15
243,1237,15
243,1238,15
243,206,15
243,1239,15
243,1240,15
243,1241,15
243,1242,15
243,441,15
243,208,15
243,1243,15
243,1244,15
243,1245,15
243,152,15
243,1246,15
243,1247,15
243,682,15
243,1248,15
243,513,15
243,1249,15
243,1250,15
243,179,15
243,680,15
243,862,15
243,1251,15
243,1252,15
243,746,15
243,1253,15
243,620,15
243,740,15
243,1254,15
243,1255,15
243,1024,15
243,292,15
243,822,15
243,1256,15
243,596,15
243,884,15
243,623,15
925,38,16
1001,38,16
926,655,16
679,636,16
270,1257,16
679,943,16
679,974,16
1258,957,16
587,913,16
455,1259,16
287,977,16
287,316,16
1260,930,16
679,1001,16
491,477,16
72,958,16
861,1261,16
281,655,16
979,1262,16
1083,950,16
543,978,16
464,655,16
84,1261,16
956,1263,16
1260,453,16
1260,1000,16
491,679,16
529,221,16
1258,164,16
529,224,16
142,831,16
275,1262,16
72,442,16
978,1263,16
161,405,16
988,38,16
679,914,16
491,915,16
491,493,16
679,466,16
910,1264,16
1001,1265,16
724,1262,16
1001,702,16
491,455,16
587,1002,16
1266,963,16
587,964,16
145,831,16
175,702,16
491,702,16
175,1265,16
491,1265,16
543,952,16
1266,946,16
543,405,16
41,655,16
359,1263,16
543,175,16
674,38,16
493,655,16
1014,1264,16
287,992,16
543,397,16
287,966,16
287,455,16
254,38,16
940,38,16
679,273,16
972,1257,16
72,33,16
231,1262,16
335,38,16
359,405,16
679,1012,16
979,1265,16
72,679,16
979,702,16
515,655,16
963,405,16
543,992,16
543,940,16
674,1265,16
377,1257,16
310,405,16
655,1261,16
980,1263,16
260,655,16
543,478,16
491,990,16
491,960,16
965,702,16
491,987,16
965,1265,16
929,38,16
724,1257,16
1267,1262,16
529,552,16
276,38,16
952,38,16
281,831,16
1005,1261,16
287,281,16
469,1261,16
347,1261,16
587,205,16
1013,1261,16
975,1261,16
543,150,16
950,702,16
72,397,16
950,1265,16
543,911,16
965,1262,16
72,979,16
72,515,16
522,831,16
1015,702,16
72,920,16
72,981,16
214,1265,16
916,1265,16
214,702,16
275,1264,16
1083,187,16
679,962,16
957,1257,16
194,702,16
1266,540,16
491,636,16
491,911,16
529,595,16
961,1261,16
679,36,16
150,572,16
416,1264,16
679,63,16
922,1264,16
208,1257,16
996,1261,16
491,926,16
917,655,16
491,972,16
976,405,16
602,831,16
491,419,16
1010,702,16
1010,1265,16
1083,442,16
1268,1263,16
587,983,16
416,1261,16
377,655,16
920,405,16
543,204,16
529,184,16
164,150,16
36,655,16
679,1097,16
72,579,16
529,187,16
1097,1257,16
962,405,16
72,639,16
72,171,16
465,38,16
280,1257,16
515,1257,16
529,466,16
200,831,16
491,922,16
1258,964,16
974,1261,16
948,831,16
1266,1005,16
941,1264,16
1266,983,16
543,36,16
1265,405,16
274,1265,16
1258,245,16
274,702,16
1083,914,16
1008,38,16
486,1261,16
1258,260,16
952,655,16
909,655,16
587,958,16
543,595,16
1006,1257,16
359,655,16
565,1261,16
529,464,16
920,1262,16
287,434,16
1004,1263,16
587,968,16
543,962,16
927,1261,16
935,702,16
966,655,16
935,1265,16
287,981,16
287,920,16
282,38,16
1001,1264,16
72,1013,16
38,1261,16
984,702,16
194,831,16
171,1264,16
287,397,16
287,515,16
926,1262,16
679,525,16
1083,282,16
1260,978,16
572,1265,16
972,38,16
1266,205,16
1083,1008,16
1258,262,16
1083,279,16
354,1257,16
541,1263,16
1258,30,16
1083,84,16
1258,1008,16
317,1257,16
1258,279,16
1258,270,16
202,38,16
1258,282,16
214,1264,16
1002,655,16
419,655,16
1266,380,16
72,165,16
587,161,16
984,1257,16
279,655,16
529,925,16
1083,944,16
673,655,16
287,494,16
679,294,16
679,84,16
587,586,16
529,926,16
587,464,16
990,702,16
1002,831,16
990,1265,16
946,1265,16
413,702,16
1012,1264,16
918,831,16
913,1264,16
38,831,16
977,405,16
510,1261,16
150,38,16
491,992,16
485,1257,16
587,954,16
543,990,16
1083,679,16
529,927,16
984,655,16
392,405,16
930,655,16
165,1262,16
543,1097,16
959,702,16
1266,510,16
959,1265,16
944,405,16
679,275,16
1258,1001,16
1258,994,16
1266,142,16
587,977,16
587,316,16
543,999,16
1258,674,16
1258,312,16
347,1264,16
1258,985,16
995,1264,16
989,655,16
63,1264,16
1258,310,16
257,1262,16
965,1264,16
587,201,16
1009,1261,16
165,1265,16
1083,937,16
165,702,16
287,442,16
929,1262,16
1262,1264,16
572,1264,16
1266,453,16
1258,974,16
438,1263,16
679,259,16
673,1261,16
679,195,16
486,1257,16
1258,988,16
1258,917,16
911,1261,16
466,1262,16
586,1265,16
529,955,16
586,702,16
543,972,16
595,1261,16
491,1007,16
529,916,16
543,926,16
377,702,16
958,38,16
200,405,16
913,405,16
1266,593,16
997,1264,16
679,150,16
1266,1002,16
1269,831,16
587,992,16
1266,586,16
287,201,16
636,405,16
1258,175,16
1266,934,16
33,1264,16
455,38,16
1258,924,16
1258,405,16
543,316,16
51,702,16
1260,944,16
1266,980,16
543,977,16
316,702,16
494,1261,16
419,1261,16
997,702,16
1266,204,16
949,831,16
287,928,16
636,1261,16
276,1261,16
1083,702,16
961,38,16
1266,931,16
1260,165,16
1260,940,16
679,274,16
491,273,16
72,909,16
72,413,16
536,702,16
287,821,16
510,405,16
543,681,16
987,1263,16
1260,224,16
1260,221,16
287,347,16
1260,831,16
543,289,16
543,955,16
1260,956,16
1258,33,16
543,202,16
543,455,16
455,1270,16
287,996,16
1108,655,16
587,281,16
586,1262,16
1260,643,16
298,1257,16
921,1263,16
984,1263,16
1260,967,16
1260,932,16
1260,354,16
1260,968,16
1097,1263,16
491,957,16
679,416,16
72,653,16
961,1263,16
221,831,16
679,1014,16
1006,655,16
279,1262,16
1258,979,16
980,38,16
679,335,16
288,702,16
419,1262,16
1260,988,16
679,980,16
587,165,16
989,1257,16
30,702,16
1006,405,16
499,655,16
529,181,16
673,405,16
982,38,16
1260,310,16
195,1257,16
679,327,16
287,971,16
72,275,16
491,1012,16
679,542,16
643,1264,16
988,1257,16
929,1264,16
934,1257,16
652,808,16
959,655,16
988,1262,16
491,965,16
491,260,16
491,262,16
491,254,16
1083,536,16
1083,201,16
1083,200,16
1083,199,16
956,702,16
1083,1271,16
543,958,16
997,1263,16
163,1263,16
312,655,16
287,282,16
973,655,16
1001,405,16
1258,652,16
287,1008,16
287,273,16
377,1262,16
587,952,16
543,515,16
1266,952,16
231,831,16
493,1262,16
275,1263,16
287,993,16
529,486,16
964,831,16
41,1262,16
72,294,16
72,327,16
224,1263,16
287,1267,16
287,991,16
957,1264,16
1260,1264,16
730,1261,16
358,1264,16
405,1264,16
950,405,16
72,1108,16
51,1264,16
529,298,16
41,1264,16
543,434,16
194,405,16
993,1262,16
587,536,16
992,702,16
491,195,16
407,38,16
288,831,16
287,909,16
486,405,16
1258,978,16
995,405,16
943,1261,16
287,413,16
287,976,16
587,397,16
491,282,16
587,515,16
587,979,16
636,1264,16
587,981,16
587,920,16
525,1261,16
958,1257,16
287,933,16
543,986,16
465,320,16
1260,946,16
214,1261,16
72,205,16
287,916,16
33,38,16
966,1261,16
287,377,16
287,541,16
259,1262,16
72,586,16
72,1002,16
491,151,16
287,36,16
72,587,16
72,934,16
515,1262,16
1258,208,16
1258,999,16
491,280,16
1258,197,16
1258,997,16
983,1261,16
1258,298,16
1015,1264,16
491,961,16
287,175,16
525,1264,16
30,1264,16
181,1264,16
918,38,16
674,1262,16
72,978,16
943,831,16
917,38,16
529,1270,16
586,1264,16
36,38,16
515,1265,16
1083,478,16
175,1263,16
1083,196,16
679,579,16
274,1261,16
276,405,16
679,164,16
525,831,16
1014,655,16
977,1261,16
679,639,16
679,171,16
983,1257,16
200,655,16
949,655,16
156,287,16
679,929,16
1266,187,16
543,1005,16
1258,910,16
1260,952,16
392,1261,16
1010,1261,16
287,208,16
565,702,16
1083,327,16
967,1265,16
583,1261,16
287,151,16
405,655,16
946,1264,16
974,702,16
1083,542,16
407,831,16
1260,935,16
1266,982,16
194,1261,16
587,405,16
587,924,16
491,72,16
973,1261,16
72,1012,16
438,1262,16
949,1263,16
201,1261,16
529,681,16
529,38,16
982,1261,16
401,1263,16
543,915,16
465,145,16
543,536,16
1272,1261,16
33,702,16
287,30,16
33,1265,16
639,38,16
1083,229,16
287,270,16
972,1265,16
587,289,16
972,702,16
679,208,16
335,1263,16
979,38,16
1266,41,16
529,980,16
970,405,16
949,1264,16
587,262,16
1083,464,16
1083,543,16
288,1257,16
1270,1263,16
1004,1265,16
1004,702,16
442,831,16
960,831,16
494,831,16
1083,359,16
1258,397,16
821,1263,16
1258,515,16
72,380,16
543,197,16
1258,920,16
1258,981,16
936,702,16
936,1265,16
587,972,16
945,405,16
491,1264,16
995,831,16
142,587,16
1002,1264,16
1083,995,16
486,1264,16
529,961,16
287,962,16
279,1257,16
1260,1003,16
240,38,16
995,655,16
925,655,16
1258,18,16
279,1264,16
529,280,16
1258,583,16
529,175,16
181,38,16
1108,38,16
287,245,16
491,1013,16
923,831,16
165,831,16
955,1257,16
593,1264,16
358,405,16
455,335,16
491,988,16
491,935,16
999,38,16
679,1271,16
917,1264,16
977,655,16
1260,494,16
543,196,16
287,944,16
679,966,16
942,38,16
1083,917,16
934,1262,16
1258,316,16
499,38,16
933,1257,16
1258,971,16
1083,928,16
1258,970,16
371,405,16
529,161,16
1083,164,16
529,655,16
1083,989,16
316,1261,16
196,1262,16
587,935,16
587,988,16
587,973,16
287,911,16
536,38,16
287,358,16
529,963,16
156,702,16
287,336,16
287,371,16
959,1261,16
1266,611,16
327,1257,16
1007,1263,16
679,959,16
679,702,16
543,280,16
679,1265,16
1266,929,16
171,1257,16
975,1264,16
287,1001,16
652,405,16
1269,655,16
281,1263,16
1006,1261,16
587,966,16
229,405,16
946,1262,16
72,952,16
72,984,16
275,1257,16
587,1257,16
543,933,16
587,1008,16
679,964,16
72,936,16
552,1261,16
317,1261,16
587,279,16
1258,958,16
480,1263,16
413,405,16
1083,18,16
354,1264,16
1108,1257,16
159,1261,16
949,1262,16
478,831,16
543,142,16
529,1272,16
1268,655,16
529,962,16
980,1265,16
552,405,16
980,702,16
1266,194,16
288,1262,16
1260,194,16
205,1257,16
51,405,16
587,33,16
1260,229,16
310,1263,16
1266,229,16
1266,921,16
587,1006,16
1260,921,16
1260,552,16
287,478,16
161,1257,16
380,405,16
72,974,16
187,702,16
72,281,16
679,1262,16
940,1263,16
679,673,16
279,831,16
287,401,16
587,909,16
583,405,16
958,1262,16
287,465,16
197,831,16
1260,214,16
586,831,16
543,262,16
455,1273,16
543,975,16
270,1263,16
950,831,16
552,831,16
522,1257,16
587,1009,16
543,208,16
1260,955,16
983,1264,16
1260,289,16
287,985,16
1260,202,16
72,982,16
679,724,16
72,469,16
287,980,16
1005,1263,16
861,1263,16
287,978,16
397,38,16
529,150,16
224,1264,16
962,831,16
221,1262,16
41,38,16
84,1263,16
956,1261,16
679,354,16
1260,611,16
1260,41,16
72,966,16
1083,1003,16
419,831,16
287,1270,16
72,1271,16
978,1261,16
916,1263,16
861,1264,16
491,974,16
1258,150,16
287,924,16
543,163,16
543,965,16
358,831,16
1003,38,16
161,655,16
1260,652,16
485,655,16
455,282,16
327,405,16
491,171,16
988,1264,16
491,499,16
1258,963,16
201,1257,16
491,145,16
491,579,16
466,1261,16
1260,1010,16
1262,1261,16
1258,946,16
944,1264,16
1266,1264,16
1266,1013,16
655,1264,16
543,240,16
543,393,16
287,1002,16
208,1262,16
543,1261,16
199,1264,16
287,276,16
679,945,16
955,702,16
491,161,16
955,1265,16
72,317,16
587,214,16
529,231,16
72,962,16
287,181,16
999,1262,16
145,1265,16
72,1272,16
145,702,16
72,274,16
72,977,16
587,442,16
221,702,16
1260,958,16
1003,1264,16
1083,336,16
72,316,16
1005,1257,16
587,413,16
543,930,16
911,1264,16
928,1257,16
1083,1009,16
962,1261,16
1083,72,16
159,1257,16
1260,970,16
491,959,16
931,831,16
491,941,16
317,1262,16
1083,926,16
1083,477,16
529,861,16
1272,1265,16
1015,1262,16
1272,702,16
587,990,16
587,30,16
493,1257,16
1266,1271,16
587,270,16
36,702,16
181,405,16
469,1263,16
543,200,16
679,480,16
579,1264,16
529,941,16
453,405,16
336,655,16
72,949,16
245,702,16
72,288,16
72,1005,16
288,1261,16
937,38,16
257,1257,16
335,405,16
287,41,16
679,948,16
287,611,16
636,1257,16
529,930,16
491,320,16
977,1264,16
921,655,16
1266,595,16
392,1264,16
453,1257,16
991,405,16
515,831,16
259,831,16
916,38,16
529,910,16
960,655,16
287,529,16
543,51,16
948,655,16
1083,1010,16
996,1263,16
464,702,16
932,1265,16
289,1264,16
260,1257,16
294,1261,16
199,831,16
1083,1006,16
1004,1257,16
935,1262,16
1268,1261,16
529,942,16
1260,525,16
287,214,16
529,494,16
1005,655,16
587,245,16
72,946,16
401,1264,16
529,585,16
1083,941,16
543,288,16
194,1265,16
1015,1265,16
1083,316,16
72,455,16
491,861,16
522,1263,16
72,992,16
36,1262,16
1271,405,16
923,655,16
33,405,16
164,1263,16
478,655,16
1272,1264,16
156,38,16
920,1263,16
944,831,16
1258,983,16
587,469,16
587,982,16
72,990,16
205,1261,16
310,38,16
587,984,16
1267,831,16
161,831,16
861,655,16
543,910,16
1083,335,16
1083,968,16
1083,416,16
529,276,16
1083,1014,16
1260,1097,16
434,1263,16
1108,831,16
208,655,16
917,1262,16
205,1263,16
946,702,16
1260,187,16
927,1263,16
465,205,16
990,831,16
924,1263,16
643,38,16
1266,541,16
287,1005,16
287,288,16
229,1265,16
287,949,16
438,1261,16
145,1263,16
950,655,16
679,940,16
1013,831,16
679,165,16
1083,922,16
1083,681,16
1083,38,16
1266,916,16
1258,205,16
287,199,16
1266,1261,16
416,831,16
494,655,16
1266,240,16
1266,393,16
529,950,16
1266,392,16
1083,156,16
540,1262,16
914,38,16
525,405,16
937,1261,16
543,465,16
595,702,16
679,262,16
1258,380,16
529,1004,16
543,963,16
1258,984,16
72,312,16
981,38,16
1268,405,16
679,975,16
926,702,16
150,702,16
926,1265,16
579,1263,16
994,1262,16
968,1257,16
72,595,16
1260,175,16
543,401,16
413,655,16
587,957,16
929,1265,16
936,1263,16
587,679,16
679,967,16
927,831,16
679,602,16
587,999,16
1008,702,16
587,197,16
1008,1265,16
587,997,16
543,510,16
1266,1108,16
1258,510,16
971,1264,16
72,257,16
455,910,16
336,38,16
653,1261,16
287,194,16
1258,142,16
602,655,16
480,1264,16
917,1257,16
1083,254,16
231,1264,16
1083,965,16
679,1270,16
1083,163,16
245,655,16
1266,294,16
1083,486,16
359,38,16
611,405,16
910,1257,16
985,38,16
587,996,16
1266,933,16
529,257,16
485,38,16
491,275,16
679,163,16
679,965,16
1266,377,16
987,1257,16
962,655,16
679,254,16
595,1265,16
986,38,16
911,1263,16
72,1010,16
536,1262,16
1260,287,16
994,1257,16
1266,181,16
1108,1262,16
957,655,16
289,1262,16
287,393,16
442,1264,16
416,655,16
979,1257,16
956,1264,16
909,38,16
1258,593,16
1258,1002,16
1266,1001,16
914,831,16
200,1261,16
1258,586,16
587,276,16
543,486,16
240,1265,16
587,945,16
1258,587,16
1258,934,16
681,1262,16
289,1265,16
289,702,16
529,652,16
1083,943,16
1083,593,16
1001,831,16
494,1263,16
965,1261,16
434,405,16
636,1263,16
928,405,16
478,1262,16
1266,1015,16
245,1265,16
159,702,16
1266,525,16
159,1265,16
552,702,16
1258,931,16
552,1265,16
542,1262,16
1260,1015,16
941,1265,16
993,1265,16
491,968,16
72,996,16
273,38,16
674,1261,16
987,1261,16
287,941,16
1260,371,16
1260,336,16
1009,1264,16
993,702,16
679,221,16
491,932,16
1260,983,16
966,1263,16
543,499,16
1263,831,16
587,989,16
543,639,16
543,171,16
72,652,16
921,1257,16
287,1003,16
587,928,16
262,1263,16
543,579,16
952,1257,16
928,831,16
1260,273,16
1266,159,16
30,1262,16
392,1262,16
41,1265,16
41,702,16
980,1264,16
1260,275,16
543,1257,16
281,1264,16
978,1264,16
602,1263,16
72,405,16
1004,1262,16
915,405,16
72,175,16
1266,988,16
948,38,16
1001,655,16
1260,257,16
1266,935,16
240,702,16
572,1257,16
478,1265,16
1260,442,16
478,702,16
1258,959,16
1260,541,16
1260,377,16
955,405,16
1260,540,16
159,1262,16
587,1013,16
1260,933,16
195,38,16
913,1265,16
913,702,16
579,405,16
997,405,16
1260,401,16
910,405,16
1260,976,16
1260,1263,16
1260,250,16
1260,909,16
1260,438,16
1260,413,16
1083,204,16
151,38,16
611,1263,16
543,585,16
984,831,16
317,1264,16
371,655,16
1083,962,16
163,1261,16
1014,38,16
1097,831,16
1260,1108,16
1258,1009,16
491,358,16
287,38,16
1258,493,16
287,681,16
529,493,16
529,593,16
260,1262,16
1266,636,16
320,1262,16
1258,980,16
529,937,16
434,1261,16
679,922,16
1010,831,16
145,1261,16
529,949,16
679,161,16
163,702,16
72,963,16
72,142,16
1260,991,16
974,1264,16
273,831,16
491,221,16
491,643,16
491,224,16
1260,653,16
491,831,16
65,587,16
921,1261,16
491,259,16
491,602,16
491,478,16
965,1263,16
724,1263,16
960,1264,16
724,655,16
1000,1261,16
679,595,16
926,1264,16
201,405,16
950,38,16
438,1264,16
920,1264,16
529,1010,16
276,1263,16
1012,1257,16
1083,961,16
1083,948,16
587,1005,16
587,288,16
1258,204,16
1083,280,16
587,949,16
359,1262,16
1013,702,16
1013,1265,16
231,1263,16
465,405,16
287,585,16
491,1272,16
515,38,16
486,655,16
529,478,16
316,831,16
72,30,16
214,1263,16
529,923,16
993,1263,16
465,1262,16
679,187,16
921,405,16
195,831,16
453,831,16
1266,909,16
287,602,16
491,1266,16
466,1257,16
465,161,16
200,1257,16
975,1265,16
257,1261,16
643,1262,16
245,1263,16
956,38,16
287,63,16
1266,652,16
491,956,16
142,1263,16
491,434,16
543,988,16
491,954,16
529,358,16
679,585,16
287,831,16
529,911,16
1083,510,16
175,1261,16
935,831,16
72,1264,16
287,643,16
643,1265,16
317,1265,16
529,336,16
529,565,16
156,181,16
465,171,16
1009,1265,16
72,975,16
1009,702,16
529,730,16
36,831,16
1270,655,16
274,405,16
933,1263,16
674,1263,16
1083,480,16
392,1263,16
1266,927,16
927,655,16
1010,1263,16
1260,911,16
541,655,16
287,979,16
1083,996,16
1266,1268,16
1266,942,16
1266,945,16
543,937,16
289,655,16
257,831,16
587,724,16
194,1263,16
491,927,16
262,1257,16
413,831,16
1267,1257,16
347,405,16
529,282,16
583,831,16
72,995,16
1266,499,16
1260,1014,16
317,702,16
529,1008,16
529,279,16
1083,724,16
679,442,16
72,988,16
72,477,16
434,1264,16
275,1261,16
1272,1263,16
529,1267,16
679,145,16
529,991,16
989,831,16
679,926,16
679,972,16
572,702,16
335,1261,16
679,419,16
611,702,16
587,940,16
611,1265,16
221,38,16
525,655,16
320,831,16
1270,1261,16
587,1267,16
587,991,16
1264,1274,16
954,1261,16
1260,960,16
679,224,16
587,993,16
821,1261,16
587,51,16
294,405,16
970,655,16
1083,673,16
229,831,16
1083,1262,16
276,1257,16
941,38,16
196,702,16
196,1265,16
587,485,16
529,994,16
464,405,16
543,184,16
543,973,16
529,312,16
529,944,16
543,1010,16
996,702,16
72,1009,16
996,1265,16
298,1261,16
72,208,16
413,1261,16
316,1262,16
543,936,16
529,954,16
1083,930,16
962,1264,16
587,164,16
540,1261,16
981,1257,16
587,930,16
679,202,16
909,1265,16
679,955,16
926,1263,16
63,831,16
466,405,16
150,587,16
587,916,16
587,540,16
916,1261,16
587,377,16
587,541,16
1260,963,16
587,933,16
587,911,16
974,1257,16
63,1262,16
595,38,16
72,151,16
1266,572,16
935,655,16
1083,145,16
1266,466,16
1266,317,16
1083,231,16
491,371,16
1266,274,16
1266,320,16
940,1262,16
1264,1273,16
529,936,16
1260,957,16
959,1263,16
572,831,16
1260,655,16
1258,41,16
1258,930,16
1258,611,16
371,38,16
536,831,16
393,1265,16
1083,986,16
393,702,16
289,831,16
1006,1263,16
165,1263,16
543,931,16
1260,298,16
681,1265,16
948,1257,16
1002,405,16
1266,335,16
940,655,16
1266,416,16
72,41,16
1270,405,16
229,1261,16
371,1264,16
1266,1014,16
929,1257,16
175,1264,16
282,702,16
201,38,16
529,156,16
543,831,16
990,1263,16
1266,984,16
985,1257,16
909,1262,16
940,405,16
529,976,16
529,250,16
986,1257,16
984,1261,16
970,1264,16
985,1262,16
486,702,16
997,1265,16
1083,250,16
1258,194,16
312,1261,16
491,930,16
821,1257,16
928,702,16
1266,407,16
1258,229,16
1258,921,16
287,405,16
491,986,16
72,924,16
491,202,16
491,289,16
1260,477,16
287,510,16
679,359,16
529,831,16
1083,913,16
294,1257,16
1012,1261,16
915,702,16
915,1265,16
543,948,16
1258,982,16
175,655,16
935,405,16
478,38,16
960,1263,16
993,831,16
1083,910,16
529,289,16
655,831,16
593,1265,16
270,38,16
593,702,16
587,393,16
392,655,16
915,38,16
1260,966,16
529,214,16
485,1262,16
1268,1264,16
298,655,16
33,655,16
529,972,16
260,38,16
529,1263,16
359,1264,16
952,1264,16
968,831,16
287,259,16
287,948,16
679,486,16
913,1261,16
529,964,16
529,419,16
956,405,16
72,434,16
529,643,16
18,1263,16
491,231,16
730,38,16
184,38,16
287,961,16
587,831,16
586,1263,16
543,1108,16
1260,281,16
491,335,16
491,989,16
1260,916,16
491,164,16
413,1265,16
543,565,16
466,1263,16
287,187,16
1260,977,16
1262,1263,16
585,1264,16
491,928,16
1260,316,16
587,944,16
491,1003,16
287,543,16
250,1261,16
276,1262,16
1003,702,16
543,1263,16
1097,1262,16
587,976,16
940,831,16
543,1003,16
995,1265,16
587,250,16
995,702,16
921,1264,16
1010,1264,16
72,945,16
72,1004,16
72,1268,16
72,942,16
1013,405,16
224,1265,16
529,30,16
1260,469,16
529,935,16
543,1009,16
419,38,16
529,270,16
491,187,16
1265,1261,16
543,1013,16
491,359,16
679,918,16
955,1262,16
491,214,16
491,184,16
978,655,16
924,405,16
287,986,16
543,1268,16
491,925,16
336,831,16
992,1261,16
932,1262,16
491,529,16
491,917,16
491,347,16
491,63,16
652,831,16
491,821,16
952,702,16
943,702,16
942,1264,16
943,1265,16
1266,164,16
987,38,16
204,1264,16
679,999,16
1083,407,16
1083,184,16
287,522,16
1008,655,16
984,1265,16
529,917,16
529,347,16
529,63,16
529,821,16
529,273,16
975,405,16
491,585,16
312,1265,16
354,38,16
465,164,16
164,655,16
208,38,16
583,655,16
72,159,16
987,1264,16
224,1262,16
282,831,16
72,585,16
491,543,16
407,1262,16
1265,1264,16
971,38,16
1258,595,16
975,1257,16
643,831,16
1007,831,16
195,405,16
968,655,16
934,1265,16
199,405,16
1260,915,16
270,1265,16
821,405,16
1083,1000,16
270,1261,16
405,1257,16
990,1262,16
543,944,16
529,442,16
67,587,16
674,1264,16
587,156,16
491,288,16
933,831,16
1258,681,16
587,971,16
72,199,16
260,1264,16
1260,1012,16
491,274,16
1007,1257,16
679,681,16
491,181,16
72,276,16
679,38,16
587,1001,16
1266,1009,16
922,1263,16
974,405,16
962,1263,16
287,595,16
565,1263,16
543,298,16
985,655,16
401,1262,16
327,38,16
515,1263,16
72,971,16
259,38,16
587,335,16
943,405,16
920,831,16
1009,1263,16
960,1257,16
587,1014,16
994,655,16
586,1257,16
959,1264,16
250,655,16
380,1257,16
250,1264,16
724,1265,16
724,702,16
72,480,16
287,184,16
491,937,16
1266,171,16
936,655,16
924,1261,16
543,392,16
401,1265,16
273,1263,16
941,1263,16
1083,1272,16
961,655,16
679,961,16
730,1263,16
163,1264,16
1266,936,16
679,280,16
572,405,16
287,565,16
491,1262,16
587,959,16
72,636,16
587,181,16
1266,1263,16
971,831,16
639,702,16
1010,655,16
1266,465,16
1266,401,16
1258,1261,16
1266,438,16
196,1257,16
358,1265,16
1258,393,16
358,702,16
1258,392,16
587,821,16
937,1263,16
587,917,16
543,655,16
587,63,16
587,347,16
920,1257,16
986,1263,16
1083,1001,16
579,831,16
491,36,16
552,1257,16
1258,702,16
371,1265,16
529,977,16
949,405,16
529,316,16
205,831,16
955,655,16
469,38,16
1083,966,16
954,1264,16
595,405,16
587,960,16
587,636,16
964,405,16
1083,923,16
936,1261,16
1258,480,16
287,359,16
419,1257,16
196,1263,16
208,1261,16
63,1257,16
204,1261,16
164,405,16
327,831,16
587,41,16
587,611,16
455,187,16
1258,1108,16
653,1263,16
1260,1257,16
679,552,16
491,944,16
201,655,16
491,486,16
392,702,16
392,1265,16
380,38,16
934,38,16
171,38,16
1266,918,16
1266,84,16
1258,294,16
1258,952,16
991,38,16
455,515,16
821,1264,16
1266,199,16
287,653,16
1266,201,16
1266,200,16
1258,933,16
585,655,16
151,655,16
480,1262,16
1258,540,16
1258,541,16
1271,38,16
1266,536,16
1258,916,16
543,927,16
543,921,16
543,971,16
1002,1265,16
1002,702,16
543,229,16
491,995,16
18,405,16
543,924,16
491,996,16
240,1264,16
587,956,16
1266,724,16
491,950,16
1260,993,16
543,214,16
587,434,16
200,1263,16
469,1257,16
1260,1267,16
434,655,16
393,38,16
480,702,16
1083,967,16
480,1265,16
909,831,16
1083,354,16
679,1264,16
72,196,16
312,1262,16
1083,978,16
289,1261,16
679,1009,16
529,1005,16
240,1262,16
585,405,16
679,477,16
1266,940,16
1258,1015,16
967,1261,16
287,970,16
1266,165,16
1258,525,16
1260,931,16
1264,831,16
529,999,16
1000,655,16
529,288,16
282,1261,16
279,1261,16
964,1261,16
1260,245,16
679,156,16
1260,602,16
587,522,16
1003,1257,16
491,970,16
202,702,16
1260,964,16
202,1265,16
587,231,16
1258,936,16
1266,455,16
977,1263,16
543,652,16
583,1264,16
611,831,16
587,184,16
543,493,16
572,1262,16
977,1257,16
187,38,16
184,1262,16
960,1262,16
1097,38,16
287,84,16
72,910,16
254,1262,16
602,1261,16
320,702,16
636,831,16
320,1265,16
455,405,16
927,1264,16
543,419,16
1269,405,16
1000,1264,16
287,922,16
1260,724,16
453,1263,16
1271,831,16
915,1261,16
565,1257,16
979,1264,16
287,416,16
639,831,16
1083,552,16
1265,1263,16
72,655,16
593,38,16
679,231,16
1083,270,16
287,679,16
1260,392,16
1260,240,16
1260,393,16
965,655,16
679,522,16
1260,1261,16
973,1257,16
287,335,16
491,948,16
981,1265,16
958,1263,16
231,1257,16
162,1275,16
543,923,16
287,33,16
543,925,16
540,655,16
1266,861,16
1260,142,16
224,1257,16
413,1264,16
1083,602,16
1258,1272,16
936,1264,16
543,494,16
918,655,16
679,861,16
543,949,16
163,405,16
477,655,16
995,1261,16
184,1257,16
529,413,16
1258,636,16
1266,245,16
1005,1262,16
529,920,16
529,981,16
84,1262,16
1083,151,16
679,1257,16
679,941,16
1260,924,16
1260,405,16
491,156,16
529,397,16
529,979,16
529,515,16
72,994,16
72,150,16
1260,986,16
587,910,16
1260,587,16
1260,934,16
491,943,16
171,702,16
287,655,16
416,405,16
679,930,16
1260,586,16
984,38,16
1260,1002,16
932,831,16
491,51,16
724,1261,16
491,962,16
287,1014,16
1000,1263,16
18,655,16
491,1006,16
543,224,16
491,973,16
1083,165,16
453,1264,16
491,485,16
1083,940,16
287,486,16
1083,977,16
354,1262,16
529,485,16
491,336,16
543,1000,16
529,51,16
1258,996,16
1266,587,16
231,1261,16
1083,980,16
262,1264,16
986,831,16
529,973,16
928,1263,16
1266,979,16
1258,943,16
702,1262,16
491,565,16
1260,954,16
993,1261,16
529,1006,16
999,1263,16
983,405,16
1005,702,16
930,38,16
587,312,16
72,565,16
491,681,16
416,1265,16
316,1265,16
491,38,16
955,38,16
491,655,16
287,491,16
930,831,16
199,1265,16
199,702,16
51,1265,16
245,1261,16
187,831,16
587,1015,16
916,1257,16
639,1262,16
552,1264,16
347,1257,16
587,159,16
287,937,16
529,986,16
1083,985,16
1083,310,16
981,655,16
469,1262,16
587,359,16
1015,1263,16
993,405,16
964,1264,16
679,276,16
477,405,16
72,1008,16
491,1267,16
72,279,16
491,991,16
288,1264,16
72,282,16
910,38,16
679,181,16
491,993,16
287,280,16
287,593,16
1260,397,16
923,1257,16
962,1262,16
515,405,16
214,38,16
933,655,16
910,831,16
587,145,16
282,1257,16
72,201,16
72,200,16
1258,1268,16
1258,942,16
1258,945,16
914,1262,16
954,702,16
1266,1007,16
965,405,16
181,1261,16
971,1257,16
679,950,16
72,536,16
996,1262,16
861,1257,16
1258,499,16
946,1263,16
257,1264,16
945,1261,16
491,250,16
935,38,16
1001,1257,16
679,1004,16
587,257,16
159,38,16
72,270,16
529,380,16
250,1257,16
540,405,16
36,1263,16
156,1262,16
529,929,16
1260,1009,16
1270,1257,16
477,831,16
529,499,16
986,655,16
1266,542,16
317,405,16
954,1263,16
36,1265,16
214,655,16
358,1261,16
924,702,16
924,1265,16
536,1264,16
287,918,16
949,1265,16
393,1262,16
949,702,16
679,184,16
587,478,16
1266,915,16
587,970,16
991,1265,16
1266,493,16
991,702,16
595,655,16
529,142,16
914,702,16
914,1265,16
587,294,16
917,1263,16
195,655,16
679,494,16
952,405,16
681,38,16
38,1263,16
543,913,16
287,221,16
287,224,16
491,999,16
992,1264,16
377,38,16
994,1261,16
1083,1258,16
491,197,16
1083,611,16
1083,41,16
926,1261,16
274,655,16
287,327,16
536,1265,16
469,655,16
270,831,16
933,1261,16
491,909,16
529,956,16
587,943,16
931,1257,16
940,1261,16
673,1257,16
161,1264,16
1258,572,16
393,1257,16
1260,593,16
1258,466,16
1258,317,16
1266,679,16
1013,655,16
1258,274,16
1269,1264,16
917,831,16
202,831,16
679,652,16
1266,990,16
231,655,16
1266,987,16
478,1257,16
72,922,16
287,917,16
1258,602,16
653,702,16
587,923,16
653,1265,16
245,1264,16
542,38,16
543,525,16
543,336,16
273,1262,16
165,1261,16
442,38,16
401,655,16
1260,980,16
956,831,16
288,405,16
1083,181,16
287,254,16
287,163,16
1258,335,16
229,1263,16
287,965,16
1258,416,16
924,38,16
730,702,16
1258,1014,16
730,1265,16
990,1261,16
1266,992,16
964,1265,16
543,151,16
964,702,16
156,1261,16
1083,955,16
298,1263,16
1083,262,16
165,1257,16
1266,702,16
413,1263,16
1266,1265,16
287,960,16
990,405,16
1266,972,16
1266,419,16
679,831,16
465,1257,16
536,1263,16
416,702,16
499,1262,16
1258,407,16
202,405,16
289,1263,16
679,643,16
911,1262,16
966,1265,16
966,702,16
1267,702,16
957,1265,16
1267,1265,16
957,702,16
587,486,16
1260,679,16
1012,1263,16
294,38,16
970,38,16
287,995,16
543,250,16
543,194,16
287,257,16
287,915,16
273,702,16
543,976,16
273,1265,16
543,413,16
579,702,16
204,405,16
1260,1272,16
602,1265,16
602,702,16
1269,1265,16
1269,702,16
1260,1007,16
493,1263,16
929,405,16
287,952,16
935,1257,16
494,1262,16
38,655,16
974,38,16
194,1264,16
543,33,16
636,1262,16
964,1257,16
231,405,16
294,1264,16
36,1257,16
529,983,16
1260,161,16
679,937,16
543,993,16
1260,920,16
1260,981,16
679,949,16
942,702,16
942,1265,16
679,1005,16
1260,979,16
1260,515,16
587,980,16
679,1269,16
280,38,16
200,1262,16
983,1262,16
586,1261,16
913,831,16
1002,1263,16
587,204,16
932,1264,16
529,946,16
287,1015,16
464,1263,16
280,831,16
491,281,16
287,636,16
997,1257,16
274,1257,16
1260,1004,16
250,1263,16
1014,405,16
587,36,16
442,1257,16
543,270,16
543,30,16
587,1272,16
72,572,16
975,655,16
480,655,16
958,702,16
72,320,16
1258,320,16
494,1265,16
1266,986,16
494,702,16
72,925,16
72,347,16
72,63,16
543,935,16
72,917,16
587,593,16
988,1263,16
679,478,16
298,16,16
529,205,16
991,1264,16
240,405,16
72,970,16
1260,639,16
1260,171,16
1266,653,16
1097,1265,16
1008,1261,16
1097,702,16
294,831,16
1260,579,16
281,1257,16
1083,194,16
491,1000,16
466,831,16
491,453,16
1267,1264,16
961,1265,16
925,1261,16
961,702,16
937,1264,16
163,1262,16
1083,921,16
254,1263,16
529,371,16
491,442,16
543,310,16
1266,913,16
529,1000,16
543,985,16
1266,1272,16
529,453,16
679,358,16
359,1265,16
974,831,16
529,480,16
72,260,16
976,1257,16
1004,831,16
679,464,16
679,371,16
320,1263,16
679,565,16
543,957,16
491,276,16
491,1005,16
229,655,16
397,1264,16
679,730,16
932,38,16
1083,935,16
702,1265,16
257,702,16
72,941,16
257,1265,16
393,655,16
491,494,16
587,480,16
491,469,16
434,1257,16
491,982,16
72,262,16
1266,480,16
679,973,16
438,1257,16
679,298,16
673,38,16
1004,1261,16
587,280,16
187,655,16
413,1257,16
923,1262,16
587,221,16
587,224,16
529,393,16
529,469,16
529,982,16
679,282,16
455,587,16
455,586,16
679,1008,16
72,464,16
72,543,16
679,279,16
983,1265,16
214,1262,16
679,993,16
1266,327,16
72,197,16
288,655,16
72,359,16
679,991,16
992,1263,16
1013,38,16
945,1265,16
927,1257,16
1260,985,16
543,1015,16
515,1261,16
990,1257,16
931,38,16
529,359,16
371,702,16
510,1263,16
982,702,16
196,405,16
982,1265,16
72,529,16
1266,273,16
485,1264,16
72,1097,16
681,1257,16
287,1272,16
587,317,16
1266,275,16
730,1264,16
529,18,16
1083,958,16
1083,419,16
543,358,16
996,831,16
72,542,16
259,1257,16
972,831,16
679,994,16
994,38,16
465,1263,16
195,1264,16
941,1261,16
679,281,16
679,312,16
679,944,16
587,298,16
652,702,16
922,831,16
679,956,16
499,1257,16
679,434,16
164,142,16
991,831,16
491,150,16
982,405,16
941,405,16
405,831,16
1260,499,16
1258,914,16
982,1264,16
397,1263,16
1258,465,16
1258,401,16
72,926,16
543,989,16
1258,438,16
194,1262,16
72,419,16
72,972,16
1083,983,16
1260,910,16
175,405,16
673,831,16
1266,1012,16
197,702,16
197,1265,16
287,204,16
655,1257,16
963,587,16
929,655,16
679,151,16
1272,1262,16
679,175,16
142,1261,16
941,831,16
393,831,16
987,405,16
438,405,16
347,38,16
287,1262,16
491,163,16
981,1263,16
196,1261,16
1005,38,16
1260,1006,16
1083,916,16
72,195,16
204,1263,16
1083,541,16
1083,377,16
1083,540,16
917,1265,16
1083,933,16
917,702,16
455,655,16
259,405,16
161,38,16
1083,401,16
940,702,16
1083,1263,16
587,927,16
1266,985,16
943,655,16
587,187,16
491,975,16
1083,438,16
298,1264,16
287,927,16
287,196,16
1258,918,16
956,1265,16
1258,84,16
455,312,16
925,1262,16
1258,199,16
679,976,16
1258,201,16
1258,200,16
679,250,16
1266,310,16
477,1263,16
540,1265,16
1260,1269,16
540,702,16
1258,536,16
250,831,16
1006,702,16
1083,993,16
1083,1267,16
565,38,16
587,965,16
970,1265,16
1083,991,16
543,466,16
587,583,16
1083,289,16
287,702,16
587,18,16
287,1265,16
1258,724,16
543,274,16
1083,932,16
1083,202,16
1083,273,16
1266,163,16
1266,965,16
1266,260,16
1266,262,16
1266,254,16
1266,975,16
529,966,16
1083,275,16
1266,486,16
942,831,16
954,1265,16
944,1257,16
455,259,16
1266,280,16
934,405,16
413,1262,16
636,38,16
952,1261,16
1266,961,16
287,275,16
1266,434,16
967,1263,16
72,986,16
1266,954,16
679,214,16
1258,940,16
931,1262,16
491,201,16
1258,165,16
282,1263,16
964,1263,16
992,1257,16
1271,1257,16
1003,1263,16
287,453,16
1260,294,16
679,245,16
1268,1257,16
1260,929,16
1006,1262,16
1005,831,16
911,831,16
997,1261,16
1260,358,16
543,281,16
282,1264,16
925,1263,16
966,405,16
543,974,16
957,405,16
861,831,16
1003,655,16
1266,195,16
287,279,16
909,1263,16
1266,926,16
970,1262,16
1083,1108,16
380,831,16
1260,636,16
1013,1264,16
1260,1271,16
542,831,16
976,38,16
980,1257,16
455,15,16
985,1263,16
159,831,16
999,702,16
602,405,16
915,1263,16
679,925,16
679,989,16
397,702,16
975,1263,16
942,405,16
1264,1263,16
202,1257,16
221,1264,16
275,831,16
1260,205,16
274,1264,16
964,1262,16
679,30,16
994,1265,16
72,187,16
973,38,16
679,270,16
593,831,16
915,1264,16
958,1261,16
1266,914,16
84,1257,16
861,1262,16
543,1004,16
1083,214,16
1260,674,16
1260,312,16
983,655,16
543,920,16
543,981,16
529,922,16
1260,994,16
543,979,16
1260,150,16
287,1013,16
171,1263,16
981,1262,16
287,936,16
72,861,16
196,1264,16
995,1263,16
1260,962,16
455,1263,16
72,84,16
679,201,16
202,1264,16
491,964,16
679,917,16
679,347,16
72,51,16
679,821,16
980,1261,16
416,1263,16
72,973,16
1258,250,16
161,1262,16
494,38,16
72,485,16
202,655,16
275,405,16
287,493,16
254,1257,16
72,914,16
465,197,16
543,922,16
679,401,16
595,1264,16
491,515,16
442,702,16
491,985,16
491,310,16
1083,525,16
961,1257,16
1260,1001,16
1083,1015,16
724,405,16
478,1264,16
407,1263,16
1083,911,16
377,1265,16
279,1263,16
1083,358,16
491,981,16
1083,371,16
529,985,16
434,831,16
529,310,16
287,994,16
1266,478,16
992,655,16
1260,821,16
989,405,16
679,988,16
287,312,16
287,674,16
1267,38,16
1269,1263,16
999,1261,16
679,935,16
1260,204,16
1260,63,16
491,30,16
911,655,16
540,1263,16
491,1008,16
145,16,16
491,279,16
491,270,16
963,1262,16
997,655,16
973,831,16
150,1263,16
543,593,16
208,1264,16
529,913,16
455,1257,16
932,1263,16
1000,831,16
724,38,16
310,1262,16
491,175,16
724,1264,16
491,924,16
491,405,16
151,1263,16
611,38,16
971,702,16
971,1265,16
587,926,16
927,1262,16
587,1262,16
587,419,16
587,673,16
466,1265,16
1015,1261,16
466,702,16
1083,976,16
359,831,16
282,655,16
529,924,16
529,405,16
72,681,16
72,38,16
1083,1012,16
156,1265,16
943,38,16
287,940,16
287,165,16
971,1262,16
72,156,16
491,994,16
30,1263,16
993,655,16
491,674,16
525,38,16
652,85,16
1108,587,16
992,1265,16
992,1262,16
465,194,16
529,1257,16
224,655,16
587,955,16
1266,966,16
976,1262,16
918,1263,16
602,1264,16
181,1263,16
72,36,16
922,702,16
1258,1007,16
922,1265,16
674,831,16
990,655,16
653,1264,16
205,702,16
946,1261,16
205,1265,16
464,38,16
945,1263,16
491,652,16
1014,702,16
1083,653,16
1014,1265,16
679,960,16
491,1097,16
933,702,16
380,655,16
336,1264,16
543,909,16
679,977,16
287,536,16
679,316,16
36,1261,16
145,38,16
287,200,16
1266,405,16
327,1262,16
989,1261,16
921,831,16
565,1262,16
968,405,16
639,1263,16
1005,405,16
159,1264,16
165,1264,16
1258,542,16
358,1263,16
1010,1257,16
587,510,16
72,280,16
312,1257,16
401,38,16
679,952,16
941,702,16
151,831,16
1258,327,16
1009,1262,16
72,960,16
72,961,16
205,1262,16
652,94,16
1266,974,16
1266,63,16
543,245,16
529,1108,16
1258,915,16
477,1265,16
477,702,16
287,958,16
917,1261,16
1083,957,16
464,1262,16
1015,405,16
977,38,16
1083,936,16
491,1270,16
229,1264,16
925,1264,16
1260,1013,16
977,831,16
1015,655,16
221,1265,16
1008,1263,16
730,1262,16
1266,161,16
543,1006,16
1272,405,16
587,259,16
587,948,16
18,1265,16
18,702,16
287,250,16
1266,1262,16
1266,673,16
937,1262,16
316,1257,16
925,405,16
583,1262,16
652,1257,16
1267,655,16
1083,927,16
72,593,16
1083,281,16
982,1263,16
72,985,16
587,934,16
486,1265,16
1258,679,16
1266,477,16
946,405,16
914,1264,16
529,702,16
287,956,16
1258,990,16
201,831,16
491,1004,16
1258,987,16
552,38,16
491,923,16
281,1261,16
946,655,16
967,1257,16
585,702,16
679,927,16
529,1097,16
957,1262,16
529,434,16
944,1262,16
679,197,16
679,997,16
491,1257,16
968,1261,16
934,702,16
499,1263,16
1083,434,16
287,954,16
989,38,16
405,1261,16
1260,984,16
181,655,16
397,831,16
653,1262,16
572,38,16
1266,639,16
1258,992,16
1258,455,16
1266,522,16
1266,145,16
1266,579,16
652,1264,16
455,466,16
993,1257,16
1271,1262,16
1260,595,16
1258,1265,16
51,38,16
72,499,16
287,910,16
156,405,16
287,1006,16
913,1263,16
1083,960,16
1258,926,16
287,973,16
1258,972,16
72,494,16
536,1261,16
1258,419,16
279,702,16
72,1007,16
529,587,16
529,934,16
320,655,16
480,38,16
1260,927,16
529,1002,16
84,702,16
1108,1261,16
1266,911,16
529,586,16
221,405,16
38,1262,16
529,952,16
202,1261,16
1260,274,16
287,540,16
1260,466,16
1260,317,16
163,655,16
145,1257,16
611,655,16
510,655,16
639,1257,16
33,1263,16
543,380,16
72,1262,16
1262,831,16
543,991,16
587,994,16
1266,959,16
289,1257,16
204,702,16
1266,941,16
587,674,16
679,942,16
493,1261,16
1266,950,16
536,405,16
960,38,16
397,405,16
1260,1268,16
1260,942,16
679,1002,16
681,405,16
543,1267,16
455,442,16
453,1265,16
1083,963,16
679,288,16
679,909,16
679,920,16
679,981,16
1260,949,16
1260,987,16
1260,990,16
1260,288,16
1260,1005,16
491,298,16
821,655,16
679,397,16
679,979,16
679,515,16
543,161,16
679,586,16
543,586,16
543,674,16
543,312,16
543,1002,16
543,994,16
636,1265,16
316,1263,16
636,702,16
909,702,16
989,1264,16
543,587,16
543,934,16
928,655,16
30,38,16
1266,930,16
930,702,16
593,1262,16
930,1265,16
990,1264,16
184,1263,16
943,1264,16
287,946,16
587,336,16
493,831,16
478,405,16
522,405,16
587,371,16
984,1264,16
679,485,16
587,602,16
679,51,16
587,978,16
491,1268,16
994,1263,16
541,1257,16
529,1261,16
920,655,16
1260,585,16
679,1010,16
529,240,16
930,1262,16
150,1264,16
529,392,16
453,1262,16
316,405,16
72,999,16
679,510,16
72,298,16
72,997,16
679,1006,16
1265,1262,16
1260,455,16
257,1263,16
1260,992,16
275,702,16
543,983,16
275,1265,16
1266,996,16
920,1265,16
920,702,16
1260,181,16
491,971,16
72,214,16
41,1257,16
491,159,16
287,480,16
1001,1262,16
587,254,16
587,163,16
254,1261,16
936,1257,16
1003,831,16
989,1265,16
72,954,16
989,702,16
1083,159,16
679,986,16
491,945,16
529,971,16
510,1257,16
72,1265,16
493,405,16
72,702,16
999,1265,16
145,1262,16
434,1262,16
320,1261,16
968,1264,16
287,1004,16
910,1262,16
988,831,16
974,655,16
911,1265,16
611,1261,16
491,397,16
491,979,16
1266,924,16
1258,1003,16
491,920,16
950,1262,16
1260,925,16
1260,347,16
466,38,16
287,932,16
1260,917,16
963,1263,16
1266,995,16
491,958,16
1000,1262,16
933,1265,16
287,923,16
543,205,16
679,1013,16
254,831,16
491,18,16
240,1257,16
491,583,16
287,466,16
287,1007,16
529,958,16
72,583,16
966,1264,16
702,1263,16
287,974,16
72,18,16
287,407,16
1008,1257,16
491,955,16
1083,974,16
928,1261,16
918,1257,16
465,240,16
679,380,16
913,38,16
491,977,16
1083,522,16
72,673,16
491,316,16
988,405,16
933,1262,16
587,922,16
587,962,16
643,1261,16
916,1262,16
652,38,16
962,38,16
195,702,16
72,959,16
195,1265,16
156,1263,16
1266,968,16
529,957,16
1258,273,16
1266,354,16
529,943,16
543,156,16
958,1265,16
1083,982,16
1258,276,16
1083,469,16
515,702,16
1266,967,16
1266,932,16
1258,275,16
35,587,16
1000,1265,16
1000,702,16
529,978,16
965,1257,16
679,984,16
1260,196,16
529,281,16
491,196,16
540,1264,16
1010,1262,16
465,1261,16
287,1261,16
163,1265,16
679,142,16
1266,960,16
194,655,16
287,972,16
377,1261,16
1083,465,16
1083,988,16
529,995,16
936,405,16
260,1265,16
184,655,16
972,405,16
1260,936,16
38,587,16
491,914,16
542,655,16
543,159,16
1083,245,16
540,1257,16
72,821,16
486,38,16
583,38,16
336,405,16
491,976,16
1083,964,16
679,529,16
465,1264,16
397,655,16
1083,954,16
587,1010,16
1268,38,16
529,41,16
287,298,16
529,611,16
914,1263,16
930,1264,16
354,702,16
354,1265,16
150,1261,16
996,38,16
63,655,16
72,552,16
164,831,16
312,1264,16
679,260,16
287,945,16
1083,36,16
529,673,16
287,942,16
287,1268,16
981,1261,16
287,950,16
407,702,16
991,1263,16
981,831,16
18,1257,16
336,1261,16
1258,929,16
987,655,16
407,1265,16
18,1261,16
1083,392,16
1083,240,16
1083,393,16
142,702,16
466,655,16
1083,1261,16
954,1262,16
1266,221,16
1266,643,16
1266,224,16
1266,831,16
491,354,16
1266,948,16
1266,259,16
320,1264,16
1007,38,16
679,923,16
968,1265,16
1258,913,16
72,358,16
312,405,16
529,1013,16
679,33,16
944,1263,16
72,980,16
986,405,16
928,38,16
298,1262,16
565,1265,16
1015,1257,16
916,702,16
565,1264,16
491,997,16
957,831,16
587,1003,16
950,1257,16
964,655,16
72,911,16
257,655,16
541,38,16
491,910,16
72,407,16
972,1261,16
1083,946,16
171,16,16
1260,151,16
579,38,16
959,1262,16
197,655,16
1258,163,16
1258,965,16
1268,831,16
477,1261,16
298,702,16
1258,254,16
1258,975,16
1266,937,16
371,1262,16
653,831,16
72,932,16
1258,486,16
1258,280,16
63,405,16
280,702,16
280,1265,16
543,254,16
1258,956,16
455,1261,16
934,1261,16
929,702,16
1258,954,16
540,38,16
652,1262,16
1108,702,16
1008,1262,16
587,681,16
197,16,16
1267,1263,16
595,1262,16
72,923,16
679,983,16
1014,1261,16
1083,674,16
224,831,16
587,327,16
913,655,16
1012,702,16
529,151,16
1012,1265,16
280,655,16
175,38,16
287,963,16
51,1257,16
1266,602,16
282,1265,16
587,1004,16
909,1261,16
918,1262,16
1258,195,16
930,405,16
1258,491,16
541,1264,16
529,988,16
922,1257,16
455,565,16
543,583,16
51,1262,16
1012,405,16
543,18,16
967,831,16
316,1264,16
287,145,16
552,1262,16
1007,1262,16
204,38,16
1083,1257,16
1264,1261,16
72,943,16
993,1264,16
72,1270,16
1260,465,16
392,38,16
986,1261,16
1260,195,16
1266,944,16
942,1261,16
1260,491,16
1260,30,16
455,407,16
587,274,16
1260,380,16
1258,1012,16
679,205,16
988,1261,16
1266,655,16
438,38,16
510,38,16
543,187,16
1266,485,16
923,1264,16
150,1262,16
543,469,16
200,38,16
485,1263,16
1264,1257,16
958,405,16
491,380,16
287,583,16
491,984,16
978,1265,16
978,702,16
948,1263,16
996,1257,16
1270,38,16
434,38,16
72,478,16
1260,730,16
979,1261,16
679,1000,16
1260,565,16
499,1264,16
151,1257,16
541,1261,16
913,1262,16
491,983,16
1260,260,16
287,231,16
643,1257,16
1260,975,16
1260,262,16
916,655,16
419,1263,16
593,1263,16
1083,984,16
72,937,16
920,1261,16
1260,918,16
466,1268,16
1002,1262,16
967,405,16
679,946,16
543,673,16
679,978,16
1003,1261,16
159,655,16
923,1263,16
1083,931,16
988,702,16
407,1261,16
988,1265,16
465,831,16
587,702,16
72,964,16
587,1265,16
681,1264,16
543,941,16
1083,1270,16
250,1262,16
72,254,16
529,510,16
438,831,16
72,965,16
72,163,16
679,469,16
281,405,16
679,982,16
287,260,16
491,205,16
181,1257,16
493,702,16
493,1265,16
679,911,16
933,38,16
1083,494,16
401,831,16
1260,485,16
999,405,16
455,275,16
1260,51,16
913,1257,16
935,1264,16
491,1002,16
950,1263,16
72,930,16
491,586,16
543,354,16
151,1261,16
491,934,16
679,407,16
491,653,16
984,405,16
72,493,16
1008,405,16
72,674,16
982,655,16
1266,976,16
976,831,16
679,336,16
928,1265,16
587,407,16
679,18,16
491,949,16
923,38,16
1270,831,16
966,831,16
274,38,16
1266,1097,16
184,702,16
327,702,16
327,1265,16
72,915,16
963,655,16
491,510,16
679,915,16
72,224,16
72,221,16
72,643,16
72,831,16
287,542,16
491,142,16
57,587,16
1000,38,16
354,831,16
187,1257,16
543,946,16
407,655,16
72,602,16
679,493,16
491,33,16
529,1007,16
946,1257,16
983,38,16
918,1261,16
587,995,16
194,38,16
38,1257,16
1266,202,16
1266,289,16
1266,955,16
910,1261,16
1083,924,16
1083,405,16
1258,1271,16
529,33,16
1083,175,16
294,1262,16
84,831,16
257,38,16
1083,587,16
1083,934,16
968,38,16
674,702,16
995,38,16
986,1264,16
1083,586,16
940,1257,16
1083,1002,16
72,377,16
163,1257,16
1272,38,16
240,655,16
310,1257,16
455,1264,16
989,1263,16
72,540,16
72,1000,16
491,978,16
932,1261,16
587,380,16
586,655,16
639,1261,16
536,1257,16
974,1262,16
529,996,16
583,1265,16
33,1262,16
583,702,16
911,1257,16
221,1257,16
926,405,16
587,310,16
587,985,16
181,831,16
164,1257,16
72,940,16
287,987,16
354,405,16
730,831,16
199,655,16
529,540,16
529,541,16
529,377,16
197,1261,16
945,831,16
486,1262,16
1258,655,16
491,931,16
587,652,16
529,933,16
480,831,16
245,1262,16
142,1265,16
1260,434,16
1083,730,16
197,405,16
932,405,16
611,1257,16
679,1015,16
917,405,16
529,918,16
679,413,16
611,1262,16
205,1264,16
491,542,16
1258,927,16
407,1264,16
1258,161,16
1083,920,16
1083,981,16
204,1257,16
1083,397,16
1014,831,16
1083,979,16
1083,515,16
1258,1262,16
1270,1265,16
1258,673,16
142,38,16
1266,359,16
974,1265,16
529,204,16
1266,214,16
1266,184,16
954,831,16
199,1262,16
1271,702,16
995,1257,16
1271,1265,16
195,1263,16
165,405,16
312,1263,16
491,200,16
861,1265,16
916,405,16
273,1257,16
1258,477,16
529,993,16
679,257,16
924,655,16
287,730,16
1266,910,16
510,1262,16
937,1265,16
51,655,16
335,1264,16
994,405,16
994,702,16
586,405,16
464,1264,16
587,936,16
937,702,16
287,1263,16
1266,585,16
968,1263,16
639,405,16
499,1261,16
287,438,16
204,1262,16
405,1263,16
63,1265,16
1083,639,16
1083,171,16
587,1012,16
587,961,16
1266,464,16
1266,543,16
1083,579,16
1266,989,16
1083,33,16
1258,639,16
1258,171,16
1258,522,16
1083,1007,16
1258,145,16
1258,579,16
287,1271,16
1083,1013,16
1258,231,16
1266,928,16
1083,1264,16
287,1010,16
861,38,16
371,1263,16
673,1262,16
929,1261,16
413,38,16
994,1264,16
1260,208,16
543,964,16
1006,1264,16
529,931,16
287,990,16
240,1261,16
485,405,16
587,914,16
982,831,16
202,1263,16
287,1012,16
72,510,16
963,1257,16
510,702,16
1108,405,16
510,1265,16
499,831,16
358,38,16
1258,861,16
317,38,16
543,602,16
976,655,16
1260,950,16
1266,925,16
579,1262,16
986,1265,16
986,702,16
1266,529,16
205,655,16
1266,917,16
1266,347,16
1083,1004,16
1266,821,16
1258,941,16
587,494,16
985,1265,16
985,702,16
925,831,16
1258,950,16
1000,1257,16
41,405,16
274,831,16
928,1262,16
543,1265,16
397,1261,16
975,702,16
967,1262,16
931,1263,16
393,1263,16
1083,652,16
681,1261,16
679,971,16
924,1257,16
491,208,16
679,910,16
221,1261,16
673,702,16
673,1265,16
442,1263,16
72,935,16
585,1261,16
963,1265,16
679,970,16
602,1262,16
954,655,16
525,1263,16
1266,494,16
992,831,16
287,929,16
565,831,16
543,943,16
679,159,16
970,1263,16
543,1270,16
922,1261,16
1260,197,16
184,1261,16
1260,999,16
250,38,16
1260,997,16
156,831,16
434,1265,16
434,702,16
955,831,16
1083,1097,16
587,195,16
655,587,16
529,438,16
529,536,16
287,935,16
287,988,16
529,199,16
679,985,16
529,201,16
529,200,16
910,702,16
679,1267,16
529,465,16
529,401,16
639,655,16
491,946,16
522,655,16
978,38,16
975,1262,16
1266,1003,16
491,480,16
1260,276,16
952,1265,16
72,164,16
72,989,16
491,327,16
1260,320,16
336,1257,16
287,274,16
543,221,16
543,552,16
419,405,16
72,928,16
529,984,16
1260,572,16
679,913,16
401,1261,16
270,702,16
72,956,16
1260,861,16
909,1264,16
510,1264,16
522,38,16
1012,655,16
995,1262,16
921,1265,16
921,702,16
287,925,16
491,952,16
464,1257,16
909,1257,16
72,416,16
41,1261,16
72,1014,16
679,924,16
679,405,16
529,1268,16
543,480,16
529,945,16
407,1257,16
72,335,16
161,1263,16
485,831,16
1276,587,16
156,655,16
1260,941,16
1260,1270,16
585,831,16
1083,197,16
151,1265,16
84,1264,16
151,702,16
972,1264,16
288,38,16
971,1263,16
1258,995,16
643,1263,16
455,393,16
171,1265,16
529,159,16
529,1264,16
72,273,16
1083,161,16
250,405,16
587,525,16
922,405,16
944,655,16
587,84,16
72,931,16
543,1001,16
702,1261,16
491,966,16
1083,493,16
730,655,16
927,38,16
287,499,16
1083,915,16
1266,999,16
280,405,16
1260,974,16
287,229,16
1269,1262,16
287,921,16
541,405,16
287,1009,16
595,1257,16
543,259,16
1002,1261,16
1258,977,16
1266,552,16
543,257,16
985,1264,16
491,257,16
963,831,16
380,1264,16
416,38,16
992,38,16
999,1264,16
587,477,16
327,1263,16
1258,968,16
1009,38,16
287,964,16
1258,354,16
1008,1264,16
959,831,16
1258,967,16
1258,932,16
491,611,16
1083,959,16
262,405,16
915,1257,16
970,831,16
587,438,16
1004,38,16
679,1108,16
587,401,16
587,465,16
977,1262,16
587,1263,16
821,38,16
274,1262,16
1258,960,16
543,984,16
377,1263,16
1083,298,16
543,960,16
254,1264,16
963,1261,16
522,1264,16
983,702,16
679,310,16
38,405,16
945,702,16
201,702,16
194,1257,16
201,1265,16
1014,1262,16
579,1257,16
273,655,16
298,1265,16
310,1261,16
543,917,16
1083,294,16
72,229,16
510,831,16
587,1000,16
587,453,16
72,921,16
976,1263,16
529,583,16
72,194,16
984,1262,16
970,1257,16
973,1262,16
529,909,16
181,1262,16
491,194,16
914,1261,16
201,1262,16
934,831,16
287,930,16
491,229,16
1264,587,16
491,921,16
572,655,16
945,1262,16
30,831,16
287,464,16
287,967,16
1083,1266,16
453,38,16
259,1261,16
1083,1269,16
587,275,16
491,936,16
358,1257,16
205,38,16
529,970,16
164,38,16
611,1264,16
529,928,16
991,1261,16
72,950,16
950,1264,16
336,1263,16
1003,1265,16
229,1262,16
952,1263,16
1270,1264,16
1083,205,16
543,970,16
358,1262,16
702,1257,16
377,831,16
310,831,16
298,405,16
960,1261,16
1266,156,16
643,587,16
529,164,16
464,1265,16
1266,1270,16
262,655,16
1258,221,16
1258,643,16
1266,943,16
1258,224,16
41,831,16
270,1262,16
1258,831,16
455,702,16
1258,948,16
1258,259,16
181,1265,16
175,831,16
181,702,16
377,405,16
543,438,16
1258,961,16
1014,1257,16
196,655,16
529,992,16
529,455,16
204,1265,16
585,1263,16
151,1264,16
543,1262,16
1266,371,16
1266,336,16
1266,358,16
1258,434,16
981,1264,16
287,861,16
1271,1263,16
359,1257,16
679,934,16
587,1007,16
84,655,16
1266,565,16
493,1264,16
918,1265,16
245,1257,16
288,1265,16
972,1263,16
72,1006,16
1266,730,16
587,915,16
72,976,16
593,1257,16
587,493,16
204,831,16
1266,681,16
958,831,16
354,655,16
1266,38,16
1260,982,16
1083,636,16
1266,413,16
821,1265,16
287,1264,16
821,702,16
1258,937,16
453,655,16
914,405,16
208,405,16
453,1261,16
282,587,16
996,405,16
543,945,16
980,405,16
967,38,16
934,1263,16
543,942,16
469,405,16
936,38,16
63,1261,16
529,196,16
156,1264,16
1267,1261,16
1006,831,16
529,229,16
957,1263,16
529,921,16
529,194,16
205,16,16
587,950,16
961,831,16
1083,1265,16
273,1261,16
1266,1267,16
543,529,16
38,1264,16
1266,991,16
543,1264,16
543,231,16
702,38,16
679,954,16
543,145,16
1266,993,16
543,929,16
543,961,16
587,925,16
1266,51,16
1266,962,16
1258,478,16
1266,36,16
1266,1006,16
1264,15,16
1083,150,16
1266,973,16
1266,1010,16
464,831,16
393,1261,16
380,1261,16
653,655,16
529,320,16
587,967,16
543,464,16
587,595,16
529,572,16
930,1263,16
142,572,16
72,948,16
72,259,16
587,273,16
928,1264,16
985,405,16
287,525,16
1260,536,16
1260,201,16
1260,200,16
1260,199,16
1266,250,16
942,1263,16
280,1262,16
679,1261,16
1258,944,16
679,240,16
997,831,16
587,942,16
679,392,16
201,1264,16
197,1264,16
150,1265,16
1260,914,16
1258,1263,16
279,38,16
1266,151,16
485,1261,16
393,405,16
543,980,16
587,499,16
38,1265,16
30,655,16
163,38,16
72,957,16
915,655,16
948,1261,16
1265,655,16
18,831,16
442,1265,16
1258,923,16
587,987,16
1260,937,16
287,572,16
543,41,16
1258,653,16
543,611,16
979,1263,16
702,405,16
529,990,16
936,831,16
529,1009,16
529,987,16
981,702,16
1260,282,16
956,1262,16
681,702,16
1260,1008,16
1267,405,16
1260,279,16
593,1261,16
195,1262,16
1260,943,16
204,655,16
1260,84,16
72,486,16
187,405,16
978,1262,16
270,655,16
287,195,16
1083,142,16
273,405,16
587,941,16
151,1262,16
982,1262,16
595,831,16
254,702,16
948,1264,16
254,1265,16
1014,1263,16
945,1257,16
543,821,16
491,294,16
347,702,16
1012,831,16
347,1265,16
187,1261,16
494,405,16
36,405,16
946,38,16
287,957,16
294,1265,16
543,320,16
572,1263,16
287,1108,16
958,655,16
543,572,16
1083,583,16
926,1257,16
491,1010,16
679,958,16
529,294,16
380,1262,16
287,197,16
72,724,16
491,1261,16
1013,1262,16
1266,150,16
491,240,16
491,393,16
491,392,16
587,552,16
229,1257,16
963,1264,16
921,38,16
260,1263,16
199,1263,16
250,1265,16
931,1265,16
250,702,16
931,702,16
72,204,16
1260,478,16
911,405,16
469,1264,16
491,1001,16
529,636,16
587,320,16
310,655,16
294,702,16
587,572,16
1266,1257,16
1001,1263,16
543,335,16
587,229,16
1108,1264,16
587,921,16
151,405,16
72,987,16
587,194,16
529,1001,16
543,1014,16
543,416,16
585,1257,16
948,405,16
287,931,16
967,1264,16
542,1257,16
159,405,16
455,229,16
991,1257,16
1263,1261,16
652,655,16
602,1257,16
491,1108,16
416,1262,16
1262,1257,16
72,983,16
529,914,16
224,38,16
985,1261,16
1266,922,16
910,1263,16
1005,1264,16
525,702,16
965,38,16
940,1264,16
287,934,16
948,1262,16
287,586,16
469,831,16
201,1263,16
525,1265,16
529,36,16
229,702,16
1258,202,16
491,933,16
1258,289,16
1258,955,16
543,914,16
935,1261,16
491,540,16
491,541,16
491,377,16
540,831,16
945,38,16
491,916,16
465,702,16
999,1257,16
320,405,16
371,1257,16
679,41,16
679,611,16
491,413,16
541,702,16
979,655,16
1083,655,16
1007,655,16
1003,1262,16
1010,38,16
335,655,16
72,438,16
259,1264,16
36,1264,16
72,465,16
72,401,16
171,405,16
72,1263,16
950,1261,16
287,72,16
702,1264,16
165,655,16
1009,1257,16
1266,1269,16
335,1257,16
245,38,16
679,936,16
466,1264,16
72,525,16
455,336,16
72,1015,16
491,980,16
529,208,16
943,1262,16
1083,466,16
1083,317,16
1083,929,16
197,1263,16
491,204,16
934,1264,16
491,1015,16
51,831,16
354,1261,16
262,831,16
491,525,16
525,1257,16
1008,831,16
287,673,16
653,38,16
18,1264,16
679,963,16
1007,405,16
673,1264,16
931,655,16
914,655,16
955,1263,16
1268,702,16
1268,1265,16
1258,442,16
945,655,16
214,405,16
922,655,16
679,995,16
1258,1264,16
1260,270,16
1262,655,16
541,1262,16
1083,287,16
924,1262,16
1083,949,16
587,918,16
380,1265,16
1083,288,16
1083,1005,16
316,38,16
287,968,16
491,464,16
587,466,16
1258,187,16
944,38,16
999,831,16
72,913,16
1258,214,16
195,1261,16
587,730,16
679,996,16
639,1265,16
587,565,16
491,41,16
923,405,16
84,405,16
681,831,16
942,1257,16
529,260,16
918,1264,16
529,262,16
392,1257,16
529,975,16
941,655,16
1272,831,16
541,831,16
542,405,16
529,197,16
1266,442,16
937,655,16
1264,1259,16
336,1262,16
287,989,16
911,38,16
287,392,16
1258,585,16
214,831,16
245,831,16
1260,945,16
1266,949,16
973,1264,16
1083,455,16
1266,276,16
202,1262,16
1083,992,16
1266,288,16
1083,499,16
543,522,16
1258,464,16
1258,543,16
954,38,16
320,1257,16
1258,989,16
289,405,16
959,38,16
1266,281,16
1258,72,16
419,1264,16
587,974,16
976,1265,16
1083,945,16
976,702,16
257,405,16
1083,942,16
1258,928,16
72,927,16
929,1263,16
932,655,16
916,1264,16
1258,257,16
940,1265,16
529,1015,16
240,1263,16
529,525,16
987,702,16
287,164,16
1012,1262,16
1013,1257,16
298,38,16
587,1270,16
1258,1005,16
587,208,16
926,38,16
543,1272,16
72,1266,16
674,1257,16
393,1264,16
199,38,16
956,1257,16
1258,181,16
287,1257,16
276,831,16
1260,159,16
543,987,16
1083,925,16
1260,971,16
679,499,16
455,1267,16
1258,925,16
587,196,16
287,926,16
1266,1000,16
1258,529,16
317,831,16
1266,1004,16
1258,347,16
1258,63,16
282,1262,16
1258,821,16
1268,1262,16
529,84,16
397,1265,16
543,38,16
1083,909,16
1012,38,16
371,831,16
1260,996,16
478,1261,16
1260,995,16
1083,413,16
952,1262,16
983,831,16
931,1261,16
72,184,16
934,655,16
681,1263,16
1083,453,16
652,1263,16
1260,529,16
1266,196,16
536,655,16
72,1257,16
419,407,16
542,1261,16
1260,327,16
279,405,16
442,1261,16
543,954,16
543,956,16
529,275,16
316,655,16
1260,542,16
1257,1263,16
987,1262,16
997,1262,16
1002,38,16
543,918,16
990,38,16
1258,494,16
970,1261,16
280,1263,16
1266,469,16
967,702,16
260,405,16
915,1262,16
371,1261,16
287,1097,16
587,199,16
587,200,16
1266,923,16
1260,928,16
1260,1265,16
921,1262,16
1260,702,16
1260,164,16
1260,989,16
1083,257,16
184,405,16
1260,72,16
51,1263,16
72,453,16
529,195,16
1083,971,16
543,540,16
543,541,16
543,377,16
485,702,16
276,702,16
485,1265,16
276,1265,16
287,380,16
294,655,16
1260,926,16
529,477,16
543,636,16
491,942,16
187,1265,16
1260,419,16
1260,972,16
72,522,16
72,145,16
926,831,16
971,655,16
1083,595,16
72,231,16
978,831,16
1260,359,16
679,196,16
491,1271,16
543,273,16
929,831,16
543,275,16
72,336,16
491,572,16
543,485,16
943,1257,16
491,466,16
491,317,16
72,1003,16
287,959,16
150,655,16
1260,583,16
184,1264,16
1266,957,16
1260,18,16
579,655,16
287,1269,16
208,1263,16
861,405,16
543,84,16
679,653,16
961,1264,16
957,38,16
205,405,16
529,1012,16
41,1263,16
287,1266,16
1260,1266,16
587,946,16
529,274,16
142,655,16
287,150,16
72,955,16
525,1262,16
161,1261,16
287,289,16
529,317,16
1272,655,16
1260,1258,16
679,572,16
262,1261,16
30,1261,16
327,655,16
636,655,16
197,1257,16
543,996,16
543,995,16
529,202,16
971,1261,16
438,655,16
522,1261,16
312,38,16
922,38,16
587,931,16
1266,583,16
72,181,16
961,1262,16
954,1257,16
171,655,16
529,416,16
30,1265,16
991,1262,16
1083,987,16
1083,990,16
1269,1257,16
529,1014,16
84,38,16
543,950,16
287,202,16
359,1261,16
977,702,16
529,335,16
977,1265,16
287,955,16
275,655,16
643,405,16
1083,1260,16
494,1264,16
287,171,16
287,639,16
948,702,16
287,317,16
948,1265,16
287,579,16
287,18,16
529,327,16
1260,33,16
1260,335,16
529,542,16
1260,416,16
72,611,16
1258,552,16
918,702,16
30,405,16
932,455,16
164,1261,16
327,1261,16
1006,1265,16
973,702,16
973,1265,16
961,405,16
655,1263,16
923,702,16
1083,585,16
923,1265,16
254,405,16
980,1262,16
287,943,16
1258,986,16
175,1262,16
679,540,16
679,541,16
679,377,16
681,655,16
679,916,16
491,929,16
587,1261,16
529,974,16
679,933,16
587,240,16
587,392,16
347,1263,16
1013,1263,16
231,1265,16
231,702,16
932,1257,16
970,702,16
72,202,16
491,1014,16
679,593,16
240,16,16
543,959,16
543,317,16
259,655,16
543,679,16
583,1263,16
976,1261,16
916,831,16
971,405,16
1265,831,16
1269,38,16
958,1264,16
287,914,16
1003,405,16
976,1264,16
724,831,16
491,407,16
1083,821,16
1083,347,16
1083,63,16
294,1263,16
925,1257,16
259,1263,16
1271,655,16
975,38,16
989,1262,16
952,831,16
287,652,16
477,38,16
949,38,16
1270,1262,16
552,655,16
392,831,16
187,1264,16
1083,312,16
1083,274,16
491,639,16
335,1262,16
142,1262,16
1266,964,16
909,405,16
543,653,16
924,1264,16
1083,30,16
974,1263,16
1258,156,16
992,405,16
491,522,16
529,1271,16
1258,1270,16
276,1264,16
486,1263,16
358,655,16
821,1262,16
996,655,16
587,585,16
397,1257,16
335,1265,16
335,702,16
529,579,16
927,405,16
72,289,16
1083,529,16
529,639,16
529,171,16
1266,956,16
949,1257,16
933,1264,16
1266,970,16
910,1265,16
941,1257,16
187,1262,16
985,831,16
1258,371,16
1258,336,16
1258,358,16
1271,1261,16
674,405,16
262,1108,16
565,405,16
33,1261,16
1083,999,16
1258,911,16
499,702,16
679,931,16
499,1265,16
915,831,16
464,1261,16
1258,565,16
1083,260,16
931,1264,16
1083,975,16
1258,730,16
1266,30,16
942,655,16
987,1265,16
1266,1008,16
1270,702,16
1266,279,16
1266,270,16
287,1000,16
1266,282,16
491,312,16
1258,38,16
281,38,16
1260,923,16
1083,952,16
1258,413,16
543,347,16
1258,909,16
543,477,16
999,655,16
310,1264,16
730,1257,16
142,1264,16
529,1003,16
529,407,16
486,831,16
63,1263,16
196,38,16
287,161,16
957,1261,16
281,1262,16
327,1264,16
964,38,16
543,63,16
980,655,16
33,831,16
163,831,16
944,1261,16
968,1262,16
997,38,16
593,405,16
1260,973,16
1009,831,16
1258,1267,16
287,552,16
942,1262,16
1258,991,16
543,164,16
679,204,16
1266,994,16
543,928,16
1258,993,16
1266,674,16
1266,312,16
405,1262,16
1258,51,16
1258,962,16
542,1265,16
1258,36,16
542,702,16
1258,1006,16
380,1263,16
1258,973,16
1258,1010,16
1083,994,16
1258,485,16
401,702,16
602,38,16
529,145,16
579,1261,16
543,542,16
455,831,16
543,276,16
960,702,16
960,1265,16
981,405,16
72,466,16
543,327,16
653,405,16
377,1264,16
679,438,16
491,595,16
679,536,16
499,405,16
673,1263,16
679,199,16
1258,976,16
679,1263,16
679,200,16
1258,1097,16
270,1264,16
679,465,16
1260,36,16
281,1265,16
287,469,16
281,702,16
287,982,16
221,655,16
401,1257,16
275,38,16
987,831,16
18,38,16
262,38,16
1266,978,16
543,407,16
730,405,16
1258,151,16
587,202,16
491,245,16
587,579,16
587,986,16
978,405,16
529,932,16
1266,175,16
491,593,16
583,1257,16
208,831,16
587,171,16
587,639,16
1260,254,16
407,405,16
1260,965,16
1005,1265,16
1260,163,16
171,1262,16
587,151,16
679,317,16
1260,486,16
679,289,16
529,522,16
679,1003,16
529,959,16
72,310,16
221,1263,16
529,1265,16
585,38,16
1083,643,16
196,831,16
1258,196,16
171,831,16
1260,922,16
1260,681,16
959,1257,16
1260,38,16
1260,961,16
1260,948,16
1083,208,16
679,1268,16
702,655,16
1260,280,16
491,673,16
312,702,16
931,405,16
1260,156,16
861,702,16
643,655,16
543,966,16
1266,33,16
287,913,16
1097,405,16
1083,970,16
288,1263,16
679,957,16
1258,1269,16
491,918,16
491,84,16
187,1263,16
1258,935,16
72,161,16
442,1262,16
1009,655,16
1258,1266,16
1271,1264,16
287,587,16
1097,1261,16
397,1262,16
979,831,16
287,142,16
543,1012,16
491,963,16
515,1264,16
72,1001,16
287,999,16
161,1265,16
491,1263,16
161,702,16
287,997,16
491,465,16
491,401,16
529,1262,16
491,438,16
84,1265,16
552,1263,16
679,393,16
982,1257,16
72,371,16
930,1261,16
72,968,16
965,831,16
491,913,16
224,405,16
1260,510,16
652,1265,16
593,655,16
72,967,16
199,1257,16
72,1267,16
171,1261,16
380,702,16
918,405,16
72,991,16
920,38,16
1001,1261,16
543,260,16
1258,1257,16
72,993,16
1083,195,16
529,724,16
231,38,16
1083,491,16
543,982,16
587,1271,16
1009,405,16
1083,380,16
175,1257,16
1004,405,16
522,1265,16
287,354,16
522,702,16
287,262,16
287,975,16
529,989,16
993,38,16
480,1257,16
224,702,16
72,245,16
1258,240,16
260,702,16
1260,493,16
955,1261,16
273,1264,16
1083,224,16
224,1261,16
214,1257,16
72,933,16
72,354,16
1258,159,16
1083,221,16
565,655,16
543,1271,16
72,916,16
1007,1265,16
1007,702,16
72,541,16
419,702,16
1258,922,16
419,1265,16
933,405,16
1083,831,16
145,1264,16
1258,1013,16
401,405,16
962,702,16
962,1265,16
1083,565,16
416,1257,16
491,199,16
927,702,16
935,1263,16
927,1265,16
200,702,16
1258,359,16
963,38,16
955,1264,16
491,536,16
653,1257,16
465,298,16
943,1263,16
197,1262,16
543,442,16
542,1264,16
1083,918,16
184,831,16
962,1257,16
469,1265,16
980,831,16
469,702,16
963,702,16
72,392,16
72,240,16
72,393,16
282,405,16
262,1262,16
72,1261,16
1258,184,16
491,724,16
572,1261,16
1260,464,16
208,702,16
522,1262,16
208,1265,16
310,702,16
494,1257,16
310,1265,16
529,960,16
1083,972,16
967,655,16
287,294,16
1266,208,16
1000,405,16
922,1262,16
1266,197,16
1266,997,16
1266,298,16
199,1261,16
983,1263,16
354,1263,16
972,655,16
966,38,16
491,940,16
1097,655,16
1015,38,16
1083,485,16
491,165,16
1097,1264,16
317,655,16
1083,51,16
937,405,16
945,1264,16
347,1262,16
988,655,16
979,405,16
298,831,16
33,1257,16
529,948,16
529,259,16
274,1263,16
937,1257,16
679,992,16
679,455,16
529,965,16
72,250,16
956,655,16
287,320,16
1010,405,16
336,702,16
336,1265,16
335,831,16
312,831,16
1083,259,16
991,655,16
674,655,16
941,1262,16
229,38,16
164,702,16
164,1265,16
679,655,16
254,655,16
679,583,16
491,587,16
259,702,16
260,831,16
259,1265,16
821,831,16
1260,259,16
150,831,16
477,1262,16
910,655,16
72,944,16
994,831,16
975,831,16
587,653,16
973,1263,16
280,1264,16
287,159,16
164,1262,16
1258,377,16
184,1265,16
585,1265,16
924,831,16
923,1261,16
197,38,16
541,1265,16
491,967,16
287,205,16
679,928,16
480,405,16
937,831,16
477,1264,16
587,358,16
966,1257,16
1260,543,16
679,229,16
465,1265,16
679,921,16
579,1265,16
679,194,16
287,310,16
1083,956,16
1083,276,16
1265,1257,16
287,419,16
1258,949,16
1258,287,16
1266,397,16
1083,320,16
1266,515,16
925,1265,16
1258,288,16
1266,920,16
1266,981,16
320,38,16
270,405,16
1083,572,16
1078,587,16
1015,831,16
1258,281,16
543,195,16
529,915,16
1007,1264,16
477,1257,16
1260,913,16
30,1257,16
480,1261,16
72,918,16
679,320,16
585,1262,16
260,1261,16
1006,38,16
930,1257,16
1266,18,16
529,940,16
914,1257,16
165,38,16
529,165,16
287,984,16
1004,655,16
287,983,16
944,1265,16
944,702,16
491,552,16
145,655,16
200,1264,16
949,1261,16
543,199,16
262,1265,16
543,201,16
262,702,16
679,1007,16
1108,1265,16
972,1262,16
245,405,16
1266,977,16
287,485,16
438,702,16
1266,316,16
438,1265,16
289,38,16
287,51,16
1266,971,16
946,831,16
1258,1000,16
595,1263,16
1083,997,16
1258,453,16
465,655,16
1258,1004,16
1266,231,16
442,655,16
936,1262,16
287,240,16
959,405,16
478,1263,16
18,1262,16
145,405,16
543,371,16
587,937,16
455,585,16
240,831,16
1083,1268,16
455,1262,16
1260,480,16
652,1261,16
529,967,16
1260,959,16
529,968,16
542,1263,16
679,990,16
529,354,16
679,987,16
72,929,16
287,724,16
543,165,16
287,477,16
702,831,16
1257,1261,16
966,1262,16
442,405,16
1272,1257,16
280,1261,16
587,1268,16
279,1265,16
1083,861,16
587,354,16
1258,469,16
1266,958,16
587,975,16
200,1265,16
317,1263,16
587,260,16
954,405,16
347,831,16
491,1009,16
1260,145,16
1004,1264,16
1266,257,16
1260,231,16
529,163,16
51,1261,16
679,1272,16
973,405,16
529,254,16
1260,522,16
1007,1261,16
543,294,16
347,655,16
996,1264,16
493,38,16
529,602,16
159,1263,16
986,1262,16
978,1257,16
1002,1257,16
455,1265,16
1083,973,16
276,655,16
455,480,16
1258,966,16
1260,407,16
1108,1263,16
455,1274,16
1260,184,16
586,38,16
1257,831,16
543,967,16
543,932,16
1260,673,16
1260,1262,16
543,282,16
164,1264,16
543,279,16
960,405,16
543,968,16
543,1008,16
893,1277,17
894,1278,17
557,1279,17
894,1280,17
893,1281,17
1282,25,17
285,1283,17
31,1283,17
1282,939,17
264,1283,17
1279,1283,17
894,939,17
894,60,17
894,73,17
1284,1283,17
209,1283,17
894,1281,17
893,1279,17
893,1283,17
1282,73,17
893,1285,17
894,68,17
142,1283,17
1282,54,17
557,1283,17
150,25,17
893,939,17
557,1277,17
894,1277,17
893,1286,17
1287,1283,17
60,1283,17
1288,1283,17
1289,1283,17
557,1280,17
651,1283,17
894,40,17
557,73,17
1290,1283,17
1282,1278,17
1291,1283,17
142,25,17
893,60,17
1282,1277,17
557,40,17
893,25,17
557,54,17
894,1286,17
894,1279,17
557,1286,17
1282,68,17
893,1278,17
893,68,17
893,40,17
893,1280,17
1292,1283,17
894,1283,17
893,73,17
54,1283,17
1282,1285,17
1293,1283,17
1282,1286,17
1282,1280,17
1282,1283,17
557,68,17
557,25,17
557,60,17
557,1278,17
894,25,17
150,1283,17
1282,1281,17
557,1285,17
1120,1283,17
1282,60,17
557,939,17
894,1285,17
893,54,17
557,1281,17
1282,1279,17
894,54,17
1282,40,17
686,1283,17
1294,1283,17
97,1295,18
492,1296,18
486,421,18
1297,421,18
186,1298,18
317,1295,18
599,1295,18
293,1298,18
81,1295,18
587,630,18
992,421,18
86,1295,18
81,1296,18
97,1296,18
571,1298,18
317,421,18
451,1296,18
353,1296,18
118,1295,18
1299,88,18
293,34,18
992,1295,18
492,1295,18
48,421,18
186,1295,18
86,1296,18
318,1296,18
492,421,18
89,1296,18
88,1296,18
554,1298,18
318,1295,18
494,421,18
1300,88,18
1301,421,18
599,1296,18
451,34,18
186,1296,18
886,1295,18
451,1295,18
186,34,18
554,34,18
494,1295,18
554,1296,18
90,1296,18
571,34,18
1297,1295,18
886,421,18
554,1295,18
318,34,18
78,1295,18
118,1296,18
293,1296,18
88,1295,18
293,1295,18
1302,88,18
94,1296,18
599,421,18
318,1298,18
1301,1295,18
94,1295,18
48,1296,18
571,1295,18
78,1296,18
353,421,18
886,1296,18
85,1296,18
85,1295,18
90,1295,18
89,1295,18
587,193,18
587,689,18
317,1296,18
83,1295,18
1293,198,18
571,1296,18
451,1298,18
353,1295,18
1297,1296,18
83,1296,18
1301,1296,18
48,1295,18
362,1026,19
308,563,19
530,1028,19
530,1029,19
362,139,19
376,1025,19
1303,1027,19
362,1027,19
1303,504,19
1303,519,19
559,1303,19
1304,530,19
247,1029,19
247,1028,19
376,647,19
1303,1038,19
362,1035,19
376,731,19
1303,139,19
1303,1033,19
563,1028,19
563,1029,19
369,563,19
1303,1032,19
1303,1023,19
1305,1303,19
559,362,19
1303,1026,19
376,576,19
376,1034,19
1303,1029,19
376,1026,19
1303,731,19
1303,1025,19
1303,1036,19
1303,1016,19
1303,1031,19
1303,1034,19
636,1303,19
308,247,19
1304,362,19
1306,1303,19
376,1037,19
376,519,19
369,247,19
1303,1035,19
362,576,19
1303,248,19
376,911,19
1303,1037,19
308,362,19
376,1027,19
308,376,19
362,504,19
1307,1303,19
369,362,19
376,504,19
362,647,19
1304,376,19
362,911,19
376,1038,19
362,1023,19
376,1022,19
362,1025,19
1308,1303,19
376,248,19
1309,1303,19
1303,1028,19
362,248,19
376,139,19
362,1028,19
362,1032,19
362,1029,19
362,1033,19
376,1036,19
376,1028,19
376,1029,19
1303,647,19
311,1303,19
362,1016,19
362,1031,19
362,731,19
362,1036,19
376,1031,19
376,1016,19
559,376,19
1304,1303,19
369,376,19
362,719,19
362,1037,19
362,1038,19
1303,719,19
376,343,19
362,1022,19
1303,576,19
376,1032,19
376,1023,19
376,719,19
1303,911,19
558,1303,19
376,1033,19
1303,343,19
362,343,19
362,1034,19
1304,563,19
376,1035,19
362,519,19
1303,1022,19
1310,1303,19
971,1226,20
455,638,20
394,1210,20
955,499,20
1311,499,20
242,280,20
370,492,20
653,154,20
494,67,20
1221,764,20
494,271,20
1221,206,20
1091,294,20
956,650,20
956,730,20
956,492,20
784,158,20
614,638,20
589,1003,20
1079,1098,20
437,1311,20
539,1216,20
931,564,20
931,294,20
784,310,20
500,1226,20
137,1076,20
1098,1019,20
640,227,20
633,610,20
640,46,20
242,395,20
501,863,20
971,262,20
1312,1097,20
1313,1221,20
539,650,20
539,730,20
1311,689,20
1311,543,20
1105,818,20
245,183,20
196,801,20
1079,1210,20
863,684,20
383,543,20
681,317,20
383,689,20
1105,395,20
1105,638,20
1185,237,20
1176,1314,20
500,618,20
500,610,20
417,206,20
383,1187,20
1311,183,20
302,264,20
302,568,20
653,1314,20
589,44,20
1210,1030,20
575,1226,20
501,288,20
199,285,20
883,1311,20
1312,262,20
1315,227,20
1115,271,20
1115,67,20
883,1210,20
1316,1208,20
417,730,20
302,575,20
417,650,20
137,347,20
633,67,20
1315,1097,20
633,333,20
1315,253,20
1176,1187,20
1091,499,20
528,1187,20
863,392,20
1208,333,20
589,492,20
500,347,20
392,472,20
884,716,20
417,279,20
417,278,20
455,1020,20
956,575,20
1317,392,20
1318,500,20
588,499,20
137,1232,20
1318,453,20
494,730,20
494,650,20
383,1316,20
614,970,20
1318,175,20
383,395,20
143,453,20
1098,914,20
1027,1319,20
645,705,20
1311,657,20
575,1316,20
575,395,20
1208,1319,20
1091,158,20
1311,914,20
316,158,20
1079,1320,20
1079,1304,20
1079,878,20
955,492,20
500,395,20
500,1316,20
500,638,20
971,437,20
1312,492,20
1185,158,20
955,44,20
640,237,20
1313,67,20
1313,271,20
1312,1232,20
556,302,20
59,154,20
1079,237,20
429,317,20
1315,1098,20
296,392,20
1027,764,20
1321,206,20
1321,764,20
1027,206,20
1208,684,20
413,44,20
931,499,20
1322,46,20
417,528,20
302,347,20
955,1216,20
1027,564,20
640,638,20
1027,294,20
1007,1098,20
1176,46,20
59,137,20
1263,285,20
589,1313,20
429,455,20
495,914,20
370,863,20
392,294,20
370,231,20
1312,1260,20
302,1315,20
1105,183,20
1317,618,20
1317,610,20
556,294,20
633,618,20
528,1314,20
640,310,20
495,1293,20
633,420,20
242,175,20
883,285,20
196,183,20
1088,1097,20
196,1313,20
1176,347,20
1321,1097,20
863,183,20
883,1260,20
971,253,20
1007,500,20
956,818,20
653,575,20
288,340,20
614,644,20
288,1323,20
455,689,20
863,500,20
528,645,20
316,486,20
863,453,20
589,1232,20
556,175,20
413,716,20
1091,1263,20
1185,681,20
1007,175,20
1091,438,20
437,199,20
288,1097,20
264,1019,20
316,280,20
931,1314,20
394,280,20
413,1321,20
1185,1020,20
370,602,20
242,716,20
1208,638,20
1208,395,20
784,666,20
1091,818,20
956,568,20
302,987,20
1313,914,20
1315,237,20
429,987,20
59,716,20
296,154,20
645,411,20
575,1319,20
1105,730,20
137,645,20
1105,650,20
1079,221,20
1079,224,20
370,46,20
955,1304,20
437,932,20
288,175,20
956,1187,20
437,1293,20
437,354,20
437,1187,20
495,67,20
302,395,20
302,1316,20
302,638,20
931,523,20
1088,1311,20
302,206,20
539,1020,20
1088,1030,20
1321,1319,20
245,1320,20
1313,657,20
971,278,20
1322,411,20
971,279,20
1313,472,20
528,1319,20
392,499,20
296,666,20
1187,486,20
1079,280,20
59,253,20
1311,666,20
1079,486,20
528,1216,20
1321,317,20
1321,455,20
196,1312,20
1321,992,20
633,1216,20
383,285,20
1187,1262,20
1098,1216,20
1315,638,20
653,1315,20
784,294,20
1176,244,20
1176,245,20
784,564,20
59,227,20
242,231,20
1312,1216,20
59,438,20
59,1263,20
59,262,20
1315,278,20
1315,279,20
589,523,20
429,638,20
501,997,20
1324,970,20
883,1098,20
640,1226,20
883,310,20
199,455,20
199,992,20
392,158,20
1115,987,20
1312,650,20
1312,730,20
1176,411,20
143,987,20
1105,340,20
417,1020,20
1105,1323,20
633,361,20
1091,1018,20
1091,863,20
1098,1221,20
633,987,20
59,150,20
1208,288,20
589,602,20
429,1020,20
1263,1187,20
494,262,20
653,1020,20
417,681,20
494,438,20
588,1018,20
956,379,20
640,970,20
955,1187,20
1318,347,20
1318,296,20
324,417,20
645,499,20
199,183,20
1210,199,20
614,894,20
528,730,20
528,650,20
143,347,20
1185,395,20
1185,638,20
633,1318,20
1316,539,20
784,340,20
784,1323,20
784,1079,20
633,914,20
956,479,20
392,1019,20
645,317,20
392,1030,20
1311,1084,20
288,499,20
1208,206,20
1322,1076,20
494,486,20
1322,158,20
1317,970,20
528,588,20
1312,199,20
1322,143,20
143,1260,20
324,347,20
1105,645,20
302,333,20
245,438,20
245,1020,20
588,227,20
1088,279,20
429,1311,20
1079,500,20
1027,1187,20
137,1187,20
1079,453,20
392,438,20
1321,638,20
1321,395,20
1321,1316,20
413,523,20
302,317,20
640,689,20
1027,472,20
1221,379,20
539,878,20
539,1304,20
1317,361,20
539,1320,20
1317,987,20
1322,1030,20
556,420,20
588,310,20
931,730,20
59,884,20
245,420,20
392,818,20
1263,689,20
653,1076,20
1315,884,20
1313,1216,20
1210,296,20
1176,143,20
1210,347,20
196,1320,20
1027,420,20
1176,1076,20
556,523,20
1321,1020,20
1027,199,20
1221,175,20
1007,610,20
1007,618,20
784,437,20
1027,818,20
242,264,20
863,610,20
1315,681,20
196,1321,20
528,1076,20
528,143,20
863,618,20
1263,278,20
931,1226,20
1208,294,20
1007,347,20
956,564,20
1007,296,20
1317,1323,20
1317,1079,20
383,588,20
1263,496,20
455,285,20
1315,383,20
863,347,20
863,296,20
1185,278,20
1185,279,20
575,354,20
143,914,20
575,1293,20
1320,1019,20
931,244,20
539,1312,20
437,1319,20
394,354,20
884,417,20
884,987,20
392,455,20
884,288,20
956,175,20
370,1221,20
884,361,20
1115,1097,20
437,44,20
614,1069,20
1091,44,20
1315,1216,20
296,183,20
429,67,20
1317,1312,20
383,1018,20
955,500,20
288,264,20
437,206,20
931,44,20
242,302,20
455,492,20
296,914,20
1098,716,20
302,420,20
971,231,20
1187,227,20
288,438,20
1311,158,20
1317,310,20
302,1312,20
245,453,20
1091,492,20
1088,288,20
302,914,20
392,1018,20
302,1318,20
324,492,20
1079,1019,20
640,417,20
1210,1020,20
1187,438,20
784,884,20
495,610,20
1088,1210,20
784,253,20
931,279,20
931,278,20
784,818,20
1322,716,20
614,1030,20
588,1176,20
575,46,20
539,1314,20
302,644,20
971,523,20
1318,884,20
199,472,20
1312,1020,20
1208,237,20
1321,285,20
1185,1312,20
196,438,20
196,1020,20
614,411,20
242,44,20
143,271,20
143,67,20
1176,1084,20
1312,438,20
500,379,20
1115,499,20
143,1316,20
143,395,20
143,638,20
494,379,20
1079,317,20
931,46,20
437,1216,20
589,1311,20
589,1221,20
956,1216,20
633,271,20
196,420,20
883,294,20
324,1312,20
575,992,20
556,618,20
640,271,20
640,67,20
556,610,20
1185,183,20
199,154,20
645,1018,20
1210,492,20
1316,556,20
245,644,20
1091,1262,20
1091,1313,20
437,644,20
931,528,20
956,499,20
316,333,20
614,1187,20
413,302,20
955,650,20
955,730,20
653,1312,20
394,1018,20
370,437,20
575,317,20
413,411,20
1311,486,20
302,183,20
316,1076,20
288,1018,20
245,730,20
245,650,20
494,1210,20
1313,317,20
884,1221,20
196,1315,20
884,1311,20
1105,884,20
245,394,20
245,392,20
1091,1232,20
863,644,20
1316,971,20
472,1019,20
955,1232,20
1079,1260,20
1105,997,20
1007,884,20
413,294,20
1313,158,20
784,644,20
1317,271,20
1185,689,20
1311,438,20
539,453,20
1311,1263,20
199,932,20
556,206,20
59,231,20
59,863,20
429,689,20
1324,914,20
245,206,20
392,44,20
653,644,20
1210,453,20
196,453,20
1210,500,20
1027,1088,20
196,500,20
1313,638,20
614,1319,20
429,1097,20
1221,568,20
1221,264,20
633,932,20
633,354,20
1027,492,20
883,666,20
1176,1320,20
863,884,20
1176,1304,20
1176,878,20
681,1020,20
500,392,20
971,801,20
1263,361,20
383,158,20
956,523,20
1312,878,20
1312,1304,20
1210,317,20
1312,1320,20
1315,588,20
1317,1321,20
1185,262,20
556,278,20
413,1314,20
1019,1027,20
1221,411,20
199,1020,20
302,262,20
59,1262,20
633,221,20
633,224,20
614,288,20
1027,1216,20
392,486,20
653,183,20
417,333,20
884,67,20
884,271,20
1091,523,20
1079,1312,20
437,523,20
1208,1221,20
316,411,20
884,997,20
1208,44,20
316,472,20
137,294,20
1115,1263,20
437,420,20
955,347,20
955,645,20
1115,438,20
955,296,20
394,914,20
394,1318,20
1312,158,20
539,1226,20
1313,1187,20
501,1216,20
1317,1311,20
1019,784,20
1311,588,20
971,730,20
1091,602,20
392,1319,20
1088,143,20
437,472,20
324,472,20
1079,568,20
1079,264,20
296,285,20
413,1030,20
1315,575,20
784,231,20
324,253,20
784,863,20
245,154,20
955,231,20
413,499,20
955,863,20
1115,1216,20
383,666,20
1316,394,20
1176,221,20
1176,224,20
784,44,20
931,1319,20
1322,280,20
588,1262,20
588,1313,20
501,884,20
302,801,20
539,411,20
383,914,20
539,244,20
971,44,20
196,730,20
196,650,20
1311,154,20
370,1226,20
1315,392,20
1321,689,20
1321,543,20
1311,705,20
1321,183,20
495,1187,20
883,472,20
1027,863,20
1027,1260,20
1176,280,20
1176,486,20
1324,492,20
500,575,20
1315,294,20
1263,657,20
1208,1226,20
1098,1314,20
242,340,20
1187,716,20
1317,1020,20
1098,1097,20
59,1312,20
863,227,20
1176,1263,20
1115,644,20
324,340,20
1221,1076,20
1221,143,20
501,67,20
1318,1030,20
324,1323,20
1312,1314,20
394,333,20
863,253,20
316,46,20
640,361,20
1185,154,20
1221,333,20
971,183,20
1115,1018,20
143,1226,20
242,224,20
455,294,20
67,1019,20
1311,237,20
633,486,20
884,914,20
383,392,20
417,1176,20
288,317,20
1187,618,20
1208,644,20
494,1312,20
1187,610,20
1313,479,20
143,237,20
1263,1030,20
196,302,20
1313,1018,20
575,705,20
370,666,20
884,657,20
46,1019,20
883,237,20
1098,395,20
245,264,20
494,1318,20
494,914,20
1313,705,20
645,67,20
645,271,20
1105,1176,20
1079,333,20
1079,499,20
296,237,20
437,288,20
413,237,20
653,801,20
199,237,20
1027,310,20
956,1226,20
1311,1323,20
1263,340,20
633,681,20
955,602,20
1263,1323,20
413,818,20
1313,285,20
784,1176,20
59,310,20
1315,499,20
640,992,20
539,347,20
1318,417,20
1311,392,20
59,183,20
1221,650,20
1317,528,20
575,716,20
1115,1232,20
971,644,20
501,420,20
589,1176,20
245,1293,20
1176,1316,20
1176,395,20
245,354,20
1176,638,20
245,932,20
296,221,20
296,224,20
370,884,20
528,1313,20
394,1030,20
455,340,20
614,1282,20
383,472,20
1210,1320,20
1324,1019,20
1210,1304,20
1210,878,20
1027,501,20
1027,1293,20
1027,354,20
417,231,20
302,224,20
556,253,20
495,1226,20
494,1313,20
1027,602,20
588,801,20
971,1321,20
1176,453,20
429,863,20
429,231,20
883,455,20
556,354,20
1007,1030,20
589,666,20
413,310,20
500,1263,20
1317,1226,20
1263,271,20
1322,1097,20
500,438,20
1221,1323,20
956,44,20
437,716,20
1221,340,20
1315,158,20
1312,453,20
681,278,20
1312,500,20
681,279,20
413,221,20
413,224,20
143,486,20
931,224,20
931,221,20
316,716,20
417,610,20
417,618,20
383,237,20
394,716,20
1027,801,20
784,992,20
784,455,20
884,528,20
1098,347,20
956,279,20
1317,689,20
1317,543,20
1176,801,20
437,294,20
437,237,20
1098,46,20
392,638,20
1208,523,20
500,716,20
137,818,20
1105,1097,20
1088,528,20
1088,588,20
302,354,20
302,1293,20
302,501,20
640,1020,20
370,716,20
575,644,20
588,231,20
1317,395,20
1317,638,20
437,1221,20
1091,1311,20
1091,1221,20
1079,716,20
883,602,20
1105,253,20
324,1221,20
1079,175,20
640,1260,20
137,638,20
955,884,20
413,1018,20
589,1315,20
199,310,20
302,221,20
633,1232,20
1322,278,20
1322,279,20
500,705,20
1321,294,20
539,1210,20
324,1097,20
1079,970,20
296,689,20
296,543,20
971,818,20
196,568,20
196,264,20
59,279,20
1312,1226,20
59,278,20
245,992,20
1321,863,20
245,455,20
1321,231,20
1315,438,20
883,224,20
1027,1313,20
1027,1262,20
931,801,20
784,602,20
1176,1019,20
883,1221,20
614,486,20
1187,970,20
1027,970,20
681,183,20
500,645,20
1315,818,20
501,588,20
1263,1221,20
1315,199,20
455,472,20
1007,237,20
413,666,20
971,395,20
971,638,20
1210,244,20
501,987,20
539,253,20
1312,245,20
1312,244,20
196,1293,20
883,44,20
196,932,20
417,1226,20
1187,67,20
1187,361,20
589,237,20
1187,987,20
383,227,20
1007,264,20
455,818,20
528,681,20
429,1030,20
1316,196,20
589,716,20
645,618,20
931,361,20
633,1210,20
383,438,20
645,610,20
931,987,20
494,279,20
455,227,20
1313,499,20
528,279,20
575,496,20
1311,411,20
883,1216,20
1088,1187,20
245,175,20
1313,496,20
528,67,20
645,987,20
971,1315,20
589,395,20
1322,1323,20
1322,1079,20
645,361,20
1317,1319,20
1187,340,20
1187,1323,20
1317,354,20
633,650,20
633,730,20
1317,501,20
1313,143,20
1313,1076,20
500,1232,20
455,154,20
614,1226,20
633,278,20
1311,472,20
501,294,20
316,987,20
1315,1018,20
1313,543,20
1221,269,20
302,705,20
1313,689,20
784,1313,20
784,1262,20
614,395,20
528,1316,20
528,638,20
645,340,20
437,730,20
1088,818,20
296,1314,20
1315,1321,20
383,1221,20
1316,883,20
528,970,20
589,1262,20
417,1232,20
956,1030,20
1007,269,20
1311,1076,20
429,992,20
59,347,20
1187,310,20
199,1313,20
196,383,20
302,296,20
429,884,20
931,638,20
931,395,20
931,340,20
931,1079,20
931,1323,20
417,1216,20
1312,347,20
1312,296,20
784,438,20
1176,479,20
1210,496,20
883,970,20
681,262,20
1176,1018,20
1185,253,20
575,764,20
575,206,20
883,1176,20
196,992,20
1098,143,20
417,575,20
383,1216,20
640,1097,20
1221,486,20
302,681,20
1098,1076,20
633,245,20
190,633,20
1176,1260,20
863,1262,20
863,1313,20
863,269,20
1208,764,20
242,1221,20
494,296,20
494,347,20
494,618,20
494,610,20
455,644,20
528,610,20
437,818,20
1208,564,20
971,224,20
302,253,20
1210,154,20
931,716,20
1185,227,20
324,175,20
645,224,20
392,46,20
645,221,20
324,227,20
645,486,20
494,417,20
1318,333,20
1091,310,20
1079,262,20
494,302,20
1322,44,20
863,801,20
784,1321,20
1322,657,20
1185,310,20
931,262,20
288,1221,20
1091,666,20
394,237,20
59,1020,20
500,317,20
884,932,20
539,486,20
1027,666,20
971,650,20
884,354,20
394,1097,20
1322,914,20
971,294,20
302,650,20
302,730,20
1321,884,20
245,285,20
199,1030,20
931,914,20
931,1318,20
1098,602,20
296,46,20
614,1210,20
296,1018,20
242,1226,20
242,705,20
1221,1097,20
1304,1019,20
681,154,20
429,1263,20
614,420,20
370,294,20
1263,472,20
1315,44,20
1210,730,20
539,224,20
539,221,20
1210,650,20
1318,645,20
1321,575,20
575,1097,20
245,705,20
589,472,20
302,472,20
1210,1314,20
1312,1084,20
1312,1210,20
1176,568,20
1176,264,20
575,666,20
863,602,20
883,523,20
1210,1097,20
528,818,20
370,1260,20
645,453,20
884,1030,20
1187,271,20
455,1221,20
1315,492,20
956,237,20
417,264,20
417,568,20
614,278,20
614,279,20
417,1097,20
1098,1210,20
455,44,20
1091,1176,20
413,271,20
413,67,20
1317,1293,20
1317,932,20
633,411,20
931,67,20
931,271,20
539,638,20
589,1312,20
539,395,20
1084,1019,20
971,340,20
556,333,20
1185,1176,20
1007,333,20
971,1323,20
199,383,20
1221,997,20
884,224,20
884,221,20
653,253,20
1079,1319,20
1210,253,20
1312,253,20
1313,46,20
1316,1105,20
1263,705,20
883,801,20
1208,1097,20
392,1097,20
137,863,20
137,231,20
640,1216,20
137,224,20
784,1020,20
884,310,20
955,227,20
1091,970,20
614,645,20
1210,262,20
955,253,20
955,438,20
245,253,20
1007,863,20
501,818,20
971,645,20
370,302,20
955,437,20
1105,666,20
370,499,20
494,361,20
539,278,20
556,801,20
1187,285,20
575,1019,20
1105,863,20
1105,970,20
1311,278,20
245,227,20
1324,1210,20
1321,253,20
1027,227,20
1321,438,20
1088,294,20
383,602,20
955,801,20
1176,333,20
1317,46,20
931,1312,20
1027,253,20
1321,568,20
1007,645,20
1311,492,20
1315,1262,20
1315,1313,20
863,231,20
59,453,20
302,453,20
302,500,20
589,1260,20
588,1187,20
501,1293,20
501,1187,20
501,224,20
1324,650,20
370,158,20
392,310,20
1210,705,20
1176,499,20
1321,227,20
324,1232,20
1324,279,20
417,379,20
633,1314,20
302,278,20
1221,1084,20
302,279,20
883,1262,20
196,285,20
59,317,20
1208,1187,20
863,645,20
1007,684,20
494,500,20
931,237,20
494,987,20
784,543,20
1312,1187,20
494,453,20
417,288,20
1315,1232,20
1098,1320,20
1098,1304,20
1317,455,20
383,231,20
1317,992,20
528,1019,20
784,1260,20
1322,801,20
1208,472,20
640,730,20
640,650,20
1088,1232,20
383,1232,20
196,705,20
955,666,20
143,568,20
143,264,20
1088,987,20
59,1097,20
884,705,20
394,1216,20
1208,420,20
495,1319,20
614,183,20
242,523,20
1187,1020,20
370,1030,20
1208,199,20
494,317,20
1317,317,20
316,1221,20
1208,818,20
1007,657,20
316,1311,20
137,801,20
288,227,20
413,1098,20
1079,992,20
1176,492,20
302,245,20
302,244,20
1088,645,20
1221,420,20
1321,1263,20
1091,716,20
956,264,20
1027,689,20
296,455,20
1027,543,20
296,992,20
137,689,20
1105,310,20
1079,278,20
1079,279,20
1321,137,20
1027,997,20
296,317,20
370,438,20
245,689,20
296,245,20
1321,154,20
1115,237,20
784,199,20
1098,492,20
494,1097,20
614,914,20
539,801,20
645,523,20
1091,395,20
1091,638,20
370,818,20
863,279,20
1315,523,20
1263,1314,20
392,237,20
539,1221,20
556,1260,20
1321,379,20
640,333,20
392,970,20
501,528,20
494,1216,20
1312,486,20
1210,224,20
1210,221,20
1176,716,20
1027,884,20
196,227,20
1176,175,20
143,333,20
863,650,20
417,638,20
614,310,20
417,395,20
417,1316,20
971,154,20
645,1304,20
645,878,20
645,1320,20
884,340,20
1315,602,20
653,278,20
653,279,20
653,1226,20
614,262,20
413,361,20
455,523,20
413,987,20
394,46,20
1317,1088,20
575,997,20
196,644,20
501,645,20
288,705,20
316,67,20
316,271,20
1312,224,20
1312,221,20
1185,1262,20
1185,1313,20
324,884,20
1027,411,20
884,1314,20
370,992,20
383,499,20
302,383,20
383,1030,20
955,1320,20
437,689,20
437,543,20
1187,1226,20
496,1019,20
640,1232,20
633,175,20
1105,1313,20
1105,1262,20
956,333,20
288,347,20
956,1176,20
1027,1311,20
437,395,20
437,1316,20
645,46,20
588,44,20
1317,158,20
1115,158,20
1318,716,20
199,705,20
1312,638,20
1312,395,20
1312,1316,20
370,1018,20
1313,992,20
324,689,20
1313,455,20
1079,618,20
1221,67,20
1221,271,20
645,970,20
784,1324,20
1079,610,20
1187,689,20
1187,543,20
614,1260,20
644,1019,20
1313,818,20
370,1321,20
614,224,20
1007,575,20
971,884,20
1322,395,20
1322,638,20
302,878,20
302,1304,20
59,1320,20
302,1320,20
1318,818,20
59,878,20
1187,1316,20
1187,395,20
1187,638,20
1321,392,20
316,285,20
1263,46,20
242,1319,20
302,1311,20
143,716,20
681,253,20
1321,175,20
801,1019,20
196,689,20
956,684,20
863,575,20
413,1311,20
589,992,20
589,455,20
653,884,20
494,1320,20
494,1304,20
494,878,20
784,285,20
956,262,20
575,1221,20
883,1321,20
1318,1187,20
316,914,20
556,650,20
1221,310,20
556,716,20
324,285,20
1185,602,20
1115,1020,20
955,618,20
681,310,20
143,175,20
242,206,20
1088,67,20
884,496,20
1088,992,20
956,914,20
1322,1263,20
1208,1088,20
956,1318,20
956,657,20
437,914,20
614,154,20
494,46,20
242,294,20
1208,492,20
1091,472,20
764,1019,20
575,1084,20
1007,716,20
633,237,20
955,154,20
1185,801,20
610,1019,20
494,970,20
1322,221,20
1322,224,20
394,523,20
370,280,20
1311,970,20
884,383,20
392,618,20
199,1311,20
302,1314,20
1322,262,20
1088,575,20
1027,285,20
539,914,20
1176,1226,20
1027,279,20
1079,681,20
1079,523,20
1208,1216,20
863,1084,20
245,666,20
495,689,20
614,1216,20
1007,818,20
784,492,20
1079,310,20
494,716,20
1027,1176,20
302,1079,20
302,1323,20
1317,716,20
302,340,20
1091,543,20
883,1313,20
588,333,20
1322,818,20
1088,884,20
971,1311,20
1079,602,20
1187,1319,20
1263,244,20
370,44,20
1313,438,20
640,1314,20
539,472,20
883,1187,20
392,1216,20
296,644,20
296,705,20
1321,269,20
1318,1097,20
296,1320,20
863,340,20
863,1323,20
1176,262,20
883,199,20
863,818,20
863,264,20
863,568,20
863,199,20
884,644,20
501,143,20
501,1076,20
931,310,20
1007,1187,20
1263,411,20
494,1226,20
59,245,20
1315,1311,20
394,158,20
1315,1221,20
589,486,20
500,970,20
589,280,20
863,1187,20
588,154,20
1317,420,20
1312,801,20
931,158,20
394,1076,20
575,801,20
1185,1260,20
1185,863,20
1312,1221,20
614,455,20
645,143,20
645,1076,20
324,863,20
455,705,20
884,245,20
884,244,20
1210,801,20
528,992,20
1115,395,20
1091,1260,20
1115,638,20
1317,472,20
1208,1324,20
614,175,20
1176,1097,20
884,420,20
784,689,20
1208,863,20
1208,231,20
1317,492,20
494,244,20
633,264,20
633,568,20
539,716,20
955,568,20
955,264,20
199,499,20
316,1216,20
1317,644,20
1317,588,20
1318,280,20
429,1216,20
588,523,20
1311,1221,20
245,602,20
199,317,20
1221,610,20
1221,361,20
971,1176,20
296,472,20
1313,154,20
1221,618,20
884,1226,20
653,1079,20
653,1323,20
653,340,20
1208,588,20
883,158,20
296,1187,20
588,472,20
1313,970,20
1007,379,20
1312,684,20
370,1262,20
370,1313,20
1007,1097,20
1105,417,20
199,1176,20
1088,1226,20
495,1311,20
630,884,20
645,1232,20
501,245,20
1105,1315,20
633,716,20
614,1045,20
143,280,20
1088,1216,20
1007,479,20
1263,143,20
417,183,20
1263,1076,20
1176,227,20
417,296,20
417,645,20
417,347,20
242,1187,20
137,650,20
196,666,20
863,479,20
1007,1324,20
1208,310,20
863,379,20
413,1187,20
500,1020,20
556,1020,20
1098,1232,20
394,278,20
1115,278,20
1115,279,20
1221,638,20
1221,1316,20
1221,395,20
645,650,20
645,279,20
645,278,20
556,280,20
1210,183,20
242,420,20
883,499,20
429,1319,20
1098,666,20
1105,992,20
1098,1018,20
645,1314,20
633,417,20
1208,501,20
383,296,20
1208,354,20
383,347,20
242,472,20
242,1097,20
242,818,20
1316,589,20
1208,602,20
1317,496,20
1007,280,20
1221,294,20
494,1076,20
1322,1314,20
955,183,20
494,1232,20
394,44,20
1185,1311,20
645,1019,20
1208,417,20
1311,997,20
1105,1020,20
1105,1263,20
956,716,20
1105,420,20
1088,1176,20
1187,354,20
1187,1293,20
1187,932,20
137,150,20
437,453,20
1027,455,20
1027,992,20
137,992,20
1208,801,20
1027,1312,20
528,1293,20
1176,253,20
614,354,20
614,932,20
1007,564,20
1007,294,20
437,175,20
955,1312,20
288,472,20
1317,280,20
1311,1262,20
1311,1313,20
588,288,20
1076,262,20
539,1097,20
1322,294,20
1322,564,20
370,523,20
1313,392,20
640,221,20
640,224,20
1079,492,20
1313,684,20
640,231,20
196,602,20
245,317,20
1115,1312,20
1321,296,20
1321,645,20
1321,347,20
296,453,20
1324,610,20
296,500,20
1312,1318,20
1210,657,20
59,730,20
479,1019,20
1176,278,20
59,650,20
1176,279,20
863,564,20
863,294,20
1185,884,20
653,564,20
645,347,20
383,1020,20
59,1314,20
931,1311,20
302,1020,20
653,394,20
1263,1084,20
1210,914,20
1315,310,20
413,644,20
589,1210,20
556,878,20
556,1304,20
1317,764,20
556,1320,20
1317,206,20
931,588,20
883,1097,20
1312,657,20
1312,472,20
1210,1293,20
863,175,20
1115,183,20
1210,932,20
370,543,20
370,689,20
437,1097,20
437,997,20
1098,730,20
614,264,20
1097,1019,20
1208,1313,20
1208,1262,20
494,801,20
137,884,20
500,271,20
500,67,20
494,1314,20
1322,361,20
137,1314,20
288,878,20
955,175,20
59,1232,20
288,1320,20
455,1316,20
455,395,20
539,280,20
1105,1232,20
137,1319,20
361,1019,20
199,1018,20
302,231,20
589,932,20
1210,279,20
1210,278,20
588,294,20
575,224,20
1318,1019,20
245,492,20
1318,1314,20
614,1221,20
1091,992,20
884,206,20
1311,801,20
884,764,20
324,158,20
302,417,20
324,992,20
1313,183,20
640,666,20
413,1319,20
539,543,20
1187,992,20
199,1323,20
1311,253,20
413,1216,20
383,492,20
1176,288,20
1185,1321,20
588,1221,20
1312,716,20
1322,1018,20
1322,479,20
1311,523,20
539,317,20
539,158,20
931,1076,20
931,143,20
1318,523,20
245,1221,20
1315,1176,20
59,645,20
1079,1321,20
1187,317,20
884,1097,20
1321,492,20
1176,618,20
883,588,20
1176,610,20
316,1210,20
528,705,20
143,1019,20
956,1097,20
500,278,20
1321,730,20
500,279,20
681,602,20
653,302,20
501,1311,20
1315,666,20
1098,333,20
1176,932,20
59,705,20
1317,1097,20
316,1030,20
394,1313,20
589,543,20
589,689,20
1263,1320,20
501,1314,20
1315,970,20
324,1315,20
1317,666,20
394,1187,20
1115,262,20
143,278,20
143,279,20
589,1076,20
884,1319,20
956,1324,20
645,262,20
1185,199,20
589,143,20
1324,1263,20
1185,932,20
196,317,20
883,1018,20
492,1019,20
1185,1293,20
1185,354,20
143,650,20
143,730,20
413,730,20
413,650,20
588,253,20
884,317,20
316,224,20
316,221,20
383,453,20
383,500,20
494,705,20
316,354,20
316,1293,20
528,1176,20
556,1314,20
437,280,20
614,730,20
588,1030,20
316,310,20
1007,1314,20
614,650,20
302,199,20
1221,818,20
640,395,20
1322,244,20
955,1321,20
645,280,20
1185,1187,20
394,818,20
614,1315,20
154,1019,20
324,1020,20
242,492,20
956,280,20
884,455,20
884,992,20
383,317,20
392,361,20
1091,486,20
1091,280,20
1321,1232,20
370,914,20
1176,1293,20
296,987,20
296,361,20
956,310,20
955,285,20
956,1018,20
1007,523,20
614,1097,20
931,411,20
1312,618,20
784,392,20
1221,716,20
539,1187,20
1311,1176,20
1105,206,20
288,1030,20
1322,523,20
1079,199,20
324,280,20
417,453,20
196,492,20
1079,818,20
614,206,20
955,395,20
863,689,20
1027,154,20
296,347,20
1079,1316,20
1079,395,20
1187,158,20
1079,638,20
199,392,20
681,231,20
296,143,20
863,523,20
296,280,20
1263,1018,20
653,818,20
413,333,20
614,1320,20
417,1030,20
614,878,20
614,1304,20
59,224,20
59,221,20
370,1311,20
645,1097,20
589,411,20
59,1216,20
501,575,20
1176,602,20
196,1221,20
1115,154,20
1176,523,20
1208,666,20
1210,764,20
1210,206,20
324,1321,20
883,1226,20
417,1187,20
784,472,20
417,224,20
417,221,20
224,1019,20
370,285,20
316,705,20
429,1187,20
500,987,20
784,227,20
884,638,20
884,395,20
884,1316,20
494,224,20
494,1187,20
931,383,20
494,221,20
500,361,20
1318,1226,20
528,914,20
955,1020,20
1221,644,20
245,1316,20
245,395,20
245,638,20
199,67,20
199,271,20
575,1314,20
1315,395,20
1315,1316,20
242,863,20
242,1260,20
784,501,20
413,932,20
1317,801,20
1105,154,20
884,1020,20
137,1216,20
302,310,20
1019,931,20
784,1304,20
288,992,20
288,455,20
429,970,20
1322,575,20
1312,280,20
932,1019,20
278,1019,20
539,705,20
1313,666,20
1322,499,20
1311,44,20
971,863,20
1322,1324,20
1318,44,20
971,970,20
1221,46,20
245,472,20
1187,705,20
1321,199,20
1027,438,20
1027,1020,20
196,253,20
784,154,20
1027,1263,20
137,1020,20
1210,417,20
1263,1316,20
1263,395,20
1263,638,20
614,317,20
818,1019,20
971,666,20
653,1018,20
137,1097,20
1313,1176,20
500,262,20
653,479,20
955,1315,20
1319,1019,20
589,46,20
1318,279,20
1318,278,20
316,340,20
589,288,20
589,285,20
1210,288,20
863,383,20
1312,317,20
1185,44,20
1321,1187,20
1221,523,20
645,175,20
1185,492,20
242,310,20
645,1020,20
354,1019,20
417,1320,20
1185,1319,20
417,878,20
417,1304,20
196,417,20
242,1293,20
614,453,20
242,354,20
1208,227,20
1185,206,20
528,500,20
1317,997,20
1007,1226,20
417,705,20
316,1314,20
500,1323,20
383,1320,20
500,340,20
614,1048,20
614,1262,20
614,1313,20
455,479,20
528,383,20
455,1018,20
501,1030,20
556,244,20
324,44,20
199,1226,20
1007,244,20
302,492,20
1318,46,20
288,395,20
288,1316,20
288,638,20
1221,44,20
1088,296,20
1088,347,20
370,1097,20
394,294,20
645,716,20
1027,1315,20
143,354,20
143,1293,20
884,285,20
242,602,20
863,1226,20
1318,1313,20
296,499,20
1091,1210,20
956,1314,20
242,801,20
1187,420,20
296,271,20
296,67,20
1079,730,20
1079,650,20
1317,657,20
288,1020,20
955,689,20
956,1311,20
1007,44,20
437,650,20
884,689,20
931,1084,20
931,1210,20
863,730,20
784,1263,20
863,492,20
494,280,20
1311,644,20
1187,472,20
1088,610,20
1105,1293,20
196,395,20
1105,354,20
196,638,20
1088,863,20
971,310,20
1088,231,20
1324,317,20
1027,1098,20
324,716,20
1316,59,20
1316,653,20
528,420,20
955,638,20
588,666,20
1079,294,20
1321,1320,20
1321,1304,20
1098,1226,20
1187,644,20
1007,278,20
199,438,20
863,44,20
1322,492,20
501,970,20
653,44,20
394,1232,20
614,1020,20
394,361,20
1315,472,20
370,310,20
394,987,20
417,175,20
1324,1262,20
1324,1313,20
501,610,20
196,472,20
883,392,20
1221,970,20
1007,1315,20
1176,44,20
1210,420,20
1208,689,20
863,278,20
1208,543,20
1079,340,20
784,1221,20
1208,997,20
653,492,20
242,1313,20
242,1262,20
1317,1221,20
392,1187,20
417,1314,20
640,543,20
288,492,20
1007,46,20
575,143,20
1311,1216,20
556,347,20
501,1097,20
589,175,20
1315,1312,20
455,264,20
575,1030,20
956,1076,20
59,801,20
956,143,20
143,1262,20
1324,1319,20
640,183,20
971,987,20
971,361,20
1088,801,20
199,987,20
199,361,20
1311,310,20
614,602,20
575,244,20
1317,1210,20
1317,1084,20
883,302,20
1091,689,20
1007,528,20
1208,884,20
383,245,20
528,801,20
589,1323,20
1091,1076,20
500,499,20
1185,333,20
539,499,20
1311,354,20
1311,1293,20
1311,932,20
1311,227,20
1322,1304,20
1322,878,20
1322,1320,20
1322,379,20
1312,1019,20
971,1313,20
1079,645,20
1311,818,20
296,1221,20
370,1176,20
245,1314,20
614,46,20
589,997,20
437,500,20
1187,496,20
955,1319,20
633,1221,20
242,638,20
539,1076,20
1185,1323,20
633,280,20
1185,340,20
429,1262,20
429,1313,20
1221,992,20
302,863,20
1315,1260,20
417,154,20
199,340,20
501,716,20
1312,479,20
640,44,20
1312,1018,20
539,689,20
1324,716,20
316,644,20
1208,1311,20
370,970,20
1318,1319,20
196,1304,20
1312,705,20
883,154,20
1115,253,20
1185,523,20
556,1210,20
645,568,20
645,264,20
575,279,20
1176,644,20
653,1313,20
1263,479,20
681,1293,20
1187,280,20
417,500,20
681,354,20
528,1320,20
681,1187,20
528,878,20
528,1304,20
883,1232,20
588,602,20
316,244,20
956,411,20
1088,1313,20
1317,684,20
884,158,20
1312,588,20
1312,285,20
316,420,20
1317,417,20
1185,472,20
324,523,20
417,143,20
302,602,20
417,1076,20
1115,227,20
1185,420,20
1105,1226,20
970,1019,20
392,645,20
645,914,20
884,543,20
245,1319,20
884,183,20
1091,411,20
1187,764,20
1187,206,20
316,1226,20
494,588,20
1115,310,20
1210,379,20
383,154,20
971,1312,20
199,486,20
1322,1187,20
413,992,20
931,486,20
1313,310,20
1221,1019,20
429,801,20
1324,801,20
971,1030,20
1176,1216,20
1088,1262,20
392,1232,20
863,1176,20
1321,1262,20
1321,1313,20
324,244,20
242,644,20
1210,175,20
863,1030,20
614,280,20
242,1263,20
199,645,20
500,588,20
588,543,20
1079,288,20
883,253,20
556,1319,20
1007,1319,20
1322,199,20
931,1232,20
1076,1019,20
883,227,20
394,271,20
394,67,20
296,1226,20
1321,500,20
1321,453,20
242,666,20
883,438,20
196,1314,20
453,1019,20
883,1263,20
883,262,20
137,67,20
956,294,20
392,143,20
1176,818,20
59,914,20
1208,285,20
413,884,20
245,340,20
863,681,20
653,523,20
1263,568,20
1263,264,20
1311,1030,20
653,602,20
417,245,20
417,244,20
1098,278,20
1315,1019,20
59,354,20
59,501,20
59,1293,20
288,602,20
1208,1176,20
681,361,20
589,264,20
589,568,20
455,730,20
455,650,20
1221,1319,20
1020,1019,20
1115,1176,20
437,46,20
288,183,20
971,271,20
971,67,20
640,154,20
645,333,20
1221,1262,20
383,730,20
956,46,20
383,650,20
956,528,20
1091,46,20
1318,224,20
1318,221,20
1187,1097,20
1317,486,20
1091,285,20
383,1314,20
437,638,20
1187,666,20
494,932,20
494,354,20
494,1293,20
394,884,20
955,354,20
1185,288,20
955,1293,20
199,588,20
1322,500,20
288,689,20
1322,453,20
1322,269,20
1311,294,20
1311,564,20
1105,285,20
633,227,20
1079,575,20
1321,801,20
370,183,20
1079,884,20
1321,523,20
59,67,20
1105,705,20
437,1320,20
495,1221,20
437,1304,20
1176,666,20
931,417,20
1321,602,20
196,1319,20
588,914,20
383,253,20
1079,997,20
413,486,20
681,492,20
501,914,20
429,1176,20
1263,333,20
1079,383,20
681,1319,20
417,383,20
370,1216,20
556,1030,20
575,492,20
640,523,20
324,302,20
500,227,20
245,411,20
392,411,20
1312,496,20
383,262,20
681,44,20
1176,269,20
956,801,20
143,262,20
883,884,20
143,253,20
417,46,20
640,175,20
971,417,20
1187,1019,20
1098,288,20
1315,992,20
1312,143,20
681,206,20
1312,1076,20
863,288,20
589,610,20
143,227,20
589,618,20
633,705,20
956,1084,20
956,1210,20
575,1216,20
1312,543,20
1312,689,20
1185,294,20
1210,67,20
1185,1221,20
931,438,20
1007,224,20
1324,1221,20
324,294,20
242,227,20
143,818,20
528,1260,20
1311,638,20
1079,588,20
1311,395,20
1311,1316,20
242,237,20
1210,383,20
614,1072,20
884,231,20
1185,302,20
392,992,20
143,420,20
1176,1232,20
633,347,20
633,296,20
392,1076,20
955,1313,20
528,1262,20
1027,1030,20
383,705,20
137,1030,20
316,206,20
1027,158,20
494,158,20
955,383,20
1317,224,20
1318,361,20
1210,575,20
242,914,20
413,1226,20
645,638,20
645,1316,20
645,395,20
955,992,20
1318,987,20
1088,1320,20
1088,1304,20
1088,878,20
971,1020,20
1221,280,20
640,1187,20
971,438,20
528,317,20
1315,244,20
575,1304,20
575,878,20
614,383,20
413,395,20
413,638,20
1176,237,20
437,1314,20
1091,175,20
1088,1321,20
1105,1187,20
1079,1311,20
324,1314,20
1210,568,20
1210,264,20
1322,650,20
1312,528,20
1322,730,20
955,317,20
316,1097,20
413,970,20
931,1221,20
556,638,20
1176,730,20
494,383,20
1322,1232,20
500,1019,20
589,206,20
1321,1176,20
1185,1030,20
392,288,20
302,227,20
1210,411,20
681,644,20
1321,618,20
956,1319,20
1027,383,20
1321,610,20
784,657,20
242,689,20
500,453,20
242,543,20
1027,496,20
137,987,20
1176,564,20
316,1319,20
1176,294,20
1208,455,20
1208,992,20
1263,716,20
500,1176,20
931,1315,20
1315,486,20
1208,1312,20
1317,237,20
1315,280,20
653,1311,20
653,1221,20
1091,997,20
324,1030,20
931,970,20
59,206,20
316,317,20
59,1003,20
556,987,20
1318,638,20
1115,884,20
1318,395,20
1318,1316,20
1318,340,20
588,392,20
429,1260,20
394,1176,20
1115,1262,20
1115,1313,20
196,411,20
242,997,20
681,333,20
528,455,20
1317,705,20
242,884,20
1098,523,20
614,893,20
614,199,20
784,499,20
302,437,20
1208,183,20
1007,361,20
1007,987,20
383,224,20
784,684,20
931,154,20
316,992,20
705,1019,20
199,46,20
1313,997,20
302,970,20
1311,420,20
370,271,20
370,67,20
1088,1020,20
199,970,20
1322,347,20
1322,645,20
1088,1263,20
1187,997,20
429,253,20
1105,543,20
1079,1176,20
1105,689,20
1321,44,20
784,183,20
413,1210,20
324,705,20
1322,1260,20
1322,231,20
1313,1262,20
1322,863,20
1313,269,20
1221,543,20
1221,689,20
539,992,20
501,1019,20
59,361,20
1210,1076,20
1311,262,20
1210,143,20
59,618,20
59,987,20
59,417,20
1318,262,20
588,175,20
1221,1187,20
589,333,20
1312,46,20
1176,645,20
1210,333,20
1187,657,20
681,523,20
614,417,20
640,264,20
1311,602,20
242,1311,20
1226,1019,20
681,420,20
1210,1232,20
589,317,20
1007,638,20
1007,395,20
413,278,20
589,271,20
413,279,20
1311,684,20
1007,1079,20
1007,1323,20
324,237,20
956,486,20
199,681,20
392,175,20
324,437,20
883,231,20
1185,818,20
1115,602,20
681,472,20
316,638,20
316,395,20
143,294,20
556,1221,20
614,296,20
614,347,20
863,333,20
143,206,20
417,455,20
417,992,20
494,666,20
633,453,20
956,224,20
956,221,20
1317,288,20
539,987,20
575,278,20
588,1293,20
539,361,20
588,354,20
394,150,20
316,1020,20
1115,801,20
588,1097,20
1079,1097,20
1317,1314,20
784,1187,20
1318,67,20
1318,271,20
556,1323,20
1210,645,20
556,340,20
199,411,20
1088,500,20
1079,227,20
137,1263,20
884,575,20
392,154,20
1313,602,20
1098,801,20
640,499,20
1091,264,20
437,221,20
1321,1216,20
143,340,20
1079,253,20
884,280,20
296,801,20
588,455,20
1263,1226,20
588,992,20
955,705,20
640,1030,20
237,1019,20
494,237,20
971,206,20
931,472,20
971,764,20
1210,1323,20
429,818,20
1322,602,20
1210,340,20
296,1323,20
589,420,20
1187,1084,20
296,340,20
1324,705,20
296,288,20
539,1263,20
1324,347,20
884,1216,20
196,1311,20
539,438,20
1311,1319,20
589,914,20
992,1019,20
288,523,20
1007,914,20
495,1313,20
495,1262,20
1007,1318,20
417,492,20
863,914,20
1313,175,20
1027,705,20
931,302,20
863,262,20
137,429,20
645,237,20
500,1262,20
500,1313,20
394,253,20
1027,575,20
1315,1210,20
653,310,20
437,970,20
143,610,20
288,253,20
59,420,20
143,618,20
556,67,20
556,271,20
1317,479,20
1115,1260,20
1324,1176,20
1115,863,20
863,657,20
196,1210,20
495,1030,20
494,395,20
437,1226,20
1115,1320,20
242,1176,20
437,417,20
1115,878,20
614,492,20
931,1097,20
413,183,20
1208,154,20
1185,666,20
1317,411,20
1007,67,20
931,183,20
1208,1321,20
302,666,20
199,143,20
971,1319,20
494,420,20
955,420,20
143,970,20
1311,764,20
499,1019,20
1311,206,20
1221,499,20
956,361,20
1027,437,20
884,253,20
370,361,20
884,438,20
956,987,20
1091,610,20
1091,618,20
1313,231,20
1088,392,20
437,610,20
1322,684,20
245,499,20
884,227,20
1187,684,20
324,666,20
1313,347,20
884,264,20
884,568,20
784,395,20
955,472,20
437,296,20
437,347,20
1185,486,20
539,340,20
175,1019,20
640,1076,20
383,801,20
633,472,20
1098,183,20
1311,730,20
1311,650,20
575,650,20
1018,1019,20
575,730,20
413,1318,20
413,914,20
539,970,20
1221,285,20
1322,884,20
302,884,20
1313,645,20
640,818,20
633,340,20
1105,361,20
645,227,20
1321,818,20
1311,279,20
296,411,20
245,280,20
245,221,20
245,224,20
1105,801,20
1315,716,20
245,486,20
633,1097,20
296,568,20
296,264,20
614,1312,20
383,681,20
1105,302,20
784,417,20
931,666,20
681,294,20
633,1098,20
1221,479,20
1007,1312,20
417,1018,20
956,638,20
956,395,20
653,1176,20
955,610,20
1221,1260,20
1315,543,20
1176,340,20
1315,689,20
199,1232,20
588,264,20
413,262,20
588,492,20
589,361,20
501,681,20
588,1319,20
370,262,20
1315,1076,20
392,264,20
199,279,20
199,278,20
1312,992,20
1315,143,20
681,1221,20
556,914,20
556,472,20
1324,1226,20
764,657,20
575,914,20
143,523,20
956,340,20
589,650,20
956,1079,20
956,1323,20
137,1311,20
1317,1076,20
645,244,20
59,271,20
633,392,20
500,801,20
1091,206,20
1317,143,20
1208,438,20
1208,1020,20
1176,997,20
1208,1263,20
272,242,20
1098,644,20
1317,1030,20
633,878,20
633,1304,20
1232,1019,20
633,1320,20
392,575,20
884,154,20
539,67,20
539,271,20
1317,333,20
588,206,20
199,1019,20
302,716,20
1317,244,20
1317,245,20
1115,1311,20
1210,269,20
143,310,20
1313,492,20
645,44,20
640,1018,20
575,347,20
1321,496,20
1317,1324,20
633,1260,20
383,183,20
494,884,20
1312,987,20
1312,361,20
1088,1260,20
971,932,20
1079,44,20
971,1293,20
59,175,20
971,354,20
429,294,20
500,231,20
589,1088,20
1105,914,20
575,1260,20
681,1030,20
296,333,20
383,997,20
1027,499,20
1321,479,20
1208,1315,20
614,1325,20
614,1066,20
1321,1018,20
1210,486,20
931,206,20
316,1312,20
931,764,20
494,253,20
417,199,20
1221,237,20
1027,269,20
1027,317,20
242,1312,20
588,1216,20
137,970,20
370,486,20
1315,411,20
394,347,20
59,1226,20
640,453,20
633,499,20
196,280,20
883,279,20
883,278,20
242,992,20
196,221,20
196,224,20
645,1226,20
1312,1263,20
1322,271,20
143,644,20
196,486,20
863,716,20
1185,997,20
500,411,20
588,644,20
1098,818,20
1312,499,20
413,154,20
383,1097,20
1091,333,20
1185,543,20
1260,1019,20
437,271,20
931,1176,20
316,689,20
1313,395,20
1313,1316,20
556,285,20
316,183,20
528,1030,20
394,618,20
394,863,20
394,970,20
455,914,20
288,1314,20
143,997,20
955,206,20
1221,1018,20
884,392,20
653,716,20
242,183,20
956,67,20
956,271,20
1091,317,20
1091,271,20
1091,67,20
645,644,20
296,716,20
784,175,20
884,175,20
137,1221,20
383,354,20
1098,1316,20
383,1293,20
1098,638,20
383,932,20
392,610,20
931,317,20
784,500,20
784,453,20
1311,1020,20
345,496,20
288,666,20
501,1210,20
1322,137,20
392,395,20
392,1316,20
971,992,20
1313,575,20
971,158,20
1088,1293,20
1079,666,20
324,271,20
324,67,20
1105,271,20
392,206,20
1105,67,20
575,602,20
1311,681,20
1322,1293,20
1079,863,20
1079,231,20
1321,564,20
1105,644,20
1105,317,20
245,1019,20
614,1323,20
296,175,20
956,1312,20
383,279,20
383,278,20
1312,417,20
1187,221,20
1187,224,20
681,818,20
784,317,20
633,1030,20
528,1263,20
417,499,20
1263,618,20
1315,46,20
1263,610,20
501,650,20
1311,280,20
1312,1323,20
501,730,20
1312,340,20
1315,288,20
302,588,20
1315,285,20
588,730,20
588,650,20
394,801,20
59,46,20
1221,684,20
1312,970,20
883,296,20
883,347,20
199,262,20
1210,997,20
143,492,20
143,44,20
1115,1293,20
1105,1216,20
1316,324,20
1115,354,20
633,438,20
370,1187,20
633,199,20
633,1263,20
1091,420,20
413,175,20
417,689,20
1317,1098,20
417,543,20
1091,914,20
1185,914,20
956,472,20
588,420,20
784,1097,20
1185,1318,20
1318,310,20
640,602,20
1317,278,20
199,280,20
59,241,20
1091,1312,20
1210,528,20
1115,1187,20
302,1098,20
956,420,20
784,1216,20
1187,237,20
884,269,20
1105,1221,20
1208,383,20
653,1030,20
528,253,20
955,970,20
1088,383,20
288,206,20
653,143,20
955,361,20
955,987,20
137,317,20
1322,227,20
494,231,20
494,863,20
1312,67,20
1312,271,20
681,237,20
1322,237,20
1315,455,20
59,264,20
302,392,20
588,143,20
589,354,20
1088,455,20
589,1293,20
1322,438,20
588,1076,20
429,347,20
863,1097,20
633,992,20
633,455,20
242,244,20
1027,479,20
1321,499,20
1027,1018,20
1210,1084,20
500,183,20
931,1293,20
931,501,20
429,1312,20
931,354,20
1313,264,20
1313,568,20
302,294,20
931,932,20
1208,1098,20
1314,1019,20
1027,379,20
931,644,20
296,486,20
500,310,20
588,453,20
59,411,20
245,1018,20
199,1097,20
1088,970,20
589,221,20
392,317,20
589,1187,20
589,224,20
370,1210,20
1324,878,20
1324,1304,20
1322,437,20
1324,1320,20
1185,1098,20
1313,340,20
1210,1311,20
883,1020,20
556,644,20
556,317,20
417,914,20
1324,1260,20
1221,158,20
302,1260,20
640,1320,20
640,878,20
640,1304,20
633,1018,20
539,264,20
955,340,20
955,1323,20
863,280,20
528,392,20
1317,1216,20
1263,523,20
653,472,20
455,278,20
1098,650,20
1315,175,20
288,1216,20
863,310,20
316,863,20
614,557,20
316,231,20
528,1221,20
1007,158,20
437,361,20
633,395,20
633,638,20
394,183,20
59,302,20
1312,392,20
1313,1263,20
931,650,20
242,154,20
883,1315,20
528,1097,20
956,666,20
1315,1079,20
1315,1323,20
1091,987,20
1321,684,20
1315,340,20
137,705,20
429,492,20
784,568,20
784,264,20
455,361,20
633,1020,20
1079,1313,20
1079,1262,20
955,310,20
383,206,20
413,1293,20
413,354,20
931,705,20
429,650,20
784,1320,20
302,499,20
784,878,20
455,67,20
455,271,20
1317,1304,20
1317,878,20
588,411,20
1317,1320,20
245,310,20
370,1232,20
971,285,20
324,361,20
1221,666,20
324,987,20
324,379,20
1313,379,20
539,666,20
1315,997,20
392,420,20
1079,183,20
394,644,20
784,411,20
392,280,20
494,1030,20
495,492,20
392,914,20
296,1020,20
1187,1314,20
1187,1320,20
1098,1323,20
931,285,20
59,143,20
539,1176,20
302,1221,20
1311,1019,20
971,705,20
614,44,20
59,992,20
59,333,20
302,158,20
199,379,20
589,705,20
245,914,20
1321,262,20
1115,44,20
394,1312,20
392,644,20
645,1319,20
302,1321,20
883,453,20
1088,681,20
883,500,20
1079,1018,20
1115,1319,20
242,438,20
242,1020,20
1098,645,20
1115,206,20
455,347,20
633,492,20
455,610,20
589,645,20
500,1187,20
589,528,20
413,264,20
413,568,20
589,347,20
556,1187,20
589,296,20
494,992,20
494,333,20
417,666,20
883,317,20
196,1018,20
1318,1311,20
589,437,20
242,253,20
199,716,20
302,1019,20
1098,705,20
245,716,20
645,206,20
1316,614,20
1210,271,20
302,1030,20
681,1176,20
429,1232,20
956,206,20
1263,801,20
884,1260,20
633,1321,20
931,253,20
653,1232,20
383,288,20
956,764,20
645,294,20
1091,278,20
575,818,20
288,420,20
955,271,20
955,67,20
1313,564,20
1313,294,20
1185,175,20
324,1311,20
392,183,20
884,296,20
884,645,20
884,347,20
302,1263,20
59,1019,20
302,438,20
245,333,20
1318,1018,20
1187,411,20
137,420,20
1027,302,20
370,997,20
1185,1315,20
1007,437,20
413,705,20
931,1088,20
302,818,20
417,602,20
784,244,20
784,245,20
1221,472,20
1208,1030,20
494,602,20
1316,640,20
1317,199,20
1311,333,20
500,44,20
588,1320,20
556,1018,20
588,1304,20
1208,158,20
971,1187,20
429,279,20
1088,705,20
370,411,20
196,310,20
1210,310,20
242,317,20
556,705,20
681,689,20
1027,67,20
1027,271,20
589,730,20
1317,67,20
429,1210,20
863,1019,20
1317,221,20
863,1314,20
1263,492,20
956,317,20
681,395,20
681,1316,20
681,638,20
394,1226,20
1007,1311,20
1263,44,20
1318,997,20
1315,264,20
1315,568,20
1318,863,20
955,455,20
394,1320,20
394,1304,20
394,878,20
59,1304,20
863,1311,20
316,884,20
1185,455,20
413,1176,20
1185,992,20
1324,992,20
1007,588,20
302,992,20
302,455,20
633,1262,20
633,1313,20
614,438,20
196,914,20
196,1318,20
614,1263,20
245,1030,20
884,492,20
392,262,20
956,158,20
1317,279,20
269,1019,20
150,589,20
614,1326,20
614,253,20
437,575,20
1208,496,20
784,730,20
296,1019,20
784,650,20
884,730,20
884,650,20
955,1221,20
955,1311,20
1115,333,20
383,420,20
645,543,20
59,1319,20
1088,253,20
931,496,20
302,1018,20
1098,154,20
1317,500,20
1185,231,20
1317,453,20
1187,1076,20
1322,618,20
1322,610,20
296,278,20
640,610,20
296,279,20
971,689,20
1187,1030,20
640,618,20
1187,333,20
633,1312,20
589,1226,20
413,206,20
955,1210,20
296,650,20
1324,1316,20
296,730,20
931,689,20
1187,244,20
575,1320,20
784,496,20
883,354,20
1322,154,20
588,1314,20
1321,279,20
539,884,20
1007,1076,20
1007,143,20
1318,411,20
681,1320,20
1321,1084,20
199,575,20
1321,1210,20
784,1232,20
370,1263,20
392,801,20
1321,278,20
1115,523,20
681,914,20
501,392,20
883,1320,20
196,333,20
883,1304,20
883,878,20
1321,264,20
1312,666,20
296,1232,20
1176,231,20
417,158,20
1315,610,20
392,987,20
1315,618,20
1098,575,20
455,453,20
1091,354,20
1091,1293,20
633,602,20
242,1216,20
863,1076,20
1263,644,20
863,143,20
633,1293,20
589,453,20
1221,227,20
1312,1176,20
394,1020,20
1115,472,20
883,644,20
1176,970,20
196,499,20
1221,438,20
1185,280,20
971,280,20
645,1187,20
1115,420,20
1210,610,20
1210,361,20
1316,784,20
1210,618,20
1210,987,20
1098,884,20
199,914,20
1091,221,20
1091,1187,20
1091,224,20
316,666,20
645,472,20
956,501,20
288,294,20
956,354,20
316,438,20
143,1319,20
1313,420,20
1098,997,20
394,420,20
316,227,20
528,716,20
1311,231,20
302,280,20
316,264,20
645,420,20
494,1321,20
1318,383,20
1322,568,20
1322,264,20
1313,523,20
955,417,20
1185,264,20
1185,568,20
324,1187,20
1079,1020,20
645,818,20
1079,1263,20
863,997,20
1105,1314,20
1079,438,20
1079,420,20
1088,689,20
437,1263,20
1317,523,20
196,1030,20
429,1320,20
429,878,20
429,1304,20
633,543,20
1311,610,20
633,689,20
1311,618,20
614,1232,20
1263,1216,20
1317,730,20
455,1097,20
500,644,20
1007,411,20
413,317,20
288,453,20
640,278,20
1027,618,20
640,279,20
302,44,20
784,1314,20
1027,610,20
1315,206,20
640,997,20
316,1320,20
59,280,20
394,1315,20
1221,317,20
59,486,20
1210,638,20
1210,1316,20
1210,395,20
956,437,20
589,245,20
589,244,20
971,420,20
429,1314,20
1316,931,20
556,395,20
455,1216,20
383,379,20
630,1019,20
242,1098,20
681,285,20
1321,158,20
1027,987,20
417,486,20
640,347,20
1322,1210,20
955,1226,20
784,1312,20
1027,361,20
494,1315,20
1322,1084,20
1176,310,20
196,716,20
863,411,20
413,453,20
500,333,20
556,1076,20
1221,1216,20
956,705,20
383,175,20
1263,818,20
556,44,20
370,175,20
1210,294,20
1210,564,20
575,1018,20
413,1313,20
413,383,20
1317,914,20
556,689,20
143,231,20
931,1313,20
316,154,20
883,244,20
883,245,20
1324,1312,20
863,245,20
863,244,20
614,1049,20
1210,681,20
1027,1323,20
1316,242,20
417,438,20
784,262,20
884,199,20
1098,1311,20
1311,455,20
1210,227,20
1208,46,20
1317,681,20
1091,705,20
437,705,20
1208,645,20
1208,705,20
500,154,20
1007,383,20
494,1020,20
1079,1232,20
302,1319,20
1311,1226,20
370,154,20
1313,644,20
370,1319,20
588,486,20
1317,347,20
1317,296,20
324,644,20
296,681,20
392,354,20
324,645,20
392,1293,20
199,347,20
1313,610,20
1105,347,20
784,486,20
1105,46,20
1318,801,20
370,383,20
413,420,20
955,486,20
302,1262,20
302,1313,20
784,705,20
1221,987,20
884,1232,20
883,383,20
528,288,20
500,523,20
588,221,20
588,224,20
1019,1322,20
1322,1312,20
1311,716,20
1318,1210,20
394,1319,20
59,543,20
199,618,20
392,221,20
1315,333,20
392,224,20
245,262,20
1321,486,20
199,610,20
1321,681,20
1208,437,20
1321,280,20
143,801,20
1027,221,20
296,932,20
137,716,20
863,46,20
1176,183,20
1027,486,20
296,1293,20
614,884,20
681,1019,20
143,602,20
1263,269,20
1315,317,20
1315,271,20
1315,67,20
1098,1176,20
455,1304,20
417,588,20
394,650,20
324,1319,20
59,997,20
589,379,20
589,1304,20
589,1320,20
971,302,20
501,199,20
324,1216,20
501,1263,20
1312,884,20
1115,294,20
1115,1221,20
245,237,20
863,528,20
1317,285,20
1185,716,20
884,970,20
640,492,20
437,1232,20
1187,492,20
245,1097,20
528,689,20
614,543,20
455,46,20
413,602,20
681,175,20
653,1319,20
589,154,20
633,863,20
633,231,20
528,199,20
931,602,20
495,1210,20
316,394,20
288,818,20
494,689,20
370,237,20
316,253,20
413,801,20
455,970,20
1313,764,20
1313,206,20
199,638,20
199,1316,20
199,395,20
1263,1232,20
1091,730,20
588,1226,20
288,354,20
316,175,20
288,1293,20
1322,175,20
1313,44,20
1185,730,20
1185,650,20
645,492,20
1322,1216,20
500,280,20
137,914,20
1007,801,20
1312,227,20
1187,1216,20
884,1320,20
884,878,20
884,1304,20
413,46,20
137,501,20
137,1293,20
394,302,20
784,987,20
455,716,20
279,1019,20
1027,500,20
1263,237,20
288,221,20
288,1187,20
288,224,20
588,618,20
588,610,20
1007,1084,20
501,417,20
1007,1210,20
1221,602,20
302,523,20
1313,278,20
324,730,20
324,650,20
640,262,20
379,1019,20
1317,602,20
1315,420,20
539,1311,20
575,154,20
1079,206,20
1115,1030,20
59,1210,20
645,1216,20
500,1304,20
296,1313,20
296,1262,20
1315,914,20
1263,650,20
1315,1318,20
392,705,20
681,1097,20
383,575,20
1079,1030,20
242,1030,20
1321,588,20
1187,1304,20
1187,878,20
971,1318,20
59,1311,20
455,1226,20
199,224,20
199,221,20
588,347,20
413,1320,20
500,288,20
413,1304,20
653,1210,20
383,568,20
383,264,20
956,496,20
883,730,20
417,340,20
883,650,20
1263,564,20
370,264,20
370,568,20
1312,310,20
392,347,20
1091,1226,20
556,46,20
681,455,20
1210,818,20
784,479,20
575,499,20
883,1314,20
1210,588,20
1263,1019,20
196,262,20
1221,231,20
302,543,20
302,689,20
394,154,20
602,1019,20
784,1018,20
302,1088,20
1208,499,20
417,392,20
494,1311,20
324,818,20
392,681,20
383,411,20
556,361,20
956,689,20
589,1098,20
1208,269,20
394,1260,20
288,644,20
1208,317,20
588,395,20
588,1316,20
588,638,20
1210,716,20
640,486,20
1176,684,20
1324,1232,20
1185,1076,20
324,333,20
324,1076,20
196,237,20
645,1260,20
1318,1323,20
143,1030,20
956,383,20
1311,264,20
1311,568,20
575,264,20
296,523,20
437,383,20
1091,453,20
196,1097,20
1079,154,20
863,1319,20
494,1098,20
784,1084,20
784,1210,20
1185,500,20
196,340,20
1185,453,20
539,997,20
640,1319,20
931,992,20
288,645,20
199,453,20
1322,285,20
199,500,20
500,294,20
288,1319,20
1210,1226,20
1322,1321,20
1318,486,20
971,317,20
245,278,20
245,279,20
1321,1019,20
1027,1084,20
1027,1210,20
392,650,20
392,730,20
528,231,20
614,863,20
681,280,20
1007,1018,20
500,1221,20
1263,645,20
863,1216,20
681,1232,20
539,1262,20
539,1313,20
1315,987,20
633,253,20
1315,361,20
59,1260,20
429,1076,20
1210,644,20
1210,543,20
1115,818,20
1318,1232,20
370,1315,20
1185,411,20
500,914,20
1323,1019,20
500,681,20
883,705,20
645,310,20
383,1076,20
383,143,20
455,575,20
653,689,20
614,285,20
681,264,20
614,588,20
863,1018,20
1091,244,20
383,333,20
883,1319,20
288,44,20
931,492,20
455,143,20
1221,1030,20
494,285,20
455,1076,20
1313,932,20
1313,1293,20
455,1232,20
1313,354,20
1317,650,20
1185,245,20
1185,244,20
324,411,20
971,1216,20
528,1232,20
883,1323,20
645,1293,20
645,354,20
884,1262,20
884,1313,20
645,932,20
883,340,20
1322,1020,20
1210,46,20
971,684,20
640,340,20
645,602,20
383,523,20
1322,1003,20
589,302,20
1313,253,20
500,253,20
884,500,20
884,453,20
383,221,20
288,231,20
1318,206,20
955,46,20
1313,227,20
1027,878,20
1027,1320,20
1030,1019,20
500,1030,20
1311,379,20
494,206,20
370,395,20
370,638,20
245,46,20
494,492,20
1313,681,20
971,1221,20
370,206,20
1187,278,20
1187,279,20
1311,288,20
633,437,20
575,183,20
245,288,20
1079,1293,20
1105,1210,20
1079,354,20
1324,863,20
1088,317,20
1324,231,20
1321,333,20
199,1319,20
296,1176,20
1176,1020,20
383,645,20
1176,438,20
539,310,20
417,411,20
1321,1076,20
1321,143,20
1027,528,20
556,1232,20
1311,361,20
1187,453,20
1311,987,20
931,1020,20
784,1088,20
863,486,20
1185,285,20
1007,1232,20
931,1216,20
501,1262,20
501,1313,20
1027,46,20
394,1262,20
288,801,20
1312,1311,20
640,1312,20
1176,420,20
1210,44,20
1318,650,20
383,1323,20
883,221,20
417,472,20
196,278,20
196,279,20
633,1176,20
383,340,20
302,285,20
1185,46,20
884,801,20
863,224,20
863,221,20
1007,227,20
455,801,20
1208,479,20
784,1226,20
784,681,20
1208,1018,20
242,645,20
494,310,20
588,237,20
392,278,20
1115,666,20
392,279,20
455,1314,20
884,602,20
1317,262,20
589,1030,20
316,878,20
501,1319,20
589,1020,20
556,992,20
302,46,20
1324,1321,20
539,1319,20
394,992,20
1185,1210,20
1088,492,20
884,523,20
645,1262,20
575,175,20
1311,175,20
1318,1263,20
1322,296,20
1317,818,20
1091,878,20
1091,1304,20
1091,1320,20
316,347,20
1105,1320,20
1079,158,20
1105,1304,20
288,143,20
784,1318,20
784,914,20
1185,1320,20
1185,878,20
1185,1304,20
955,411,20
1322,1226,20
1322,253,20
199,1320,20
1088,1221,20
1322,689,20
1322,543,20
1091,630,20
500,818,20
1091,154,20
539,231,20
539,863,20
296,262,20
296,253,20
1210,245,20
1079,455,20
370,333,20
1321,411,20
296,818,20
245,681,20
589,417,20
1210,970,20
931,1321,20
1007,417,20
784,528,20
143,1020,20
1027,244,20
1027,245,20
296,227,20
296,420,20
863,417,20
1027,231,20
681,716,20
370,317,20
1313,288,20
1263,575,20
1312,997,20
640,411,20
539,645,20
1318,1221,20
394,175,20
196,46,20
575,1187,20
245,523,20
1321,472,20
370,417,20
1208,1293,20
1210,1176,20
1187,650,20
1187,730,20
863,361,20
863,987,20
971,716,20
653,46,20
931,878,20
931,1304,20
931,1320,20
455,645,20
1098,863,20
614,158,20
1098,970,20
681,650,20
614,992,20
588,1019,20
1091,1314,20
931,264,20
931,568,20
316,492,20
716,1019,20
1312,1262,20
1312,1313,20
1312,269,20
1185,1314,20
302,1097,20
971,237,20
316,730,20
316,650,20
1316,955,20
539,1030,20
1318,970,20
884,1176,20
1079,1226,20
1221,645,20
884,618,20
137,1313,20
137,1262,20
1105,221,20
1105,224,20
884,610,20
955,1076,20
955,158,20
437,1019,20
1187,914,20
955,1030,20
455,1019,20
1210,992,20
633,666,20
1311,269,20
1210,455,20
955,333,20
288,244,20
501,801,20
199,44,20
1315,354,20
370,420,20
1315,1293,20
1315,932,20
1105,280,20
1317,253,20
1105,486,20
370,1312,20
245,143,20
1088,417,20
987,1019,20
1027,143,20
370,1318,20
1027,1076,20
1176,392,20
1321,46,20
784,997,20
1221,564,20
413,417,20
1007,1221,20
956,1232,20
1322,1319,20
784,932,20
784,354,20
1187,347,20
1311,67,20
784,1293,20
1311,271,20
199,245,20
1315,221,20
1315,1187,20
1315,224,20
589,310,20
370,644,20
633,383,20
392,1320,20
1322,528,20
1176,206,20
1176,764,20
1210,523,20
500,666,20
1115,705,20
1324,997,20
1316,1322,20
316,970,20
1187,1260,20
863,1221,20
59,294,20
528,1020,20
575,479,20
413,296,20
413,347,20
316,1232,20
588,705,20
1208,302,20
784,279,20
784,278,20
640,294,20
455,1187,20
653,175,20
1115,689,20
1115,543,20
383,486,20
556,970,20
575,269,20
1007,970,20
1208,575,20
645,666,20
1221,347,20
59,1315,20
556,154,20
1088,1316,20
438,1019,20
1088,638,20
556,1315,20
242,499,20
1210,1019,20
394,285,20
196,523,20
1088,199,20
392,271,20
653,1097,20
884,44,20
196,206,20
1027,1232,20
494,294,20
1208,67,20
1208,271,20
1321,1226,20
1317,294,20
1317,564,20
1007,154,20
640,987,20
955,716,20
1313,650,20
394,705,20
1313,716,20
288,46,20
199,644,20
288,379,20
302,1176,20
1312,1319,20
370,932,20
1176,1319,20
137,997,20
1079,285,20
1027,650,20
143,1097,20
1027,278,20
137,279,20
1105,453,20
1079,705,20
392,1314,20
589,644,20
1321,716,20
1027,1314,20
784,67,20
784,271,20
1098,361,20
302,237,20
614,1321,20
417,361,20
931,1098,20
1263,379,20
1313,333,20
296,1097,20
417,1319,20
1315,705,20
614,1293,20
640,1176,20
392,1323,20
1324,1097,20
59,666,20
196,158,20
296,294,20
392,340,20
883,420,20
1210,1319,20
245,44,20
640,438,20
640,1263,20
1221,1020,20
495,1312,20
494,340,20
417,1263,20
1312,231,20
1312,863,20
1176,154,20
296,206,20
196,1076,20
1311,575,20
1210,1313,20
1210,1262,20
863,67,20
863,271,20
640,253,20
931,500,20
1187,602,20
1318,420,20
931,453,20
1315,645,20
1098,1313,20
1098,1262,20
1315,347,20
1315,296,20
1317,1018,20
589,183,20
588,280,20
589,1319,20
413,492,20
501,1221,20
633,884,20
1115,914,20
931,175,20
956,285,20
1315,437,20
137,253,20
1313,801,20
1221,1232,20
394,227,20
1312,645,20
1318,914,20
1208,175,20
1185,221,20
1185,224,20
1311,1260,20
784,618,20
784,610,20
614,1041,20
645,253,20
437,681,20
137,1210,20
500,602,20
955,644,20
956,438,20
575,1232,20
539,154,20
956,1020,20
539,1315,20
437,1020,20
316,1187,20
1027,347,20
1027,296,20
455,280,20
1311,645,20
1318,183,20
1311,347,20
199,523,20
1322,354,20
296,610,20
1322,501,20
1007,340,20
1221,492,20
1313,262,20
1322,932,20
589,67,20
971,1314,20
296,618,20
784,302,20
971,1097,20
1312,1030,20
1091,1030,20
1091,1020,20
1079,1187,20
413,1312,20
199,650,20
588,575,20
539,818,20
1007,472,20
784,206,20
199,1314,20
681,46,20
589,1327,20
370,801,20
1185,1226,20
1311,1232,20
296,970,20
633,154,20
1315,650,20
1315,730,20
1105,1311,20
1185,970,20
324,1226,20
1007,420,20
1176,354,20
500,689,20
1263,227,20
500,543,20
1098,1312,20
956,1315,20
863,420,20
1007,302,20
1321,417,20
324,395,20
324,638,20
863,472,20
1318,666,20
59,818,20
589,262,20
1263,253,20
1098,1030,20
494,472,20
653,264,20
242,379,20
1185,417,20
883,914,20
1115,285,20
575,645,20
883,1318,20
1208,618,20
1019,956,20
143,666,20
1208,610,20
645,689,20
1221,453,20
883,863,20
324,970,20
556,183,20
1210,280,20
645,997,20
394,689,20
196,44,20
883,1293,20
242,1018,20
883,932,20
884,818,20
956,1321,20
383,1311,20
1321,288,20
956,154,20
1317,302,20
494,818,20
437,1321,20
614,716,20
1208,987,20
1208,361,20
1007,183,20
1313,1232,20
1185,618,20
575,231,20
1185,610,20
494,227,20
302,610,20
316,1304,20
302,618,20
1322,1313,20
1322,1262,20
955,280,20
589,801,20
1313,1260,20
1185,296,20
1185,347,20
1322,383,20
245,1187,20
199,296,20
1088,1314,20
1322,992,20
1105,1018,20
1091,347,20
324,610,20
1027,262,20
1315,1226,20
324,618,20
1079,543,20
1079,689,20
956,1304,20
956,1320,20
1208,340,20
1208,1079,20
1313,618,20
784,288,20
494,154,20
784,361,20
1098,271,20
528,296,20
1098,67,20
884,1187,20
1317,154,20
302,1216,20
556,1312,20
288,575,20
143,183,20
528,347,20
588,1263,20
59,429,20
588,438,20
1322,317,20
971,296,20
971,347,20
640,1262,20
640,1313,20
539,379,20
1312,914,20
971,46,20
883,492,20
955,1097,20
1027,280,20
245,818,20
296,310,20
931,610,20
501,253,20
1176,992,20
1007,666,20
931,618,20
1176,455,20
1176,158,20
883,67,20
883,271,20
614,987,20
863,666,20
417,970,20
931,347,20
1321,970,20
931,296,20
59,644,20
884,237,20
317,1019,20
1315,453,20
1315,500,20
589,231,20
1317,499,20
588,716,20
231,1019,20
784,237,20
392,1020,20
417,1311,20
1312,575,20
681,1314,20
324,1210,20
1105,1312,20
1088,1319,20
1317,575,20
1208,224,20
1208,221,20
884,479,20
633,302,20
884,1018,20
1208,486,20
1007,730,20
633,588,20
285,1019,20
1007,492,20
494,644,20
1105,1030,20
539,183,20
288,310,20
539,302,20
199,206,20
383,1262,20
1317,568,20
1317,264,20
1318,1176,20
1210,689,20
1115,175,20
1098,417,20
1027,1097,20
199,294,20
437,278,20
1176,1262,20
324,278,20
971,244,20
370,354,20
1313,730,20
370,1293,20
296,575,20
1105,264,20
1324,1216,20
1210,1187,20
653,1216,20
1187,262,20
413,340,20
137,1226,20
413,1079,20
383,67,20
383,271,20
1317,1260,20
1312,154,20
588,645,20
1322,183,20
501,705,20
288,1226,20
539,294,20
1322,1088,20
539,175,20
501,347,20
501,296,20
1318,317,20
971,411,20
370,221,20
784,420,20
370,224,20
1315,245,20
59,1221,20
1019,1007,20
1187,818,20
1321,987,20
1324,884,20
143,438,20
1321,361,20
196,1187,20
296,997,20
288,237,20
614,523,20
1007,206,20
653,395,20
653,638,20
1007,764,20
653,764,20
417,280,20
500,285,20
653,206,20
863,206,20
1098,1020,20
1098,1263,20
417,1221,20
863,764,20
640,801,20
370,199,20
429,1221,20
59,44,20
1208,500,20
1312,818,20
1115,997,20
501,1176,20
1312,264,20
1312,568,20
884,333,20
1091,644,20
956,302,20
556,666,20
645,285,20
1221,1320,20
1185,271,20
1185,67,20
1221,878,20
59,689,20
1324,67,20
1316,1317,20
394,666,20
392,523,20
1221,1304,20
196,818,20
884,294,20
1210,354,20
633,294,20
884,564,20
494,1221,20
437,1312,20
316,1313,20
455,354,20
494,44,20
614,244,20
1187,46,20
556,1176,20
1317,44,20
1007,1176,20
588,1232,20
437,183,20
288,970,20
302,271,20
302,67,20
1322,1176,20
575,453,20
242,67,20
242,271,20
956,183,20
1105,333,20
1091,183,20
1091,1319,20
1088,245,20
495,1020,20
296,492,20
1027,175,20
1027,224,20
956,500,20
437,264,20
955,278,20
955,279,20
1007,317,20
931,884,20
883,206,20
1311,1187,20
288,618,20
1311,224,20
1311,221,20
1317,183,20
296,354,20
288,610,20
59,970,20
324,183,20
1322,705,20
370,705,20
437,224,20
1079,987,20
640,1311,20
640,1210,20
296,44,20
1079,801,20
1321,1221,20
245,294,20
296,1311,20
1027,716,20
1312,1321,20
1176,285,20
883,610,20
883,361,20
1098,472,20
863,317,20
681,486,20
883,618,20
883,987,20
383,310,20
1263,666,20
413,394,20
614,568,20
417,997,20
556,1226,20
1318,1293,20
59,1176,20
1187,253,20
653,333,20
1315,878,20
1315,1304,20
370,347,20
1318,932,20
1315,1320,20
370,296,20
196,154,20
429,997,20
394,602,20
501,1226,20
500,175,20
413,1221,20
316,602,20
883,288,20
501,689,20
199,1187,20
1115,280,20
1312,379,20
1210,499,20
883,417,20
1176,705,20
681,221,20
1293,1019,20
681,224,20
324,1318,20
324,914,20
653,271,20
653,67,20
614,245,20
784,379,20
1315,154,20
417,1262,20
417,1313,20
1317,379,20
288,271,20
316,523,20
413,1097,20
1208,1084,20
1208,1210,20
494,1176,20
455,1320,20
137,1176,20
633,158,20
288,716,20
199,420,20
971,602,20
614,231,20
653,863,20
1221,244,20
1313,1020,20
370,253,20
1210,285,20
1317,175,20
575,1262,20
1311,1320,20
1115,264,20
288,154,20
245,361,20
784,46,20
199,818,20
245,987,20
883,638,20
883,395,20
1091,262,20
316,453,20
884,499,20
614,302,20
1105,716,20
1313,280,20
1105,175,20
633,1315,20
784,970,20
500,932,20
500,1293,20
500,354,20
539,420,20
383,610,20
383,361,20
383,618,20
383,987,20
500,1097,20
681,970,20
500,997,20
1322,472,20
1210,1260,20
1312,183,20
589,878,20
539,523,20
1322,420,20
296,379,20
59,602,20
1318,705,20
931,227,20
971,1210,20
245,645,20
1321,644,20
1313,224,20
1315,1314,20
429,914,20
1079,914,20
1187,294,20
1187,564,20
302,1226,20
681,1226,20
1321,67,20
784,716,20
1321,271,20
296,1316,20
296,395,20
296,638,20
589,970,20
370,650,20
1091,801,20
370,730,20
1321,997,20
1105,492,20
1007,1293,20
1007,501,20
1007,354,20
653,1324,20
500,455,20
1007,932,20
500,992,20
417,1019,20
395,1019,20
501,383,20
653,420,20
1007,644,20
863,1293,20
653,657,20
1262,1019,20
863,354,20
863,932,20
1317,1187,20
417,801,20
1208,1304,20
1208,878,20
1208,1320,20
1318,285,20
653,914,20
589,681,20
324,1260,20
1312,564,20
1312,294,20
1322,644,20
1312,175,20
588,46,20
556,884,20
437,801,20
681,610,20
143,285,20
1185,987,20
1311,285,20
645,992,20
1185,361,20
1316,494,20
884,684,20
1324,987,20
324,801,20
1098,206,20
383,638,20
681,347,20
196,294,20
417,523,20
589,1097,20
589,253,20
633,818,20
316,1176,20
242,618,20
175,501,20
495,1097,20
242,610,20
455,206,20
614,1059,20
494,523,20
245,231,20
1208,528,20
614,1314,20
1185,379,20
437,154,20
316,618,20
316,610,20
1316,370,20
1079,417,20
1221,496,20
302,361,20
394,317,20
955,1318,20
955,914,20
645,183,20
242,987,20
392,492,20
242,361,20
884,262,20
956,610,20
1316,1185,20
383,294,20
956,618,20
1091,231,20
1187,1018,20
1187,479,20
340,1019,20
1208,970,20
1027,568,20
1027,264,20
633,1187,20
956,347,20
956,296,20
1318,253,20
645,1030,20
1007,705,20
1313,878,20
1313,1304,20
1313,1320,20
1027,657,20
1221,154,20
539,644,20
1311,1314,20
614,689,20
196,1232,20
1321,657,20
1322,496,20
971,1320,20
324,154,20
971,1304,20
971,878,20
1079,271,20
1079,67,20
196,361,20
1027,645,20
539,618,20
539,610,20
196,987,20
640,914,20
1321,1318,20
614,499,20
1079,644,20
1321,914,20
883,681,20
1098,1319,20
1007,285,20
1027,914,20
1176,543,20
1176,689,20
863,705,20
392,689,20
931,1030,20
1263,183,20
956,278,20
955,1176,20
59,1313,20
370,453,20
370,500,20
394,492,20
589,137,20
59,1079,20
956,1088,20
575,472,20
883,818,20
1210,1018,20
1115,716,20
1210,479,20
413,438,20
1176,496,20
863,588,20
863,285,20
883,437,20
1079,1216,20
784,575,20
242,221,20
370,278,20
653,987,20
370,279,20
653,361,20
455,666,20
1318,154,20
1317,269,20
288,361,20
242,1315,20
137,1312,20
614,294,20
288,987,20
633,644,20
1208,244,20
1208,245,20
316,44,20
1221,730,20
413,253,20
1311,340,20
500,264,20
500,568,20
784,143,20
1208,411,20
500,492,20
288,914,20
784,1076,20
394,1221,20
500,1319,20
59,1030,20
143,221,20
143,224,20
575,438,20
1221,1314,20
971,492,20
199,492,20
1311,453,20
1115,730,20
1115,650,20
1311,500,20
242,486,20
245,271,20
1185,1097,20
931,420,20
1007,253,20
1105,262,20
1079,1221,20
1091,650,20
500,206,20
1185,392,20
539,206,20
394,206,20
1311,143,20
455,237,20
288,262,20
500,237,20
633,1319,20
199,568,20
199,264,20
539,44,20
1311,496,20
971,221,20
1322,764,20
1221,253,20
1322,206,20
1313,1019,20
971,486,20
1316,1007,20
1210,684,20
370,244,20
245,575,20
614,237,20
495,1320,20
495,1304,20
1187,523,20
1321,528,20
1027,333,20
614,437,20
614,818,20
956,644,20
633,183,20
1007,1088,20
681,271,20
1313,1314,20
653,1088,20
302,486,20
1221,262,20
501,1304,20
1312,420,20
501,1320,20
1322,302,20
539,279,20
199,1216,20
914,1019,20
1318,543,20
1318,689,20
1321,666,20
1328,137,20
589,278,20
589,279,20
884,666,20
392,231,20
1312,523,20
883,175,20
883,716,20
143,689,20
143,543,20
302,932,20
1115,231,20
324,1018,20
640,158,20
242,453,20
1187,154,20
784,1030,20
1185,499,20
1208,143,20
1208,1076,20
1098,354,20
784,801,20
633,44,20
417,44,20
500,1216,20
956,884,20
1315,1030,20
1317,1315,20
784,383,20
1315,1020,20
614,221,20
528,224,20
455,420,20
1221,705,20
1105,1319,20
1115,1076,20
394,417,20
884,1084,20
645,154,20
1027,684,20
640,1315,20
392,602,20
1317,1232,20
884,279,20
884,278,20
1263,684,20
383,818,20
1079,392,20
1187,499,20
1321,1311,20
1115,453,20
556,237,20
429,730,20
413,1232,20
199,231,20
1007,496,20
1322,970,20
614,705,20
784,333,20
1313,453,20
494,183,20
528,1311,20
1311,245,20
1311,244,20
1322,666,20
1088,224,20
971,500,20
1324,818,20
956,417,20
971,453,20
1315,417,20
1210,158,20
383,716,20
196,271,20
196,67,20
863,1020,20
614,1018,20
1208,1232,20
1007,689,20
931,269,20
1321,650,20
1187,568,20
1187,264,20
863,496,20
199,333,20
1322,987,20
244,1019,20
394,395,20
394,638,20
528,492,20
784,1319,20
633,801,20
370,878,20
370,1304,20
370,1320,20
633,285,20
245,1226,20
1027,638,20
1027,395,20
1312,644,20
1324,1293,20
1115,411,20
324,354,20
324,932,20
1324,1187,20
1324,224,20
1176,987,20
302,1187,20
1176,361,20
863,499,20
383,1226,20
245,1216,20
1312,610,20
883,46,20
863,543,20
1208,650,20
1208,730,20
1208,279,20
1208,278,20
296,1319,20
417,644,20
1007,271,20
1317,645,20
316,818,20
1208,1314,20
1115,618,20
614,666,20
500,730,20
500,650,20
556,1311,20
589,383,20
1317,438,20
394,472,20
1313,1319,20
1115,244,20
196,884,20
956,227,20
288,1019,20
199,1293,20
199,354,20
143,1314,20
1221,224,20
645,438,20
1221,221,20
640,280,20
1210,666,20
956,253,20
199,602,20
1318,1262,20
242,1210,20
1318,354,20
1317,231,20
1317,863,20
1315,379,20
437,253,20
383,644,20
589,1216,20
784,523,20
1313,279,20
316,801,20
500,420,20
437,227,20
784,221,20
1185,1263,20
539,1293,20
1313,1226,20
1091,227,20
539,354,20
1185,438,20
417,253,20
1311,46,20
1263,878,20
59,1187,20
1318,644,20
878,1019,20
1322,310,20
1091,1097,20
1313,411,20
1091,253,20
1208,253,20
199,801,20
296,645,20
324,568,20
1079,472,20
1105,278,20
1105,279,20
296,231,20
575,237,20
589,227,20
370,1314,20
1187,44,20
539,237,20
455,253,20
539,227,20
556,1216,20
1185,1216,20
383,46,20
681,987,20
429,224,20
1263,1020,20
653,354,20
1313,245,20
1313,244,20
417,716,20
302,1210,20
370,1323,20
1312,764,20
1312,206,20
370,340,20
588,970,20
588,158,20
1208,347,20
500,143,20
1208,296,20
316,237,20
1312,44,20
883,568,20
883,264,20
1210,392,20
884,1263,20
1176,657,20
370,987,20
883,411,20
575,610,20
1176,914,20
417,354,20
417,1293,20
884,411,20
417,932,20
1115,46,20
242,1304,20
242,878,20
1315,1263,20
242,1320,20
1263,420,20
417,310,20
653,1187,20
653,224,20
1187,183,20
429,1293,20
429,501,20
413,689,20
633,523,20
1313,1097,20
324,878,20
417,818,20
501,455,20
324,1304,20
589,1314,20
1185,644,20
1312,279,20
1312,278,20
1185,705,20
316,1018,20
884,472,20
556,1262,20
556,1313,20
1185,645,20
1007,1313,20
863,158,20
931,333,20
302,645,20
302,528,20
196,1226,20
955,878,20
417,227,20
633,288,20
1185,1018,20
884,486,20
143,46,20
1176,1030,20
143,1018,20
884,681,20
196,1216,20
392,1221,20
59,366,20
955,221,20
955,224,20
383,44,20
296,602,20
494,638,20
1318,602,20
1210,472,20
1313,1323,20
955,262,20
1115,1304,20
242,46,20
302,1232,20
1322,997,20
931,231,20
931,863,20
614,801,20
640,644,20
640,1293,20
1187,379,20
650,1019,20
640,354,20
1019,1317,20
242,970,20
1321,1030,20
1088,1019,20
971,1232,20
784,638,20
501,1316,20
501,638,20
324,1176,20
1315,644,20
955,818,20
588,681,20
681,340,20
633,317,20
1187,175,20
931,645,20
1210,237,20
971,1018,20
199,288,20
1322,67,20
429,705,20
495,650,20
588,1020,20
1321,224,20
1321,221,20
501,1020,20
242,158,20
1185,1232,20
1091,237,20
302,1076,20
883,1076,20
1321,932,20
1321,354,20
1321,1293,20
302,143,20
495,1314,20
1019,1208,20
1321,310,20
883,992,20
196,379,20
883,333,20
196,1176,20
1176,271,20
1176,67,20
955,237,20
137,492,20
784,296,20
971,914,20
392,227,20
1208,262,20
1176,317,20
784,347,20
500,245,20
653,705,20
931,684,20
1098,285,20
784,269,20
1315,183,20
1315,1319,20
653,347,20
863,1260,20
614,1176,20
383,970,20
316,294,20
59,499,20
324,206,20
589,588,20
556,602,20
394,1314,20
1115,1314,20
288,280,20
143,244,20
495,1232,20
640,716,20
417,237,20
1208,280,20
242,411,20
614,271,20
614,67,20
1316,956,20
1317,884,20
1091,279,20
1007,602,20
1311,1097,20
784,1315,20
383,1176,20
931,657,20
288,486,20
183,1019,20
494,499,20
633,46,20
1027,237,20
288,681,20
1322,1221,20
1322,1311,20
1313,1084,20
575,970,20
347,1019,20
272,285,20
1311,317,20
1221,801,20
784,224,20
884,588,20
1079,1314,20
1105,523,20
1321,705,20
245,1232,20
784,280,20
633,379,20
413,231,20
413,863,20
137,1260,20
1105,987,20
971,568,20
971,264,20
1105,602,20
1312,932,20
640,472,20
302,411,20
1312,1293,20
1312,501,20
1312,354,20
1312,411,20
640,705,20
575,987,20
59,195,20
59,492,20
681,992,20
1311,992,20
1318,992,20
589,392,20
1210,438,20
383,992,20
1210,1263,20
383,455,20
296,438,20
1311,878,20
1176,1221,20
1311,1304,20
681,575,20
296,1030,20
143,992,20
633,997,20
1312,237,20
1263,206,20
1263,764,20
681,499,20
1315,262,20
429,1088,20
589,294,20
413,285,20
196,354,20
417,294,20
500,1320,20
588,271,20
588,67,20
413,588,20
883,1030,20
1324,1076,20
199,666,20
575,340,20
370,1020,20
653,650,20
143,1232,20
1185,317,20
1312,681,20
556,863,20
1185,383,20
556,645,20
883,1312,20
143,317,20
324,317,20
242,1076,20
528,997,20
137,1304,20
137,878,20
137,1320,20
143,1076,20
997,1019,20
143,499,20
196,175,20
730,1019,20
884,1019,20
1098,1187,20
633,1311,20
955,1314,20
956,1313,20
956,269,20
1091,884,20
539,602,20
316,499,20
437,1030,20
1315,801,20
494,175,20
1317,1313,20
1317,1262,20
1210,1221,20
1318,492,20
1221,183,20
1176,575,20
971,333,20
1317,383,20
640,206,20
1187,269,20
394,340,20
455,1030,20
1321,340,20
143,1216,20
1321,1323,20
437,1262,20
437,1313,20
324,1262,20
324,1313,20
1079,296,20
614,1098,20
1079,347,20
1316,633,20
383,1019,20
614,681,20
863,1232,20
1079,46,20
1263,1319,20
588,278,20
588,279,20
955,294,20
1007,992,20
931,575,20
863,237,20
971,499,20
1210,1216,20
302,288,20
589,499,20
288,1232,20
296,1216,20
1321,1314,20
1088,914,20
1322,417,20
1313,237,20
1091,1216,20
242,1232,20
392,1226,20
1210,884,20
1027,1221,20
417,987,20
196,437,20
242,650,20
242,730,20
242,279,20
495,1216,20
242,278,20
1027,44,20
383,1263,20
863,992,20
863,455,20
645,801,20
1263,154,20
494,278,20
1315,863,20
1315,231,20
455,992,20
455,333,20
1098,689,20
59,1018,20
1318,1020,20
199,175,20
589,158,20
324,420,20
556,492,20
588,340,20
1318,1216,20
1115,221,20
1312,288,20
394,244,20
1115,224,20
59,1098,20
681,438,20
1221,657,20
242,1314,20
614,361,20
528,987,20
383,1319,20
1208,716,20
413,1019,20
1007,650,20
437,602,20
316,262,20
1221,914,20
383,1313,20
199,227,20
288,650,20
455,1319,20
288,730,20
494,1018,20
394,411,20
955,1018,20
589,987,20
1311,1018,20
1311,479,20
1221,354,20
392,666,20
199,253,20
1221,1293,20
956,602,20
1221,932,20
1312,383,20
245,347,20
1313,486,20
1322,1315,20
784,588,20
1088,997,20
1079,244,20
1079,245,20
884,1076,20
884,143,20
1027,1226,20
931,818,20
784,1311,20
455,602,20
288,278,20
288,279,20
1322,486,20
324,602,20
1221,279,20
1313,221,20
1221,278,20
971,175,20
1312,1088,20
640,1221,20
1187,1232,20
539,262,20
575,67,20
245,610,20
1105,44,20
640,317,20
1079,411,20
245,618,20
1115,1226,20
1321,383,20
245,970,20
589,1263,20
1312,455,20
589,438,20
296,588,20
1115,970,20
883,280,20
175,429,20
1176,472,20
681,705,20
1027,644,20
417,420,20
645,158,20
645,231,20
392,253,20
1007,1020,20
242,347,20
681,1018,20
931,1187,20
199,1221,20
784,1098,20
302,175,20
589,818,20
429,420,20
589,199,20
588,987,20
413,158,20
1007,1216,20
588,361,20
324,46,20
956,231,20
956,863,20
589,638,20
199,689,20
1313,1030,20
1027,183,20
883,486,20
681,645,20
196,970,20
143,705,20
1316,413,20
1317,227,20
863,438,20
614,1311,20
1176,150,20
863,1263,20
429,1226,20
417,262,20
633,310,20
1317,1263,20
575,285,20
956,645,20
539,492,20
1115,610,20
1318,1304,20
437,863,20
1318,1320,20
971,383,20
501,1232,20
1317,437,20
429,716,20
539,1232,20
1088,420,20
494,568,20
494,264,20
302,154,20
1210,602,20
1115,347,20
1317,1176,20
1318,264,20
1318,568,20
640,302,20
1318,199,20
143,1304,20
143,878,20
143,1320,20
245,801,20
324,1320,20
1079,143,20
302,997,20
528,294,20
1313,987,20
1313,361,20
1079,1076,20
392,716,20
640,420,20
614,392,20
1088,716,20
413,1315,20
1208,1260,20
383,280,20
1187,801,20
955,302,20
494,411,20
633,1226,20
1185,588,20
588,262,20
1312,602,20
955,523,20
539,1260,20
1216,1019,20
1027,1321,20
589,1018,20
500,486,20
1187,231,20
1321,245,20
501,500,20
296,1263,20
863,878,20
196,296,20
196,347,20
614,997,20
1321,420,20
1210,231,20
589,1321,20
1210,863,20
1007,1321,20
931,1018,20
931,479,20
528,1226,20
417,67,20
417,271,20
883,543,20
1027,523,20
883,689,20
956,1221,20
863,970,20
931,1324,20
1208,568,20
1208,264,20
588,1323,20
500,221,20
500,224,20
413,1020,20
1263,158,20
556,1097,20
1324,1311,20
437,1210,20
394,1311,20
556,818,20
1208,914,20
575,1020,20
863,638,20
1208,657,20
863,395,20
863,1316,20
528,245,20
633,206,20
1115,1210,20
1324,1314,20
196,610,20
242,262,20
196,618,20
1312,333,20
196,863,20
883,997,20
196,231,20
863,154,20
143,1187,20
1007,878,20
1007,1304,20
494,1319,20
1007,1320,20
884,1293,20
653,1304,20
59,523,20
653,1320,20
528,575,20
863,1304,20
863,1320,20
1221,1226,20
633,970,20
413,280,20
884,46,20
931,280,20
1007,568,20
1208,1318,20
316,279,20
316,278,20
288,411,20
59,638,20
59,395,20
25,848,21
25,461,21
25,1329,21
60,848,21
939,59,21
1283,468,21
939,1330,21
1283,950,21
1283,1329,21
73,94,21
1283,914,21
1283,848,21
25,640,21
892,1331,21
1279,755,21
25,843,21
45,905,21
25,246,21
1278,1332,21
1279,1331,21
25,482,21
45,904,21
54,831,21
60,1329,21
1278,843,21
45,484,21
1286,198,21
1277,85,21
897,1331,21
903,1331,21
1330,1333,21
1279,405,21
1286,640,21
68,59,21
54,843,21
68,1331,21
896,1331,21
68,755,21
1277,198,21
1278,1322,21
939,808,21
68,94,21
1281,831,21
1281,808,21
40,1333,21
1285,94,21
1280,1331,21
45,899,21
1280,755,21
1283,146,21
1277,997,21
939,831,21
1281,843,21
1279,1322,21
25,198,21
1280,1322,21
25,503,21
1283,405,21
1281,640,21
54,808,21
60,1331,21
45,908,21
1285,1333,21
25,674,21
54,484,21
1278,755,21
25,158,21
1286,1332,21
25,1333,21
45,1331,21
1286,843,21
60,1322,21
939,755,21
1285,198,21
207,1331,21
1278,1333,21
1285,1329,21
1279,848,21
939,848,21
1280,1329,21
45,1329,21
1283,472,21
1283,927,21
1285,405,21
1279,1329,21
939,1329,21
45,895,21
1286,1322,21
1278,94,21
68,1322,21
73,1331,21
45,892,21
25,652,21
1279,640,21
40,59,21
73,198,21
60,997,21
40,1332,21
25,190,21
54,1332,21
25,524,21
45,848,21
1281,1322,21
25,1330,21
939,843,21
25,329,21
40,843,21
1283,507,21
25,59,21
1283,997,21
1283,329,21
60,640,21
899,1331,21
45,906,21
1281,484,21
40,640,21
40,1330,21
25,472,21
1286,755,21
901,1331,21
1278,484,21
1285,1331,21
906,1331,21
1277,94,21
25,347,21
25,301,21
1286,1333,21
939,405,21
1283,674,21
1285,1322,21
1281,405,21
1279,198,21
73,85,21
68,1333,21
939,94,21
1280,848,21
73,1330,21
25,927,21
1286,94,21
1278,85,21
25,605,21
25,624,21
25,217,21
25,185,21
25,612,21
25,468,21
68,843,21
25,625,21
25,950,21
25,512,21
1280,198,21
1277,484,21
890,1331,21
1279,1333,21
939,53,21
939,1333,21
60,1333,21
54,405,21
25,831,21
907,1331,21
1285,843,21
45,890,21
73,1329,21
1277,1333,21
45,843,21
73,848,21
1283,185,21
1283,612,21
1283,605,21
1283,831,21
1283,217,21
1283,624,21
60,755,21
1283,625,21
40,831,21
1283,695,21
25,94,21
905,1331,21
60,198,21
1283,503,21
1278,1331,21
1285,640,21
1286,484,21
60,1332,21
45,831,21
73,59,21
1283,1333,21
898,1331,21
1277,405,21
25,522,21
1283,238,21
73,484,21
1283,843,21
1283,246,21
1280,405,21
1279,1330,21
1281,848,21
73,831,21
1279,59,21
45,897,21
73,808,21
40,848,21
1277,808,21
1277,831,21
1286,85,21
25,444,21
1283,461,21
68,1329,21
1277,1329,21
895,1331,21
1283,301,21
40,1329,21
73,843,21
54,1329,21
1283,1330,21
68,848,21
562,1331,21
45,907,21
73,405,21
1280,94,21
54,755,21
1277,59,21
1283,640,21
40,484,21
54,640,21
54,1331,21
1277,1331,21
25,220,21
1281,997,21
25,354,21
1286,1331,21
1278,1330,21
1280,85,21
1279,94,21
1285,755,21
1285,85,21
1283,652,21
939,85,21
1278,59,21
1283,477,21
1278,848,21
1285,997,21
73,1333,21
1283,516,21
1277,848,21
25,484,21
45,562,21
1280,59,21
1283,59,21
1283,1332,21
25,385,21
25,507,21
40,755,21
45,1333,21
1285,1332,21
1280,1332,21
1281,1329,21
1279,831,21
73,997,21
1280,831,21
1283,354,21
40,405,21
939,1331,21
40,94,21
1283,435,21
1277,1330,21
54,997,21
1283,85,21
25,403,21
1283,1004,21
68,405,21
1277,640,21
54,198,21
40,198,21
1283,522,21
1278,198,21
68,198,21
891,1331,21
54,1322,21
1283,198,21
1279,85,21
25,146,21
1283,1331,21
1280,484,21
45,891,21
1283,755,21
1278,1329,21
25,477,21
45,903,21
45,1330,21
1285,484,21
54,1333,21
1286,1330,21
1278,831,21
1278,808,21
68,484,21
1285,808,21
25,914,21
1283,421,21
25,808,21
1333,1331,21
1286,59,21
1278,405,21
1286,848,21
1283,673,21
45,900,21
939,1322,21
1280,1333,21
1280,1330,21
1283,94,21
1283,295,21
1283,662,21
68,997,21
25,435,21
179,1331,21
1283,385,21
902,1331,21
60,831,21
1283,484,21
60,1330,21
1279,484,21
40,85,21
1330,1331,21
1277,843,21
25,1332,21
1277,755,21
1285,831,21
1286,1329,21
939,997,21
939,484,21
25,997,21
900,1331,21
25,516,21
1286,831,21
45,901,21
1286,808,21
60,94,21
73,640,21
1279,843,21
1286,405,21
1283,347,21
904,1331,21
25,295,21
1280,640,21
54,94,21
25,421,21
1280,808,21
1283,220,21
908,1331,21
1283,1322,21
68,808,21
1278,997,21
1283,444,21
60,85,21
60,843,21
68,831,21
1281,85,21
25,1331,21
1281,755,21
1283,808,21
1281,1331,21
1281,198,21
73,1332,21
1279,808,21
1281,59,21
1283,190,21
40,1331,21
1283,158,21
60,808,21
40,832,21
54,59,21
25,85,21
25,1004,21
25,673,21
60,59,21
73,755,21
25,405,21
1277,1332,21
1285,1330,21
60,405,21
1280,843,21
73,1322,21
1281,1333,21
25,755,21
68,640,21
25,449,21
54,848,21
939,198,21
1277,1322,21
25,695,21
25,434,21
45,179,21
54,85,21
54,1330,21
25,662,21
45,755,21
1285,59,21
1285,848,21
45,898,21
68,1332,21
1280,997,21
1283,434,21
1278,640,21
1279,1332,21
45,902,21
1283,403,21
939,1332,21
40,808,21
40,1322,21
68,1330,21
25,238,21
1286,997,21
1281,94,21
40,273,21
1283,512,21
40,997,21
45,896,21
1281,1330,21
1279,997,21
45,207,21
68,85,21
1283,524,21
60,484,21
1283,482,21
939,640,21
25,1322,21
1281,1332,21
1283,449,21
111,25,22
126,1283,22
113,1283,22
105,25,22
110,25,22
98,1283,22
135,25,22
124,1283,22
123,25,22
80,1283,22
91,1283,22
113,25,22
99,25,22
119,1283,22
102,1283,22
82,25,22
84,25,22
93,1283,22
116,25,22
128,25,22
84,1283,22
109,25,22
107,1283,22
125,1283,22
123,1283,22
120,25,22
106,25,22
127,1283,22
82,1283,22
87,1283,22
102,25,22
117,1283,22
91,25,22
103,1283,22
95,1283,22
109,1283,22
121,25,22
128,1283,22
114,25,22
120,1283,22
79,25,22
96,1283,22
115,25,22
107,25,22
104,25,22
125,25,22
133,25,22
122,1283,22
108,25,22
129,1283,22
124,25,22
132,1283,22
130,25,22
132,25,22
96,25,22
117,25,22
114,1283,22
100,25,22
80,25,22
135,1283,22
101,25,22
127,25,22
100,1283,22
99,1283,22
116,1283,22
93,25,22
133,1283,22
79,1283,22
95,25,22
106,1283,22
134,25,22
92,1283,22
87,25,22
111,1283,22
131,25,22
121,1283,22
103,25,22
126,25,22
101,1283,22
129,25,22
131,1283,22
105,1283,22
108,1283,22
112,25,22
134,1283,22
110,1283,22
130,1283,22
92,25,22
119,25,22
122,25,22
115,1283,22
98,25,22
104,1283,22
112,1283,22
1334,221,23
1334,224,23
1335,438,23
1336,231,23
1337,195,23
1336,241,23
1334,438,23
1335,499,23
1334,499,23
1335,366,23
1336,224,23
1336,221,23
1298,224,23
1298,221,23
34,262,23
1298,310,23
1337,438,23
1337,262,23
1335,221,23
1336,262,23
1334,195,23
1335,310,23
1334,241,23
1334,310,23
1336,279,23
1336,310,23
1336,366,23
1337,279,23
1334,262,23
1298,279,23
1337,221,23
1337,224,23
34,221,23
1335,241,23
1336,195,23
1334,279,23
1335,224,23
1298,241,23
1298,262,23
1337,366,23
1336,438,23
1337,310,23
1335,262,23
1336,499,23
1298,195,23
34,224,23
1337,499,23
34,310,23
1335,231,23
1337,241,23
1335,279,23
1334,366,23
34,279,23
1334,231,23
1337,231,23
1335,195,23
1338,904,24
1338,908,24
1338,179,24
421,890,24
1320,207,24
1320,896,24
1338,903,24
1339,891,24
1339,895,24
421,892,24
1340,902,24
1341,908,24
1342,907,24
421,908,24
1320,898,24
1338,901,24
1341,179,24
1338,899,24
1338,900,24
1320,903,24
1255,562,24
1340,908,24
1341,907,24
1341,896,24
1341,207,24
1342,900,24
421,899,24
1342,891,24
1342,905,24
1320,891,24
1340,898,24
1339,897,24
1320,900,24
1339,901,24
1342,892,24
1340,906,24
1340,903,24
1340,896,24
1339,902,24
1340,207,24
1255,907,24
1342,890,24
421,179,24
1320,890,24
421,906,24
1338,891,24
1340,562,24
1341,906,24
1343,562,24
1341,892,24
1343,907,24
1343,890,24
1343,891,24
1255,902,24
1255,898,24
1320,895,24
1339,896,24
1343,904,24
421,898,24
1340,897,24
1340,892,24
1255,903,24
1338,897,24
1342,897,24
1341,898,24
1343,892,24
1343,906,24
421,562,24
421,904,24
1339,899,24
1341,903,24
421,896,24
1343,899,24
421,207,24
1339,892,24
1341,899,24
1342,901,24
1340,895,24
1320,897,24
1339,904,24
1339,906,24
1342,904,24
1343,902,24
1342,895,24
1339,905,24
1341,890,24
1338,898,24
1338,895,24
1255,207,24
1320,901,24
1255,896,24
1341,897,24
1340,904,24
1338,905,24
1341,900,24
1339,907,24
1343,179,24
421,903,24
421,902,24
1341,905,24
1339,562,24
1255,906,24
1255,899,24
1320,906,24
1341,562,24
1340,900,24
1339,908,24
1338,907,24
1255,905,24
1341,895,24
1255,900,24
1320,902,24
1255,897,24
1343,901,24
1340,905,24
421,905,24
1320,899,24
1343,896,24
1341,891,24
1255,901,24
1255,890,24
1342,562,24
1342,896,24
1342,903,24
1342,207,24
421,900,24
1320,562,24
1342,908,24
1338,207,24
1341,904,24
1338,562,24
1320,908,24
1340,891,24
1342,179,24
1343,903,24
1320,892,24
1255,895,24
1343,895,24
1338,896,24
421,897,24
1343,900,24
1343,908,24
1340,901,24
1340,890,24
1255,891,24
1339,898,24
1342,906,24
1343,207,24
1340,899,24
421,901,24
1343,905,24
1320,179,24
1339,890,24
1338,892,24
1338,906,24
1342,902,24
421,895,24
1342,898,24
1338,890,24
1320,907,24
1338,902,24
1255,908,24
1255,904,24
1340,179,24
1339,900,24
1255,892,24
1341,902,24
1339,903,24
1340,907,24
1255,179,24
1320,904,24
1320,905,24
1341,901,24
1339,179,24
421,907,24
1343,898,24
1343,897,24
421,891,24
1342,899,24
1339,207,24
1344,504,25
1304,647,25
731,1345,25
721,647,25
1304,1038,25
704,504,25
1061,248,25
149,1025,25
714,731,25
714,1035,25
1061,519,25
694,1032,25
468,911,25
343,1345,25
1029,1345,25
530,1031,25
530,1016,25
559,647,25
1304,1031,25
1304,1016,25
916,731,25
559,1037,25
563,911,25
704,1027,25
359,1031,25
359,1016,25
468,343,25
247,1026,25
704,1031,25
704,1016,25
704,1036,25
369,719,25
1344,647,25
697,248,25
1304,504,25
563,1031,25
916,504,25
734,647,25
704,1026,25
530,1022,25
724,1023,25
730,719,25
916,647,25
247,1023,25
720,139,25
559,1023,25
916,1025,25
369,1035,25
1036,1345,25
1053,504,25
1344,1037,25
724,731,25
916,1035,25
149,1035,25
530,1035,25
453,1023,25
1344,343,25
730,1034,25
247,719,25
721,1037,25
734,1034,25
359,1035,25
732,1033,25
734,504,25
359,1036,25
732,1032,25
1035,1345,25
468,1022,25
1344,731,25
714,911,25
247,576,25
1346,911,25
1091,1345,25
1007,1031,25
694,1027,25
734,719,25
1007,1033,25
721,248,25
1061,647,25
563,731,25
1061,1025,25
1346,1038,25
643,1037,25
468,519,25
563,343,25
1053,1025,25
1053,1036,25
718,731,25
734,1036,25
734,911,25
559,519,25
247,911,25
697,731,25
369,1034,25
563,1022,25
694,1037,25
730,1035,25
468,1023,25
714,1027,25
369,1025,25
247,1031,25
1007,647,25
1024,1345,25
1007,1038,25
697,1023,25
1053,248,25
697,1036,25
704,1025,25
697,1016,25
697,1031,25
1344,1032,25
1061,1026,25
563,1026,25
643,519,25
916,1038,25
1344,1036,25
468,576,25
468,1036,25
1346,248,25
359,232,25
724,343,25
468,248,25
247,731,25
530,1025,25
1344,248,25
1344,1022,25
359,1026,25
724,1026,25
643,1023,25
1346,1031,25
694,1038,25
1346,1016,25
1304,1022,25
916,139,25
720,647,25
1304,139,25
1007,719,25
1304,1025,25
694,1023,25
721,139,25
720,911,25
530,519,25
1061,1034,25
732,576,25
453,1016,25
453,1031,25
461,1345,25
359,519,25
1304,1035,25
720,1031,25
482,1347,25
718,576,25
916,1037,25
720,1016,25
149,719,25
730,1345,25
720,1034,25
647,1345,25
149,1034,25
720,504,25
724,1034,25
724,911,25
563,1016,25
643,1038,25
718,1023,25
1061,139,25
1061,1038,25
714,248,25
732,1037,25
720,719,25
563,647,25
1304,719,25
1022,1345,25
734,731,25
694,1025,25
247,1032,25
1346,731,25
720,1036,25
149,911,25
732,1027,25
1007,139,25
704,576,25
369,1033,25
369,1032,25
559,1036,25
643,139,25
468,1037,25
530,343,25
247,647,25
1318,1345,25
715,1345,25
732,1038,25
724,1027,25
718,1025,25
1053,519,25
559,719,25
720,1026,25
704,1023,25
916,1022,25
730,1025,25
730,576,25
149,1038,25
563,1034,25
694,731,25
482,1348,25
704,519,25
530,248,25
559,1034,25
1007,1022,25
643,1031,25
732,1031,25
732,1016,25
697,1035,25
1346,1035,25
369,1031,25
369,1016,25
714,1031,25
643,911,25
714,1016,25
714,1036,25
714,1026,25
721,1033,25
721,1032,25
734,576,25
1344,719,25
721,719,25
530,719,25
369,1023,25
482,1091,25
369,911,25
730,248,25
916,576,25
1049,1345,25
319,1349,25
559,1031,25
482,1350,25
734,1023,25
1344,1034,25
916,1027,25
1053,1016,25
559,1025,25
1053,1031,25
1346,1032,25
369,1038,25
563,139,25
359,1025,25
734,1037,25
1346,1033,25
732,1035,25
643,343,25
643,719,25
1344,911,25
720,731,25
730,519,25
721,1035,25
721,731,25
697,1025,25
468,1027,25
643,504,25
718,1027,25
643,1034,25
149,139,25
247,139,25
697,719,25
702,1034,25
724,1345,25
482,1345,25
697,1034,25
359,1348,25
734,1025,25
1290,1350,25
718,1037,25
694,1034,25
643,1025,25
1304,1032,25
461,1091,25
1304,1033,25
1304,248,25
563,1037,25
1346,1026,25
1290,1348,25
714,1034,25
1304,519,25
453,1033,25
1061,1022,25
453,1032,25
697,1026,25
720,1025,25
468,1035,25
559,1035,25
697,911,25
1053,1022,25
643,647,25
369,731,25
724,647,25
916,1023,25
724,1038,25
718,1016,25
576,1345,25
732,1026,25
369,1036,25
1061,731,25
730,139,25
264,1345,25
718,1026,25
1061,1037,25
359,1022,25
720,576,25
694,139,25
359,343,25
1053,1026,25
724,1031,25
1346,1036,25
724,1016,25
1344,1035,25
730,1026,25
694,248,25
530,1026,25
149,504,25
720,1033,25
247,1027,25
369,139,25
719,1345,25
721,504,25
724,504,25
149,343,25
720,1032,25
720,1023,25
359,504,25
732,519,25
1304,1036,25
730,1016,25
468,1026,25
1053,911,25
1346,1027,25
247,1022,25
720,1022,25
916,719,25
720,1037,25
563,504,25
1304,1037,25
461,1347,25
247,1033,25
149,1037,25
559,1032,25
461,1348,25
702,1025,25
1053,343,25
247,1038,25
369,343,25
563,1032,25
563,1033,25
149,647,25
694,343,25
694,719,25
734,1027,25
530,911,25
359,139,25
1284,1345,25
1079,1345,25
247,1016,25
704,1038,25
563,576,25
359,482,25
694,911,25
563,1038,25
1061,1035,25
732,1023,25
732,1022,25
1037,1345,25
530,1034,25
247,1034,25
1020,1345,25
559,1038,25
714,576,25
714,343,25
714,719,25
530,1036,25
1007,248,25
704,1034,25
1053,647,25
1290,1347,25
1028,1345,25
697,1022,25
718,1035,25
721,1036,25
359,719,25
559,1016,25
468,1025,25
697,519,25
714,1023,25
1007,1037,25
697,139,25
734,1031,25
734,1016,25
704,719,25
1007,1016,25
1324,1345,25
1007,731,25
730,647,25
694,647,25
721,519,25
734,1026,25
730,1031,25
704,911,25
721,343,25
694,504,25
721,1022,25
563,1035,25
734,1038,25
563,1027,25
1346,1022,25
453,519,25
916,1036,25
369,504,25
1053,1034,25
704,1035,25
149,1027,25
530,1023,25
1344,1038,25
724,1022,25
1007,1036,25
1038,1345,25
1304,1023,25
457,1091,25
724,139,25
369,1026,25
1344,1025,25
724,1025,25
156,1345,25
697,1038,25
643,576,25
1304,731,25
1061,1032,25
1061,1033,25
359,647,25
461,1350,25
724,1035,25
359,731,25
369,1027,25
732,1025,25
1346,1037,25
643,1016,25
720,1027,25
730,1027,25
694,576,25
702,1031,25
704,1032,25
702,1016,25
704,1033,25
1344,519,25
724,519,25
916,248,25
247,1035,25
369,647,25
718,1031,25
694,1031,25
694,1016,25
718,1022,25
149,1026,25
720,1038,25
359,1034,25
359,1037,25
1007,343,25
1061,911,25
530,1033,25
1053,139,25
916,1016,25
563,719,25
916,1031,25
468,731,25
724,719,25
718,519,25
697,1037,25
1007,911,25
734,1035,25
563,1023,25
1346,519,25
718,248,25
694,1022,25
1007,1025,25
643,1035,25
724,1032,25
1061,1016,25
1061,1027,25
1061,1031,25
1346,1023,25
1316,1345,25
1061,1036,25
359,911,25
1007,519,25
697,504,25
718,1033,25
559,139,25
643,731,25
704,1022,25
209,1345,25
718,1032,25
1061,719,25
1304,343,25
468,1016,25
714,1025,25
468,1031,25
697,1032,25
1304,1026,25
1344,1023,25
694,519,25
1304,911,25
714,519,25
643,1022,25
704,731,25
1027,1345,25
732,139,25
714,1022,25
721,1027,25
732,343,25
721,1023,25
559,343,25
643,248,25
468,1038,25
1007,1023,25
697,647,25
468,139,25
718,343,25
720,1035,25
1344,576,25
730,731,25
359,1350,25
248,1345,25
732,504,25
468,1033,25
369,248,25
916,1032,25
916,1033,25
468,1032,25
247,1025,25
1026,1345,25
702,1032,25
149,1023,25
1290,232,25
732,248,25
149,1032,25
1304,1034,25
1007,1027,25
530,731,25
247,519,25
718,1038,25
530,576,25
149,1033,25
916,519,25
1304,576,25
247,1036,25
247,343,25
369,1037,25
559,1026,25
714,1037,25
730,1023,25
149,1031,25
1346,139,25
359,1033,25
697,1027,25
730,1037,25
149,576,25
721,1034,25
732,1036,25
530,1032,25
563,1025,25
718,139,25
730,343,25
139,1345,25
734,519,25
359,1347,25
563,1036,25
359,1032,25
359,1023,25
916,1026,25
1061,343,25
530,1037,25
721,576,25
247,504,25
247,1037,25
704,343,25
1053,1032,25
1053,1033,25
714,647,25
730,1036,25
1061,576,25
643,1032,25
530,504,25
704,1037,25
697,576,25
563,248,25
643,1033,25
1053,576,25
1053,731,25
721,1031,25
1304,1027,25
721,1016,25
468,504,25
1053,1038,25
1030,1345,25
1344,1033,25
457,1345,25
734,1033,25
732,719,25
559,504,25
721,1026,25
724,1033,25
734,1032,25
694,1033,25
724,248,25
1007,1034,25
704,248,25
704,139,25
1007,576,25
149,731,25
714,504,25
1344,1016,25
1061,1023,25
1344,1031,25
149,248,25
1007,1035,25
730,1032,25
1007,1026,25
559,1027,25
149,1022,25
721,911,25
730,1033,25
468,647,25
510,1345,25
359,1345,25
734,343,25
369,519,25
530,139,25
643,1026,25
1053,1037,25
1290,457,25
694,1036,25
714,1033,25
714,1032,25
1007,504,25
1034,1345,25
730,911,25
730,1022,25
247,248,25
369,1022,25
694,1026,25
1346,343,25
1346,719,25
714,1038,25
1053,1035,25
1053,1027,25
1344,1026,25
643,1345,25
149,519,25
734,248,25
1007,1032,25
359,461,25
359,576,25
732,647,25
1346,504,25
1344,1027,25
1346,1034,25
1344,139,25
724,1036,25
730,1038,25
732,731,25
718,647,25
734,139,25
916,1034,25
697,343,25
1061,504,25
724,1037,25
643,1036,25
1346,1025,25
720,519,25
149,1016,25
340,1345,25
559,248,25
916,343,25
732,1034,25
720,343,25
734,1022,25
559,1022,25
359,248,25
718,1034,25
643,1027,25
718,504,25
697,1033,25
563,519,25
530,1027,25
149,1036,25
504,1345,25
721,1025,25
702,1027,25
1346,647,25
359,1027,25
704,647,25
718,719,25
468,1034,25
559,1033,25
468,719,25
720,248,25
1053,1023,25
530,1038,25
1053,719,25
732,911,25
694,1035,25
530,647,25
359,1038,25
359,457,25
721,1038,25
718,1036,25
916,911,25
718,911,25
714,139,25
147,634,26
451,597,26
751,597,26
571,597,26
143,597,26
540,597,26
751,634,26
838,877,27
813,776,27
349,852,27
833,852,27
584,862,27
648,181,27
805,879,27
782,818,27
529,882,27
805,877,27
364,776,27
628,882,27
388,852,27
258,877,27
529,850,27
236,852,27
826,877,27
800,863,27
796,850,27
553,850,27
460,850,27
783,850,27
743,882,27
449,850,27
286,818,27
521,852,27
753,757,27
449,852,27
520,863,27
176,830,27
236,776,27
584,776,27
192,830,27
772,862,27
1351,830,27
687,879,27
176,879,27
833,757,27
827,850,27
814,879,27
844,879,27
804,882,27
766,776,27
803,862,27
521,882,27
756,757,27
148,850,27
756,830,27
827,877,27
800,879,27
738,884,27
774,863,27
166,776,27
621,877,27
331,818,27
192,877,27
388,776,27
141,850,27
192,818,27
331,877,27
502,818,27
743,852,27
301,882,27
742,852,27
398,877,27
745,850,27
262,181,27
449,863,27
521,877,27
180,877,27
793,862,27
810,862,27
195,181,27
258,830,27
11,850,27
553,776,27
537,877,27
502,877,27
487,879,27
770,852,27
1351,863,27
279,181,27
844,818,27
745,757,27
584,884,27
334,850,27
331,862,27
825,882,27
743,877,27
4,882,27
753,863,27
793,850,27
364,882,27
628,884,27
770,850,27
756,863,27
180,850,27
668,862,27
780,757,27
766,850,27
805,818,27
779,818,27
789,850,27
810,776,27
334,852,27
628,862,27
766,863,27
668,830,27
782,852,27
789,757,27
211,863,27
375,757,27
286,850,27
738,862,27
553,884,27
238,776,27
745,882,27
826,882,27
621,882,27
364,884,27
803,850,27
11,776,27
772,818,27
181,58,27
814,830,27
166,850,27
4,776,27
756,877,27
822,850,27
783,862,27
779,862,27
258,852,27
804,852,27
181,39,27
800,818,27
746,757,27
620,818,27
742,850,27
743,850,27
810,850,27
803,830,27
793,776,27
460,863,27
258,776,27
620,863,27
398,879,27
478,882,27
803,757,27
176,863,27
460,852,27
746,879,27
487,852,27
798,862,27
331,830,27
780,863,27
743,862,27
388,818,27
814,863,27
148,863,27
4,884,27
742,818,27
742,862,27
838,884,27
11,884,27
588,862,27
520,818,27
502,863,27
838,776,27
738,863,27
258,850,27
4,862,27
745,877,27
789,852,27
520,877,27
783,830,27
388,862,27
798,863,27
334,830,27
687,818,27
753,882,27
766,757,27
825,863,27
668,879,27
349,882,27
582,757,27
192,850,27
768,776,27
1351,850,27
793,884,27
521,863,27
584,882,27
398,757,27
827,830,27
478,884,27
785,830,27
803,882,27
772,852,27
768,884,27
537,852,27
800,884,27
553,877,27
520,862,27
774,882,27
746,852,27
460,818,27
813,862,27
584,879,27
756,818,27
553,879,27
449,757,27
375,863,27
826,863,27
782,776,27
487,882,27
537,830,27
349,884,27
301,863,27
211,818,27
238,879,27
738,877,27
582,850,27
192,757,27
141,879,27
668,818,27
180,757,27
774,884,27
553,852,27
1351,757,27
394,181,27
738,830,27
838,882,27
388,757,27
166,877,27
753,852,27
785,862,27
181,71,27
796,830,27
181,52,27
800,850,27
828,181,27
553,818,27
521,776,27
668,884,27
628,879,27
770,882,27
176,850,27
782,850,27
780,862,27
398,830,27
783,879,27
375,850,27
238,862,27
545,181,27
628,852,27
331,850,27
805,850,27
770,879,27
582,776,27
166,884,27
783,776,27
236,884,27
238,850,27
827,879,27
844,877,27
804,776,27
11,818,27
148,818,27
529,884,27
814,850,27
770,884,27
796,757,27
789,862,27
822,830,27
258,863,27
628,818,27
782,863,27
286,882,27
743,884,27
745,879,27
813,884,27
331,757,27
779,852,27
742,882,27
584,852,27
180,852,27
803,776,27
772,877,27
334,818,27
11,879,27
798,882,27
537,776,27
176,757,27
11,877,27
224,181,27
211,879,27
520,852,27
785,863,27
141,852,27
804,818,27
398,852,27
779,850,27
813,852,27
687,862,27
486,181,27
789,879,27
772,884,27
742,776,27
804,877,27
814,757,27
582,884,27
334,757,27
783,884,27
4,879,27
487,862,27
742,884,27
584,877,27
398,863,27
1351,862,27
833,818,27
753,877,27
301,818,27
743,776,27
827,884,27
588,776,27
785,850,27
768,830,27
620,850,27
780,818,27
301,850,27
827,776,27
334,877,27
687,830,27
166,879,27
782,877,27
825,818,27
861,181,27
521,757,27
766,879,27
783,882,27
825,877,27
779,776,27
4,818,27
798,884,27
780,852,27
779,757,27
810,830,27
822,879,27
364,818,27
141,882,27
805,882,27
301,830,27
388,882,27
192,879,27
827,882,27
478,879,27
687,852,27
753,884,27
745,852,27
238,830,27
756,850,27
826,818,27
789,830,27
793,879,27
768,757,27
520,850,27
838,862,27
825,862,27
798,877,27
11,852,27
772,882,27
779,877,27
487,850,27
449,818,27
180,862,27
789,884,27
805,852,27
798,776,27
785,852,27
800,882,27
833,877,27
502,850,27
768,852,27
349,877,27
543,181,27
796,877,27
742,879,27
620,882,27
782,830,27
520,757,27
746,830,27
301,879,27
620,862,27
375,830,27
582,830,27
1351,818,27
772,776,27
814,862,27
800,877,27
621,863,27
502,852,27
349,757,27
301,884,27
211,850,27
236,877,27
822,884,27
844,850,27
813,879,27
746,884,27
687,863,27
331,776,27
785,757,27
521,879,27
844,757,27
796,862,27
789,882,27
822,776,27
499,181,27
166,852,27
478,818,27
193,181,27
800,852,27
11,882,27
813,882,27
833,830,27
520,776,27
236,882,27
768,850,27
460,884,27
582,879,27
687,850,27
798,879,27
529,776,27
334,862,27
770,776,27
582,877,27
487,757,27
331,879,27
785,776,27
766,862,27
793,882,27
236,757,27
825,830,27
780,877,27
746,882,27
838,879,27
774,879,27
803,818,27
782,757,27
742,830,27
793,877,27
838,863,27
236,830,27
487,818,27
756,882,27
668,852,27
364,863,27
238,818,27
780,884,27
844,863,27
668,776,27
743,757,27
743,830,27
825,852,27
11,862,27
176,818,27
826,830,27
838,852,27
766,830,27
211,882,27
1351,852,27
449,877,27
521,850,27
620,776,27
11,757,27
211,862,27
375,879,27
810,757,27
621,852,27
738,757,27
768,863,27
180,830,27
753,776,27
844,852,27
753,879,27
192,862,27
814,818,27
588,830,27
375,776,27
141,877,27
768,862,27
833,884,27
756,852,27
388,884,27
745,818,27
181,66,27
826,852,27
521,830,27
628,850,27
180,884,27
796,863,27
211,884,27
588,852,27
779,830,27
796,818,27
810,818,27
181,31,27
810,877,27
334,863,27
804,862,27
804,830,27
768,877,27
582,852,27
789,776,27
628,776,27
768,879,27
349,850,27
364,757,27
813,863,27
833,850,27
166,862,27
588,850,27
628,757,27
800,862,27
804,884,27
286,776,27
141,830,27
388,863,27
537,818,27
166,757,27
148,882,27
796,852,27
833,882,27
783,852,27
286,884,27
668,877,27
211,757,27
148,862,27
301,757,27
805,776,27
770,877,27
334,882,27
779,879,27
375,884,27
785,884,27
825,850,27
746,776,27
805,862,27
826,862,27
324,181,27
487,776,27
827,852,27
553,862,27
783,877,27
221,181,27
813,877,27
241,181,27
166,818,27
772,863,27
738,879,27
774,877,27
181,42,27
537,757,27
388,877,27
838,830,27
141,884,27
814,852,27
176,877,27
520,879,27
502,862,27
584,757,27
804,757,27
582,882,27
192,884,27
825,757,27
449,830,27
4,850,27
743,863,27
238,757,27
826,850,27
800,776,27
487,863,27
668,882,27
388,879,27
738,852,27
588,877,27
529,830,27
141,757,27
449,884,27
772,879,27
478,877,27
620,879,27
687,757,27
487,830,27
349,862,27
844,862,27
582,863,27
192,852,27
236,879,27
478,830,27
774,862,27
774,852,27
529,877,27
827,818,27
1351,884,27
181,63,27
236,863,27
780,882,27
687,776,27
804,863,27
826,757,27
783,818,27
743,879,27
628,830,27
768,818,27
449,776,27
258,882,27
621,850,27
502,830,27
148,884,27
805,884,27
478,850,27
745,863,27
766,884,27
310,181,27
301,776,27
582,862,27
785,877,27
803,863,27
779,884,27
181,55,27
810,863,27
460,757,27
211,776,27
231,181,27
780,776,27
770,757,27
236,862,27
774,776,27
529,757,27
620,757,27
553,863,27
753,862,27
375,818,27
529,862,27
180,776,27
238,863,27
478,862,27
822,852,27
537,850,27
753,850,27
803,877,27
738,818,27
798,830,27
449,882,27
785,882,27
529,852,27
803,884,27
766,882,27
668,863,27
148,852,27
621,757,27
810,852,27
11,830,27
1021,181,27
796,882,27
588,818,27
181,53,27
756,862,27
537,863,27
770,862,27
621,776,27
774,850,27
502,757,27
814,877,27
838,850,27
4,877,27
798,850,27
813,830,27
800,830,27
780,850,27
772,830,27
553,757,27
181,34,27
878,181,27
1351,882,27
176,884,27
166,863,27
180,879,27
588,882,27
236,818,27
286,830,27
331,884,27
4,863,27
148,776,27
375,882,27
782,882,27
258,884,27
825,879,27
529,818,27
176,852,27
502,884,27
789,818,27
1351,877,27
743,818,27
833,863,27
334,884,27
805,830,27
844,830,27
833,776,27
211,877,27
620,830,27
258,862,27
520,884,27
176,776,27
628,877,27
1351,776,27
460,879,27
833,879,27
687,884,27
460,877,27
687,877,27
460,882,27
521,818,27
301,877,27
822,818,27
478,863,27
4,852,27
621,884,27
793,818,27
844,884,27
825,776,27
813,818,27
584,863,27
827,862,27
756,879,27
838,757,27
620,884,27
827,863,27
746,818,27
192,882,27
502,882,27
753,818,27
286,757,27
331,882,27
181,56,27
783,863,27
388,830,27
141,863,27
148,879,27
620,877,27
238,882,27
668,757,27
804,879,27
804,850,27
349,776,27
176,882,27
349,863,27
621,862,27
796,879,27
826,884,27
826,776,27
770,830,27
844,882,27
286,852,27
553,830,27
798,852,27
620,852,27
822,877,27
301,852,27
803,879,27
537,879,27
438,181,27
364,850,27
148,877,27
753,830,27
746,850,27
529,863,27
814,882,27
301,862,27
826,879,27
236,850,27
742,757,27
364,852,27
148,757,27
502,776,27
375,852,27
810,882,27
745,830,27
537,862,27
334,879,27
4,757,27
756,884,27
238,852,27
814,776,27
375,877,27
584,818,27
621,818,27
588,879,27
258,757,27
521,862,27
364,830,27
537,882,27
4,830,27
588,757,27
449,862,27
770,863,27
11,863,27
478,852,27
487,884,27
822,862,27
789,863,27
782,862,27
783,757,27
796,884,27
180,818,27
780,879,27
388,850,27
487,877,27
192,863,27
793,863,27
827,757,27
331,863,27
398,850,27
813,850,27
529,879,27
772,850,27
584,850,27
537,884,27
211,852,27
822,863,27
756,776,27
478,757,27
582,818,27
822,882,27
746,863,27
192,776,27
621,830,27
148,830,27
166,830,27
833,862,27
364,877,27
286,863,27
349,879,27
502,879,27
258,879,27
520,882,27
844,776,27
742,863,27
800,757,27
520,830,27
766,852,27
349,818,27
286,862,27
687,882,27
556,181,27
334,776,27
478,776,27
738,776,27
813,757,27
810,879,27
141,776,27
798,818,27
768,882,27
211,830,27
772,757,27
805,757,27
286,877,27
366,181,27
774,818,27
628,863,27
745,862,27
584,830,27
825,884,27
803,852,27
779,863,27
286,879,27
258,818,27
375,862,27
180,882,27
141,818,27
449,879,27
238,877,27
238,884,27
668,850,27
789,877,27
742,877,27
1351,879,27
181,23,27
779,882,27
349,830,27
774,830,27
176,862,27
785,879,27
398,882,27
746,862,27
780,830,27
398,862,27
398,776,27
521,884,27
793,852,27
621,879,27
838,818,27
166,882,27
411,181,27
618,181,27
798,757,27
364,879,27
738,850,27
785,818,27
331,852,27
822,757,27
793,757,27
141,862,27
460,776,27
553,882,27
746,877,27
738,882,27
766,818,27
796,776,27
805,863,27
770,818,27
745,884,27
398,884,27
180,863,27
766,877,27
460,830,27
774,757,27
810,884,27
782,879,27
782,884,27
745,776,27
793,830,27
181,75,27
398,818,27
364,862,27
460,862,27
654,622,28
654,352,28
654,124,28
654,291,28
654,1127,28
637,186,28
654,1129,28
654,299,28
679,119,28
654,574,28
654,835,28
740,894,29
349,1282,29
743,893,29
766,557,29
236,1282,29
756,893,29
804,894,29
808,557,29
742,1282,29
334,894,29
745,893,29
803,557,29
301,893,29
142,893,29
478,893,29
778,893,29
687,1282,29
810,557,29
398,893,29
789,894,29
176,557,29
793,893,29
588,894,29
238,893,29
334,557,29
785,557,29
785,1282,29
141,893,29
768,893,29
628,893,29
11,557,29
800,893,29
803,893,29
790,894,29
814,894,29
822,893,29
375,893,29
529,894,29
838,1282,29
770,893,29
628,557,29
793,894,29
822,557,29
553,894,29
166,1282,29
142,557,29
301,894,29
753,893,29
258,893,29
813,1282,29
805,1282,29
487,557,29
789,1282,29
780,894,29
331,893,29
793,557,29
584,894,29
141,1282,29
746,894,29
833,894,29
620,1282,29
4,557,29
782,893,29
808,893,29
286,1282,29
192,1282,29
766,894,29
740,1282,29
537,1282,29
738,894,29
487,894,29
790,893,29
449,893,29
687,894,29
553,557,29
739,1282,29
211,557,29
331,557,29
814,893,29
740,557,29
334,893,29
803,1282,29
768,894,29
833,1282,29
768,557,29
238,557,29
798,893,29
822,894,29
148,557,29
398,1282,29
746,1282,29
814,1282,29
774,893,29
628,894,29
582,1282,29
238,1282,29
780,893,29
621,1282,29
142,1282,29
502,557,29
800,1282,29
211,893,29
789,557,29
745,557,29
621,893,29
388,893,29
537,557,29
537,894,29
150,1282,29
502,894,29
814,557,29
808,894,29
142,894,29
825,1282,29
780,557,29
584,557,29
460,557,29
756,1282,29
833,557,29
813,893,29
553,1282,29
621,894,29
668,557,29
238,894,29
800,894,29
805,557,29
844,557,29
584,893,29
301,557,29
779,894,29
810,894,29
740,893,29
334,1282,29
779,557,29
825,893,29
804,557,29
772,557,29
529,893,29
449,1282,29
4,893,29
364,893,29
487,1282,29
620,557,29
790,1282,29
258,557,29
148,894,29
668,893,29
805,894,29
460,894,29
487,893,29
783,1282,29
743,1282,29
176,894,29
810,893,29
825,894,29
826,1282,29
11,1282,29
772,894,29
810,1282,29
766,893,29
827,1282,29
753,557,29
349,557,29
796,893,29
783,893,29
521,894,29
774,1282,29
770,557,29
582,893,29
804,893,29
582,894,29
180,557,29
738,1282,29
449,894,29
745,894,29
211,1282,29
844,1282,29
588,893,29
779,1282,29
286,893,29
826,893,29
331,894,29
796,557,29
148,893,29
180,894,29
166,557,29
478,1282,29
808,1282,29
388,1282,29
668,894,29
621,557,29
774,557,29
798,1282,29
176,893,29
826,894,29
780,1282,29
520,1282,29
4,894,29
826,557,29
772,893,29
166,893,29
258,1282,29
785,894,29
833,893,29
478,894,29
687,557,29
364,894,29
150,894,29
449,557,29
375,1282,29
150,557,29
778,1282,29
746,893,29
783,894,29
521,893,29
236,893,29
502,893,29
813,557,29
844,894,29
180,1282,29
772,1282,29
349,894,29
782,557,29
520,893,29
553,893,29
738,557,29
793,1282,29
790,557,29
789,893,29
774,894,29
375,557,29
768,1282,29
502,1282,29
258,894,29
738,893,29
588,1282,29
804,1282,29
460,893,29
838,894,29
582,557,29
520,894,29
520,557,29
739,894,29
813,894,29
628,1282,29
166,894,29
844,893,29
286,894,29
778,894,29
211,894,29
286,557,29
827,557,29
778,557,29
827,894,29
745,1282,29
766,1282,29
388,557,29
785,893,29
782,894,29
349,893,29
398,557,29
141,557,29
148,1282,29
331,1282,29
192,893,29
529,1282,29
150,893,29
743,894,29
798,894,29
800,557,29
301,1282,29
584,1282,29
236,894,29
746,557,29
236,557,29
827,893,29
588,557,29
460,1282,29
770,1282,29
803,894,29
141,894,29
364,557,29
4,1282,29
753,894,29
529,557,29
620,894,29
798,557,29
364,1282,29
779,893,29
388,894,29
478,557,29
756,557,29
176,1282,29
180,893,29
375,894,29
537,893,29
742,557,29
11,893,29
822,1282,29
11,894,29
742,894,29
192,557,29
838,893,29
796,894,29
668,1282,29
753,1282,29
739,893,29
825,557,29
838,557,29
805,893,29
521,1282,29
398,894,29
742,893,29
687,893,29
756,894,29
521,557,29
783,557,29
743,557,29
770,894,29
620,893,29
739,557,29
796,1282,29
782,1282,29
192,894,29
1022,703,30
1016,703,30
197,1069,30
145,1049,30
504,719,30
137,828,30
1035,828,30
504,678,30
1027,635,30
194,1325,30
647,703,30
1352,828,30
1034,698,30
934,828,30
194,183,30
1032,703,30
1195,55,30
678,828,30
509,968,30
1304,828,30
1034,678,30
1071,968,30
1353,968,30
1034,719,30
550,968,30
56,828,30
197,1041,30
1037,248,30
304,968,30
1037,678,30
139,248,30
1033,635,30
1036,828,30
1034,828,30
1037,719,30
911,635,30
320,1326,30
392,968,30
1025,719,30
63,828,30
1025,678,30
1044,828,30
1028,828,30
490,968,30
164,1059,30
587,183,30
719,698,30
975,968,30
1031,278,30
594,968,30
1354,828,30
145,1041,30
934,968,30
734,828,30
347,828,30
1054,828,30
534,828,30
1050,968,30
647,509,30
205,183,30
1041,828,30
306,968,30
550,828,30
240,1045,30
647,248,30
820,968,30
171,1325,30
171,1066,30
145,1066,30
1049,968,30
145,1325,30
1355,968,30
1356,968,30
679,828,30
717,828,30
587,1059,30
171,1069,30
172,968,30
518,968,30
320,1048,30
1326,828,30
676,828,30
45,968,30
343,698,30
1037,828,30
1026,968,30
343,509,30
1172,828,30
214,968,30
461,828,30
662,828,30
519,509,30
1027,968,30
1025,635,30
503,828,30
676,968,30
205,1049,30
516,828,30
504,828,30
298,1325,30
298,1066,30
576,968,30
1022,968,30
164,1326,30
1304,968,30
183,828,30
161,1041,30
540,828,30
1033,698,30
522,968,30
719,509,30
1065,968,30
719,635,30
240,1041,30
1357,828,30
315,828,30
1055,828,30
145,1045,30
510,828,30
1358,968,30
968,828,30
516,968,30
185,968,30
472,968,30
1038,703,30
197,183,30
292,828,30
512,968,30
1038,678,30
1359,828,30
1195,39,30
733,828,30
719,678,30
1069,968,30
1195,279,30
736,968,30
1195,58,30
576,698,30
1035,678,30
719,248,30
1195,75,30
617,828,30
911,828,30
1035,719,30
320,1325,30
240,1048,30
1038,719,30
522,828,30
1360,968,30
534,968,30
1195,310,30
1195,486,30
587,1326,30
1065,828,30
730,968,30
519,635,30
194,1059,30
320,1069,30
894,968,30
1035,248,30
647,698,30
605,828,30
1016,248,30
354,828,30
1025,698,30
158,968,30
671,828,30
1195,221,30
239,968,30
1195,56,30
1029,968,30
355,828,30
518,828,30
461,968,30
731,635,30
1037,703,30
1195,52,30
1025,278,30
1195,66,30
320,1066,30
1060,968,30
1037,968,30
681,968,30
343,635,30
145,1059,30
164,1325,30
540,968,30
1029,828,30
1041,968,30
647,678,30
643,968,30
587,1048,30
519,698,30
385,968,30
719,828,30
1025,828,30
161,1325,30
161,1066,30
1034,968,30
1151,968,30
139,678,30
139,719,30
1035,968,30
698,968,30
161,1049,30
1034,509,30
1361,968,30
1038,635,30
435,828,30
343,828,30
1022,698,30
1208,968,30
164,1045,30
1031,703,30
1022,509,30
1362,828,30
137,968,30
1038,509,30
1026,703,30
541,968,30
1026,719,30
1069,828,30
733,968,30
1026,678,30
524,828,30
214,828,30
462,828,30
643,828,30
171,1059,30
1025,968,30
248,828,30
1195,224,30
1032,698,30
1036,968,30
1035,509,30
164,1066,30
531,828,30
1032,509,30
576,248,30
1195,53,30
240,1059,30
227,828,30
205,1048,30
531,968,30
190,968,30
911,248,30
205,1326,30
731,678,30
1038,698,30
894,828,30
1208,828,30
377,828,30
731,719,30
247,968,30
1353,828,30
893,968,30
190,828,30
1044,968,30
240,183,30
392,828,30
471,828,30
171,1326,30
438,968,30
1363,968,30
240,1066,30
240,1325,30
444,828,30
171,1045,30
653,968,30
975,828,30
734,968,30
715,828,30
164,1049,30
1033,248,30
587,1045,30
557,828,30
1282,828,30
587,1069,30
1363,828,30
1037,698,30
320,1049,30
617,968,30
1364,968,30
576,703,30
1058,968,30
647,828,30
343,248,30
1195,42,30
1195,499,30
139,698,30
669,968,30
1326,968,30
724,828,30
519,248,30
656,828,30
820,828,30
1031,509,30
650,828,30
435,968,30
197,1326,30
587,1066,30
587,1325,30
359,828,30
1356,828,30
503,968,30
1070,968,30
161,1326,30
524,968,30
197,1325,30
197,1066,30
320,1041,30
298,1059,30
717,968,30
1195,543,30
1072,828,30
955,968,30
695,968,30
1031,248,30
298,1041,30
1026,509,30
1059,968,30
197,1059,30
1016,719,30
320,1045,30
145,1048,30
1016,678,30
194,1045,30
1022,635,30
445,968,30
535,828,30
347,968,30
1365,828,30
1195,63,30
329,968,30
1172,968,30
1058,828,30
315,968,30
292,968,30
1052,828,30
1053,828,30
194,1049,30
343,678,30
161,1045,30
343,719,30
145,1072,30
1358,828,30
1053,968,30
1032,635,30
953,828,30
911,678,30
1026,698,30
1038,248,30
298,1045,30
911,719,30
161,1069,30
1027,703,30
139,703,30
298,1072,30
1022,678,30
1022,828,30
922,968,30
240,1069,30
1035,703,30
164,1069,30
306,828,30
354,968,30
205,1045,30
731,248,30
194,1048,30
557,968,30
280,968,30
535,968,30
567,968,30
499,968,30
164,1041,30
724,968,30
329,828,30
1034,635,30
1036,703,30
1025,703,30
205,1069,30
1036,719,30
576,509,30
298,1069,30
1036,678,30
1023,719,30
161,1059,30
1023,678,30
1027,248,30
158,828,30
194,1041,30
426,828,30
1195,71,30
205,1066,30
205,1325,30
504,703,30
587,1049,30
510,968,30
731,703,30
482,828,30
1037,509,30
1027,509,30
1038,828,30
205,1059,30
1034,703,30
1195,231,30
171,1048,30
197,1048,30
1016,698,30
1355,828,30
691,968,30
385,828,30
1049,828,30
240,1049,30
320,1072,30
695,828,30
194,1066,30
1362,968,30
1031,698,30
145,1069,30
248,698,30
1022,248,30
1023,509,30
1059,828,30
1023,635,30
1035,698,30
504,698,30
185,828,30
587,1041,30
194,1069,30
509,828,30
1151,828,30
576,678,30
444,968,30
647,968,30
197,1072,30
1033,703,30
1033,719,30
53,828,30
911,509,30
1033,678,30
139,968,30
914,968,30
1026,248,30
736,828,30
1195,241,30
1195,366,30
239,828,30
1028,968,30
248,968,30
1027,698,30
1052,968,30
647,719,30
1031,635,30
730,828,30
691,828,30
612,828,30
1025,509,30
1366,968,30
1354,968,30
594,828,30
541,828,30
304,828,30
1054,968,30
1016,278,30
1036,635,30
298,1048,30
247,828,30
1367,828,30
145,183,30
1195,34,30
698,828,30
1195,23,30
925,828,30
39,828,30
1027,678,30
164,1072,30
893,828,30
472,828,30
679,968,30
1022,719,30
1036,509,30
145,1326,30
662,968,30
1033,509,30
955,828,30
1357,968,30
653,828,30
1072,968,30
172,828,30
343,703,30
607,968,30
504,248,30
1032,278,30
426,968,30
1027,719,30
703,968,30
911,703,30
1032,678,30
240,1072,30
642,828,30
671,968,30
1032,719,30
650,968,30
205,1072,30
642,968,30
1026,828,30
1035,635,30
922,828,30
1195,31,30
1036,698,30
197,1045,30
171,1072,30
194,1326,30
1023,698,30
656,968,30
692,828,30
669,828,30
1055,968,30
359,968,30
197,1049,30
1034,248,30
559,828,30
1366,828,30
146,968,30
731,968,30
205,1041,30
567,828,30
1364,828,30
702,968,30
248,509,30
1359,968,30
607,828,30
1016,509,30
703,828,30
914,828,30
587,1072,30
1023,703,30
139,828,30
1070,828,30
355,968,30
1023,248,30
1265,828,30
953,968,30
715,968,30
504,509,30
1037,635,30
1025,248,30
719,703,30
1368,828,30
512,828,30
1050,828,30
612,968,30
911,968,30
1031,719,30
320,183,30
1367,968,30
1031,678,30
504,968,30
719,968,30
1360,828,30
227,968,30
678,968,30
1352,968,30
146,828,30
298,1049,30
605,968,30
490,828,30
139,509,30
702,828,30
1016,635,30
377,968,30
647,635,30
1034,278,30
183,968,30
161,1048,30
320,1059,30
1048,968,30
1195,195,30
171,1049,30
240,1326,30
462,968,30
45,828,30
1071,828,30
161,1072,30
298,1326,30
1060,828,30
280,828,30
1036,248,30
1195,262,30
194,1072,30
171,1041,30
925,968,30
731,509,30
692,968,30
1026,635,30
1038,968,30
343,968,30
1282,968,30
1032,248,30
42,828,30
1195,438,30
482,968,30
445,828,30
164,1048,30
731,698,30
298,183,30
1048,828,30
519,703,30
248,678,30
1361,828,30
519,719,30
1027,828,30
248,703,30
911,698,30
519,678,30
715,66,31
715,71,31
715,52,31
715,63,31
715,39,31
715,75,31
715,58,31
715,55,31
715,53,31
715,56,31
715,34,31
715,23,31
715,31,31
715,42,31
639,559,32
991,1046,32
979,559,32
1108,1046,32
941,1046,32
910,471,32
184,1365,32
397,559,32
975,1365,32
914,559,32
937,559,32
1083,1365,32
1006,471,32
145,559,32
955,1046,32
1270,471,32
979,1365,32
262,1046,32
175,1046,32
585,471,32
911,1365,32
522,1046,32
316,1046,32
910,1046,32
572,1046,32
984,559,32
653,1046,32
911,1046,32
565,559,32
434,471,32
298,471,32
595,1046,32
438,1046,32
643,471,32
910,559,32
681,559,32
358,471,32
922,559,32
240,559,32
466,1365,32
199,1046,32
997,471,32
536,1365,32
156,471,32
999,471,32
231,1365,32
1014,559,32
159,1046,32
917,471,32
499,559,32
214,1365,32
541,559,32
946,1046,32
416,559,32
993,1365,32
1258,559,32
943,471,32
960,1046,32
930,559,32
995,471,32
955,559,32
971,559,32
1269,587,32
289,1046,32
949,1365,32
72,559,32
327,1365,32
18,1046,32
922,1365,32
282,1365,32
941,559,32
542,1365,32
515,559,32
540,471,32
442,559,32
1014,1365,32
921,559,32
377,471,32
1271,1046,32
986,471,32
961,471,32
1001,1365,32
587,1365,32
197,559,32
486,1046,32
1006,559,32
1268,471,32
923,559,32
499,1365,32
200,1046,32
980,559,32
273,471,32
317,1365,32
288,1365,32
221,471,32
971,1365,32
1258,1046,32
955,1365,32
171,1046,32
377,1046,32
260,559,32
941,1365,32
924,471,32
915,1365,32
156,1046,32
602,559,32
397,1046,32
194,1365,32
478,1046,32
1264,1365,32
681,1046,32
477,1365,32
208,1046,32
438,559,32
730,471,32
967,1046,32
1002,471,32
681,471,32
937,1046,32
1272,1365,32
465,1046,32
946,471,32
393,471,32
730,1046,32
204,1046,32
151,471,32
992,1365,32
196,1046,32
995,1365,32
229,471,32
30,471,32
280,1046,32
1097,471,32
1270,559,32
920,471,32
159,471,32
653,471,32
955,471,32
434,559,32
413,471,32
1006,1046,32
579,471,32
347,1046,32
281,471,32
1010,471,32
316,1365,32
978,1365,32
288,471,32
442,1046,32
1008,471,32
974,1365,32
923,1046,32
702,559,32
543,471,32
1010,1365,32
274,1046,32
1271,1365,32
171,471,32
477,471,32
464,471,32
730,1365,32
926,1365,32
984,1365,32
973,471,32
966,1046,32
1097,1365,32
970,1046,32
1266,1365,32
1269,1365,32
529,559,32
294,1046,32
933,559,32
275,1046,32
583,1365,32
957,559,32
992,1046,32
981,559,32
464,1046,32
1257,1046,32
347,471,32
257,471,32
1015,1365,32
493,471,32
257,1046,32
674,1046,32
963,559,32
464,559,32
270,471,32
957,1365,32
240,471,32
1267,559,32
165,1365,32
336,559,32
997,559,32
1271,471,32
196,559,32
991,1365,32
477,559,32
702,471,32
163,1365,32
510,471,32
359,1046,32
1003,1365,32
494,471,32
990,1365,32
392,1046,32
972,1046,32
643,1046,32
653,1365,32
963,1046,32
981,471,32
724,559,32
1266,471,32
224,1365,32
1000,559,32
347,559,32
1013,559,32
983,1046,32
914,1046,32
310,471,32
150,559,32
942,471,32
413,559,32
950,1365,32
941,471,32
595,471,32
928,559,32
1108,471,32
985,559,32
963,1365,32
986,1365,32
724,1046,32
942,1365,32
455,1046,32
257,559,32
161,1046,32
1268,1365,32
240,1365,32
1009,471,32
1267,1365,32
673,471,32
572,559,32
952,471,32
959,471,32
1270,1046,32
960,1365,32
724,471,32
993,1046,32
821,559,32
294,559,32
959,1365,32
925,471,32
999,1365,32
1257,559,32
260,1046,32
930,471,32
931,559,32
401,1365,32
358,1365,32
958,1365,32
187,471,32
335,559,32
974,559,32
1263,1365,32
956,559,32
310,559,32
393,559,32
156,559,32
1003,471,32
552,471,32
972,471,32
181,1046,32
275,1365,32
145,1046,32
652,1365,32
254,1046,32
966,559,32
224,471,32
996,1365,32
280,559,32
945,1046,32
586,1365,32
1257,1365,32
1083,471,32
911,471,32
1008,1365,32
931,471,32
914,471,32
1265,471,32
585,1365,32
1004,559,32
975,1046,32
485,1046,32
543,1365,32
442,1365,32
1008,1046,32
407,1365,32
442,471,32
861,1046,32
294,471,32
229,559,32
84,559,32
909,1046,32
310,1365,32
419,1365,32
380,1046,32
51,1365,32
982,1365,32
979,1046,32
565,471,32
335,471,32
453,1365,32
1007,1365,32
930,1365,32
499,471,32
466,471,32
1267,1046,32
1265,1365,32
30,1046,32
63,1046,32
270,1365,32
923,1365,32
639,1365,32
1015,1046,32
371,471,32
543,1046,32
310,1046,32
933,1365,32
18,471,32
593,559,32
151,559,32
536,471,32
510,559,32
466,1046,32
416,471,32
289,471,32
944,559,32
208,1365,32
989,1046,32
931,1046,32
1013,1046,32
287,471,32
1003,559,32
405,471,32
478,471,32
434,1365,32
161,559,32
963,471,32
910,1365,32
978,1046,32
419,471,32
522,471,32
961,1365,32
63,559,32
652,1046,32
916,559,32
1262,1365,32
1012,1365,32
438,1365,32
1015,559,32
480,1365,32
485,559,32
673,559,32
861,471,32
1000,1365,32
987,1365,32
175,471,32
948,1046,32
469,559,32
453,471,32
1002,1046,32
992,471,32
380,559,32
195,1046,32
229,1046,32
927,559,32
974,1046,32
981,1046,32
397,471,32
962,1365,32
30,559,32
72,1365,32
208,471,32
486,559,32
923,471,32
259,471,32
163,471,32
1264,1046,32
413,1046,32
36,559,32
197,471,32
245,1365,32
932,1046,32
485,1365,32
952,1365,32
1009,1365,32
197,1365,32
957,1046,32
940,1046,32
38,1046,32
928,1365,32
966,471,32
655,1365,32
273,559,32
1003,1046,32
989,559,32
1083,1046,32
320,1046,32
275,471,32
84,1046,32
525,471,32
997,1365,32
964,1046,32
288,559,32
195,471,32
1013,1365,32
1257,471,32
976,559,32
72,471,32
944,1046,32
1014,471,32
611,1365,32
655,1046,32
250,559,32
985,1046,32
943,1046,32
312,471,32
964,1365,32
937,1365,32
936,471,32
913,559,32
948,559,32
486,471,32
946,559,32
1002,559,32
231,1046,32
453,559,32
480,471,32
861,1365,32
187,1046,32
934,471,32
927,1046,32
565,1365,32
359,471,32
195,559,32
320,471,32
259,1365,32
948,471,32
196,1365,32
202,471,32
976,471,32
1005,559,32
316,559,32
924,1046,32
275,559,32
927,471,32
1001,559,32
287,559,32
276,559,32
984,1046,32
948,1365,32
1097,1046,32
38,559,32
1013,471,32
1262,1046,32
1005,1365,32
821,1365,32
416,1365,32
536,559,32
583,1046,32
917,1365,32
925,1365,32
288,1046,32
151,1046,32
320,559,32
51,471,32
165,1046,32
968,1046,32
1004,1046,32
280,471,32
968,559,32
949,471,32
950,559,32
298,1365,32
515,471,32
1267,471,32
602,1046,32
200,471,32
971,471,32
956,471,32
274,559,32
38,1365,32
983,471,32
934,1365,32
493,1046,32
586,1046,32
164,1046,32
1001,471,32
976,1046,32
200,1365,32
932,1365,32
973,1046,32
940,559,32
1266,559,32
950,1046,32
171,1365,32
187,559,32
954,471,32
916,471,32
281,559,32
540,1365,32
572,471,32
522,559,32
156,1365,32
397,1365,32
579,1365,32
681,1365,32
924,559,32
636,559,32
204,559,32
1271,559,32
991,471,32
985,471,32
994,1365,32
245,1046,32
240,1046,32
975,559,32
952,559,32
583,471,32
175,1365,32
542,471,32
913,1046,32
1015,471,32
280,1365,32
975,471,32
909,1365,32
224,559,32
929,1365,32
979,471,32
988,1046,32
1266,1046,32
653,559,32
924,1365,32
942,559,32
1001,1046,32
276,1046,32
990,471,32
965,1365,32
914,1365,32
991,559,32
493,559,32
354,1046,32
937,471,32
679,1365,32
63,1365,32
988,559,32
964,471,32
287,1046,32
316,471,32
1108,1365,32
205,559,32
150,1365,32
214,1046,32
973,559,32
655,471,32
254,471,32
164,559,32
335,1365,32
936,1046,32
401,559,32
221,559,32
1270,1365,32
510,1046,32
163,559,32
202,1046,32
279,471,32
250,471,32
199,559,32
493,1365,32
593,471,32
145,1365,32
491,471,32
72,1046,32
201,471,32
221,1365,32
980,1365,32
587,1046,32
469,1365,32
150,1046,32
257,1365,32
949,1046,32
465,471,32
224,1046,32
184,559,32
996,471,32
925,1046,32
205,1365,32
515,1046,32
933,1046,32
921,1046,32
994,1046,32
1260,559,32
282,559,32
987,1046,32
201,1046,32
959,1046,32
184,1046,32
611,1046,32
254,559,32
38,471,32
245,471,32
250,1365,32
679,471,32
525,1046,32
202,559,32
1004,471,32
920,1365,32
595,559,32
377,559,32
434,1046,32
1012,471,32
419,559,32
184,471,32
988,1365,32
270,559,32
317,471,32
587,471,32
380,471,32
1265,559,32
401,1046,32
145,471,32
371,559,32
922,471,32
276,1365,32
142,559,32
915,559,32
944,471,32
967,559,32
643,559,32
281,1365,32
674,1365,32
993,471,32
1264,471,32
327,471,32
273,1365,32
929,559,32
254,1365,32
940,471,32
1272,1046,32
983,559,32
347,1365,32
354,559,32
943,559,32
674,559,32
214,559,32
199,471,32
208,559,32
572,1365,32
371,1046,32
260,1365,32
949,559,32
525,559,32
587,559,32
419,1046,32
393,1365,32
992,559,32
542,1046,32
970,559,32
960,471,32
542,559,32
925,559,32
480,559,32
585,1046,32
274,1365,32
977,559,32
51,559,32
371,1365,32
636,471,32
916,1046,32
205,1046,32
282,1046,32
934,559,32
946,1365,32
950,471,32
494,559,32
935,1365,32
41,471,32
294,1365,32
279,1046,32
958,559,32
279,559,32
679,559,32
354,1365,32
943,1365,32
270,1046,32
997,1046,32
36,1365,32
465,559,32
932,471,32
478,559,32
1083,559,32
1010,559,32
909,559,32
525,1365,32
41,1046,32
194,1046,32
960,559,32
194,559,32
1010,1046,32
552,1046,32
150,471,32
1262,471,32
259,559,32
1269,1046,32
491,1365,32
639,471,32
494,1365,32
961,559,32
915,1046,32
84,1365,32
407,471,32
636,1365,32
486,1365,32
971,1046,32
161,471,32
298,559,32
1272,559,32
392,471,32
931,1365,32
926,471,32
593,1365,32
279,1365,32
1260,471,32
954,1365,32
935,471,32
231,559,32
142,1046,32
465,1365,32
966,1365,32
480,1046,32
980,1046,32
909,471,32
995,559,32
982,559,32
957,471,32
165,471,32
469,1046,32
259,1046,32
968,471,32
1258,1365,32
972,559,32
602,1365,32
962,471,32
679,1046,32
1005,1046,32
529,1365,32
987,471,32
952,1046,32
455,471,32
312,1365,32
201,559,32
988,471,32
515,1365,32
262,471,32
958,1046,32
595,1365,32
84,471,32
327,1046,32
978,559,32
510,1365,32
673,1046,32
655,559,32
552,559,32
674,471,32
358,1046,32
981,1365,32
229,1365,32
204,1365,32
231,471,32
928,471,32
977,1365,32
954,559,32
380,1365,32
961,1046,32
413,1365,32
262,1365,32
1258,471,32
821,471,32
920,1046,32
977,471,32
959,559,32
1265,1046,32
30,1365,32
317,559,32
965,559,32
1263,559,32
393,1046,32
552,1365,32
934,1046,32
673,1365,32
1260,1046,32
274,471,32
967,471,32
1008,559,32
289,1365,32
336,1046,32
945,559,32
724,1365,32
529,471,32
1264,559,32
921,1365,32
982,1046,32
477,1046,32
63,471,32
1000,1046,32
989,1365,32
405,559,32
276,471,32
522,1365,32
204,471,32
455,559,32
51,1046,32
954,1046,32
585,559,32
401,471,32
986,1046,32
962,559,32
986,559,32
652,559,32
995,1046,32
990,1046,32
499,1046,32
936,559,32
478,1365,32
36,471,32
913,1365,32
999,1046,32
327,559,32
984,471,32
967,1365,32
942,1046,32
861,559,32
917,559,32
927,1365,32
335,1046,32
1002,1365,32
205,471,32
928,1046,32
41,559,32
541,1365,32
982,471,32
33,471,32
1000,471,32
33,1046,32
298,1046,32
652,471,32
1007,559,32
407,1046,32
586,471,32
974,471,32
639,1046,32
358,559,32
392,1365,32
164,471,32
540,559,32
926,1046,32
932,559,32
161,1365,32
985,1365,32
195,1365,32
221,1046,32
702,1046,32
159,1365,32
976,1365,32
273,1046,32
920,559,32
996,559,32
978,471,32
1012,559,32
935,1046,32
164,1365,32
142,471,32
936,1365,32
1007,471,32
913,471,32
565,1046,32
945,471,32
287,1365,32
312,559,32
968,1365,32
405,1365,32
469,471,32
33,559,32
336,1365,32
377,1365,32
438,471,32
250,1046,32
36,1046,32
165,559,32
320,1365,32
958,471,32
702,1365,32
197,1046,32
987,559,32
593,1046,32
199,1365,32
466,559,32
956,1365,32
996,1046,32
602,471,32
289,559,32
1268,1046,32
918,471,32
187,1365,32
917,1046,32
918,1046,32
973,1365,32
359,559,32
453,1046,32
491,1046,32
930,1046,32
202,1365,32
281,1046,32
214,471,32
407,559,32
312,1046,32
1108,559,32
33,1365,32
1007,1046,32
529,1046,32
359,1365,32
989,471,32
163,1046,32
980,471,32
926,559,32
972,1365,32
999,559,32
611,471,32
540,1046,32
142,1365,32
1012,1046,32
1262,559,32
994,559,32
916,1365,32
282,471,32
262,559,32
491,559,32
940,1365,32
354,471,32
171,559,32
643,1365,32
485,471,32
260,471,32
405,1046,32
933,471,32
336,471,32
964,559,32
935,559,32
245,559,32
455,1365,32
983,1365,32
918,559,32
673,992,32
194,471,32
151,1365,32
464,1365,32
821,1046,32
1006,1365,32
1263,471,32
993,559,32
944,1365,32
990,559,32
994,471,32
970,1365,32
416,1046,32
1005,471,32
915,471,32
1272,471,32
962,1046,32
1009,1046,32
586,559,32
1009,559,32
970,471,32
929,1046,32
1004,1365,32
922,1046,32
181,471,32
1097,559,32
494,1046,32
536,1046,32
541,1046,32
1014,1046,32
196,471,32
636,1046,32
175,559,32
918,1365,32
392,559,32
583,559,32
965,471,32
1268,559,32
181,1365,32
159,559,32
929,471,32
201,1365,32
1260,1365,32
911,559,32
200,559,32
945,1365,32
541,471,32
977,1046,32
965,1046,32
611,559,32
41,1365,32
921,471,32
579,1046,32
883,633,33
589,1105,33
614,1208,33
1369,539,33
370,196,33
1370,280,33
633,1185,33
1027,931,33
394,1208,33
495,705,33
1027,956,33
1317,539,33
1317,1208,33
495,270,33
495,1371,33
1007,539,33
931,1185,33
1208,242,33
494,1105,33
640,1007,33
1027,59,33
495,934,33
495,1372,33
413,539,33
883,242,33
495,924,33
495,931,33
495,716,33
1322,971,33
495,877,33
495,1373,33
1370,345,33
1027,971,33
614,1105,33
1027,1185,33
495,1153,33
495,31,33
324,370,33
495,55,33
394,883,33
1208,1007,33
495,1027,33
495,852,33
883,1007,33
333,539,33
272,539,33
784,883,33
633,413,33
1317,1027,33
495,1374,33
1027,883,33
589,494,33
614,1007,33
955,1185,33
285,539,33
1317,931,33
614,883,33
495,1012,33
1007,242,33
883,1105,33
633,196,33
1370,1322,33
614,59,33
589,883,33
1027,1105,33
495,879,33
1208,494,33
1208,1091,33
614,196,33
956,1185,33
413,242,33
1370,1263,33
495,700,33
495,1143,33
1208,1115,33
614,1322,33
495,997,33
614,956,33
370,971,33
495,964,33
495,1321,33
1370,1067,33
495,818,33
196,1185,33
589,1322,33
883,59,33
931,1322,33
495,1375,33
556,1208,33
784,370,33
1370,338,33
784,971,33
1376,539,33
1317,413,33
883,956,33
1370,272,33
495,5,33
931,1091,33
589,971,33
614,1185,33
971,1185,33
883,1208,33
614,494,33
495,430,33
589,956,33
931,242,33
883,370,33
784,394,33
883,539,33
1007,429,33
589,242,33
495,990,33
495,942,33
1075,539,33
495,1162,33
316,1027,33
556,1027,33
495,1317,33
589,931,33
784,196,33
1317,394,33
495,1377,33
495,500,33
653,1185,33
1317,59,33
614,1317,33
59,1185,33
1027,413,33
370,1185,33
614,324,33
495,915,33
614,931,33
1007,1091,33
242,539,33
495,224,33
784,955,33
640,413,33
1007,1105,33
1370,500,33
1027,1322,33
640,1185,33
495,1007,33
1370,1317,33
413,1105,33
614,413,33
1027,196,33
495,1378,33
333,242,33
589,413,33
1185,242,33
495,723,33
1370,588,33
784,324,33
59,1007,33
1370,633,33
251,242,33
1376,242,33
59,494,33
495,1379,33
495,279,33
784,1115,33
1322,1185,33
640,494,33
931,59,33
495,935,33
495,988,33
784,1105,33
1370,370,33
1317,1105,33
495,1376,33
784,1007,33
1371,242,33
1208,956,33
1317,1185,33
495,850,33
931,539,33
633,494,33
1380,242,33
1027,324,33
495,936,33
316,784,33
633,931,33
1370,1368,33
495,984,33
1027,1115,33
370,955,33
495,370,33
417,539,33
755,242,33
495,33,33
1370,59,33
1370,1381,33
1370,200,33
1370,199,33
883,653,33
59,1208,33
495,1142,33
495,830,33
614,242,33
1317,429,33
495,1001,33
1322,494,33
1208,971,33
640,1027,33
1370,1208,33
495,71,33
784,633,33
1370,604,33
1317,1115,33
1370,757,33
495,967,33
1208,1185,33
1317,137,33
931,137,33
495,727,33
614,640,33
784,640,33
633,59,33
883,1322,33
495,1163,33
413,1208,33
589,1185,33
1027,429,33
883,196,33
1317,494,33
1382,539,33
394,1185,33
1370,556,33
589,653,33
589,539,33
495,241,33
495,1158,33
495,922,33
495,863,33
1317,640,33
495,1086,33
784,1317,33
495,755,33
1208,1105,33
495,1155,33
784,59,33
633,1208,33
495,366,33
633,242,33
614,370,33
1370,990,33
755,539,33
784,539,33
1370,1260,33
883,413,33
1007,1115,33
589,370,33
1317,1091,33
1371,539,33
1027,370,33
1208,324,33
441,242,33
494,539,33
1370,455,33
556,1185,33
1370,190,33
1317,653,33
495,655,33
1007,1185,33
784,494,33
370,956,33
1027,242,33
1369,242,33
556,413,33
589,59,33
495,1015,33
784,1208,33
495,1383,33
1370,614,33
1370,645,33
931,429,33
784,429,33
883,1185,33
495,966,33
495,1021,33
495,253,33
1370,354,33
784,931,33
495,420,33
495,1006,33
495,1369,33
1322,413,33
495,1010,33
495,973,33
784,1091,33
589,196,33
588,242,33
784,137,33
1370,1076,33
1370,245,33
633,956,33
589,955,33
1370,1321,33
633,1105,33
441,539,33
59,242,33
1322,324,33
495,1263,33
495,63,33
417,242,33
614,971,33
784,1027,33
931,1105,33
1185,1105,33
1370,392,33
495,944,33
1185,539,33
1027,539,33
1317,883,33
495,1384,33
640,539,33
370,494,33
495,1260,33
495,1322,33
1185,494,33
1208,196,33
1317,324,33
1027,494,33
883,494,33
324,1185,33
251,539,33
495,696,33
495,1157,33
1370,784,33
285,242,33
633,1007,33
495,42,33
589,1317,33
1317,196,33
1370,324,33
1370,1027,33
495,1327,33
589,1208,33
883,971,33
931,1208,33
1322,955,33
495,53,33
614,394,33
495,1009,33
556,1317,33
370,1007,33
413,1185,33
495,1014,33
1370,1171,33
1370,1185,33
495,1075,33
1380,539,33
495,954,33
1370,18,33
365,539,33
589,633,33
495,776,33
495,725,33
614,633,33
614,556,33
1317,955,33
1322,956,33
589,1007,33
633,324,33
784,1322,33
495,878,33
614,589,33
640,931,33
614,653,33
495,18,33
1370,1176,33
495,980,33
1317,242,33
956,495,33
1317,1322,33
640,883,33
1317,956,33
588,539,33
495,981,33
495,920,33
633,370,33
316,1317,33
1370,589,33
413,370,33
784,653,33
633,955,33
495,722,33
495,710,33
1370,884,33
640,242,33
495,882,33
931,1115,33
1208,539,33
1370,209,33
883,931,33
1382,242,33
1370,653,33
495,921,33
495,1380,33
365,242,33
1370,1221,33
1322,196,33
1370,143,33
495,1385,33
1208,429,33
1317,971,33
1370,289,33
883,324,33
784,242,33
495,971,33
614,1027,33
1317,370,33
495,1386,33
1317,1007,33
495,1387,33
495,1382,33
784,956,33
495,801,33
1317,633,33
633,1322,33
495,1076,33
1027,633,33
1075,242,33
494,242,33
784,413,33
137,1007,33
495,52,33
495,933,33
1322,370,33
1322,1007,33
316,1208,33
614,784,33
1370,882,33
1322,1208,33
633,971,33
784,1185,33
883,955,33
784,589,33
640,1208,33
495,862,33
1208,370,33
931,370,33
614,955,33
1207,340,34
1388,155,34
292,1389,34
1180,1389,34
680,1389,34
249,340,34
1388,404,34
1220,340,34
1389,340,34
120,340,34
1098,1389,34
1388,1242,34
1205,340,34
1388,1203,34
172,1389,34
641,340,34
1388,1191,34
1388,1212,34
1244,340,34
198,340,34
1388,1098,34
1388,1390,34
210,340,34
1391,340,34
1388,1220,34
1195,340,34
1388,1256,34
1388,305,34
95,340,34
1388,1213,34
305,1389,34
1388,95,34
1388,1202,34
889,340,34
23,1389,34
1228,340,34
1256,1389,34
1388,249,34
233,1389,34
1388,1200,34
300,1389,34
1171,340,34
1388,1392,34
1388,1199,34
119,340,34
1115,340,34
1388,198,34
743,340,34
1388,1205,34
687,340,34
1203,1389,34
1241,1389,34
800,1389,34
103,1389,34
1213,1389,34
1197,340,34
437,1389,34
750,340,34
1099,340,34
1244,1389,34
210,1389,34
155,340,34
1173,340,34
666,1389,34
1388,680,34
1115,1389,34
1241,340,34
1388,666,34
637,340,34
1388,207,34
1388,1393,34
1388,1197,34
1388,1214,34
562,340,34
1388,340,34
1388,687,34
548,1389,34
814,1389,34
80,340,34
1388,96,34
1388,889,34
1388,208,34
1392,1389,34
95,1389,34
292,340,34
130,1389,34
107,1389,34
746,340,34
243,198,34
1131,340,34
1242,1389,34
1175,1389,34
1388,814,34
1388,1018,34
1254,1389,34
1388,901,34
1388,120,34
1388,437,34
620,1389,34
1218,1389,34
1388,562,34
1220,1389,34
1174,1389,34
1393,1389,34
1201,340,34
1199,340,34
1388,1201,34
1202,340,34
1388,591,34
1388,641,34
179,340,34
1388,1175,34
437,340,34
1242,340,34
82,1389,34
743,1389,34
1388,1195,34
505,1389,34
1388,1394,34
92,1389,34
404,340,34
892,1389,34
233,340,34
1205,1389,34
1395,340,34
505,340,34
1388,1389,34
513,1389,34
172,340,34
391,340,34
885,1389,34
1388,764,34
800,340,34
395,1389,34
1388,1172,34
1388,473,34
404,1389,34
357,340,34
1098,340,34
1174,340,34
357,1389,34
1388,243,34
1388,210,34
1195,1389,34
901,340,34
1214,1389,34
1388,513,34
1388,1174,34
513,340,34
1175,340,34
1256,340,34
680,340,34
1388,331,34
1390,1389,34
1018,1389,34
249,1389,34
331,340,34
128,1389,34
1388,1099,34
630,340,34
620,340,34
208,1389,34
889,1389,34
473,1389,34
1393,340,34
119,1389,34
1388,300,34
901,1389,34
1394,340,34
1191,340,34
1213,340,34
1234,340,34
243,1389,34
1388,1115,34
300,340,34
107,340,34
1201,1389,34
92,340,34
207,340,34
1388,357,34
630,1389,34
1133,1389,34
1388,620,34
152,340,34
1388,1252,34
1200,340,34
1388,1171,34
1388,1168,34
1388,892,34
1388,548,34
1388,103,34
1388,107,34
1390,340,34
892,340,34
1018,340,34
885,340,34
1395,1389,34
740,1389,34
1388,80,34
1235,340,34
1392,340,34
1214,340,34
629,340,34
208,340,34
1388,1391,34
1388,1180,34
1180,340,34
1388,637,34
740,340,34
1388,1133,34
591,340,34
120,1389,34
1388,172,34
562,1389,34
1388,233,34
1388,1254,34
23,340,34
679,340,34
1207,1389,34
198,1389,34
1388,1228,34
1388,740,34
1388,119,34
1388,1395,34
1388,885,34
641,1389,34
1131,1389,34
1388,23,34
1173,1389,34
1388,1131,34
764,340,34
243,340,34
1388,179,34
679,1389,34
591,1389,34
103,340,34
1191,1389,34
1254,340,34
1388,1181,34
96,340,34
1388,1244,34
1203,340,34
1252,340,34
750,1389,34
666,340,34
152,1389,34
1172,1389,34
1388,743,34
130,340,34
128,340,34
1181,1389,34
1388,1241,34
1388,92,34
1200,1389,34
670,340,34
1181,340,34
391,1389,34
1199,1389,34
1212,340,34
80,1389,34
1388,670,34
305,340,34
473,340,34
1388,130,34
548,340,34
395,340,34
1388,1247,34
1388,1235,34
1388,1234,34
687,1389,34
1388,292,34
1234,1389,34
207,1389,34
1133,340,34
1388,582,34
155,1389,34
814,340,34
1388,1207,34
1391,1389,34
1235,1389,34
1388,630,34
1218,340,34
1388,82,34
1212,1389,34
637,1389,34
1202,1389,34
1247,1389,34
96,1389,34
1168,1389,34
670,1389,34
1228,1389,34
1247,340,34
1388,128,34
1168,340,34
1171,1389,34
1388,750,34
1172,340,34
179,1389,34
1388,800,34
1388,746,34
1388,152,34
629,1389,34
1197,1389,34
1388,679,34
1388,1173,34
1388,391,34
1388,1218,34
1252,1389,34
82,340,34
1388,629,34
1388,395,34
1388,505,34
997,525,35
997,931,35
548,641,35
997,241,35
997,366,35
997,957,35
997,392,35
997,936,35
997,988,35
997,279,35
997,681,35
997,973,35
482,997,35
997,915,35
997,5,35
997,925,35
997,257,35
997,1007,35
997,922,35
997,262,35
997,499,35
997,1010,35
997,967,35
997,453,35
997,438,35
997,595,35
587,1396,35
997,195,35
997,231,35
997,270,35
997,955,35
997,387,35
997,1006,35
997,1378,35
997,1379,35
997,199,35
198,1397,35
997,954,35
997,196,35
997,494,35
997,980,35
997,316,35
461,997,35
292,305,35
997,543,35
997,992,35
997,1014,35
997,935,35
997,653,35
997,932,35
997,981,35
997,920,35
997,224,35
997,971,35
997,221,35
997,159,35
997,310,35
997,970,35
997,1386,35
997,990,35
997,486,35
997,288,35
997,245,35
997,18,35
997,1003,35
997,940,35
997,933,35
997,413,35
997,964,35
980,653,36
18,257,36
980,1379,36
980,925,36
980,392,36
18,933,36
980,967,36
980,932,36
18,525,36
980,922,36
980,525,36
980,387,36
18,940,36
18,954,36
18,925,36
980,257,36
18,387,36
18,453,36
980,681,36
18,1379,36
980,955,36
980,933,36
980,936,36
980,920,36
980,981,36
980,1003,36
980,199,36
18,270,36
18,955,36
18,595,36
980,915,36
18,1010,36
18,973,36
980,1378,36
18,1006,36
18,935,36
18,988,36
18,992,36
18,990,36
18,932,36
18,967,36
980,5,36
18,288,36
18,159,36
18,970,36
18,1386,36
980,1014,36
18,971,36
980,957,36
980,288,36
980,196,36
18,957,36
18,413,36
18,5,36
980,453,36
980,973,36
18,199,36
980,270,36
980,316,36
980,992,36
980,595,36
18,1014,36
980,931,36
18,981,36
18,1003,36
18,316,36
18,653,36
980,494,36
980,988,36
980,935,36
980,954,36
980,1007,36
18,681,36
18,494,36
18,392,36
18,1007,36
980,159,36
980,1386,36
980,970,36
980,971,36
18,931,36
18,964,36
18,922,36
980,940,36
18,245,36
980,990,36
18,196,36
980,964,36
18,915,36
980,1006,36
980,245,36
980,1010,36
18,1378,36
980,413,36
1304,543,37
721,543,37
718,366,37
1023,286,37
1031,398,37
1023,785,37
647,620,37
911,796,37
139,628,37
306,793,37
1358,827,37
694,231,37
1016,753,37
1029,800,37
694,438,37
911,286,37
650,778,37
1359,521,37
1043,521,37
1029,796,37
911,822,37
563,221,37
519,364,37
149,545,37
647,743,37
519,529,37
647,331,37
1033,825,37
519,805,37
1026,687,37
1031,331,37
306,745,37
1034,785,37
519,756,37
519,230,37
1344,195,37
519,808,37
1358,301,37
1025,745,37
359,231,37
306,620,37
385,274,37
462,746,37
719,687,37
1073,230,37
248,796,37
306,782,37
1033,738,37
1042,230,37
535,1296,37
576,236,37
1035,793,37
576,813,37
1359,770,37
504,238,37
1034,833,37
650,1296,37
731,738,37
1035,258,37
1028,258,37
1035,166,37
248,838,37
1036,743,37
248,825,37
1027,620,37
1025,529,37
306,11,37
643,279,37
1036,785,37
530,499,37
576,331,37
835,1296,37
1035,148,37
247,262,37
1358,4,37
504,805,37
504,236,37
1037,805,37
1029,166,37
718,224,37
731,331,37
718,221,37
1023,364,37
504,813,37
1032,236,37
1035,740,37
1032,813,37
343,620,37
1035,211,37
355,1296,37
1033,844,37
1007,545,37
1023,803,37
911,810,37
1036,833,37
911,449,37
911,783,37
911,742,37
1023,584,37
1037,785,37
1023,772,37
647,211,37
1029,789,37
656,230,37
1028,192,37
1028,502,37
1065,1296,37
472,1296,37
158,1296,37
139,793,37
462,621,37
719,668,37
1358,349,37
911,814,37
248,805,37
695,460,37
576,176,37
642,778,37
1016,826,37
1027,11,37
1016,478,37
1034,766,37
1022,746,37
1358,772,37
720,543,37
343,521,37
695,668,37
1023,844,37
669,800,37
1032,783,37
732,279,37
1032,301,37
731,743,37
1359,782,37
139,768,37
911,582,37
1344,262,37
369,231,37
607,230,37
1022,258,37
1344,486,37
719,826,37
911,768,37
1359,745,37
911,148,37
343,789,37
1032,398,37
1025,687,37
1035,779,37
719,789,37
719,487,37
139,375,37
1032,4,37
1359,388,37
248,620,37
1028,793,37
1032,827,37
1060,584,37
1033,833,37
343,628,37
1022,460,37
1060,804,37
1033,334,37
1060,803,37
563,543,37
1038,236,37
1016,668,37
1344,193,37
1038,813,37
248,364,37
695,753,37
75,1296,37
714,195,37
695,687,37
1037,582,37
1026,502,37
462,738,37
1060,180,37
1359,740,37
1358,520,37
1038,331,37
719,753,37
75,230,37
734,543,37
1032,349,37
1060,740,37
563,231,37
1358,804,37
519,460,37
139,774,37
306,785,37
1358,803,37
1358,584,37
519,487,37
359,438,37
1038,743,37
1060,844,37
519,668,37
248,331,37
1037,800,37
468,438,37
306,176,37
721,279,37
1038,537,37
717,499,37
1029,687,37
1060,810,37
1038,738,37
472,230,37
714,438,37
1023,766,37
1016,529,37
731,780,37
1358,813,37
1032,753,37
248,211,37
724,486,37
724,224,37
724,221,37
1060,582,37
1034,238,37
306,582,37
1034,176,37
1034,180,37
530,310,37
734,279,37
1038,779,37
1032,238,37
359,486,37
1031,238,37
647,375,37
647,621,37
643,499,37
1025,487,37
462,826,37
1025,460,37
1359,796,37
1359,772,37
1304,366,37
1358,814,37
248,180,37
731,793,37
139,814,37
1033,814,37
695,785,37
576,148,37
1025,141,37
1027,258,37
1038,584,37
1038,803,37
650,521,37
1038,553,37
1038,804,37
647,529,37
248,766,37
306,375,37
576,584,37
576,582,37
519,753,37
306,621,37
576,258,37
306,141,37
695,588,37
343,793,37
468,193,37
139,621,37
1038,753,37
576,803,37
719,743,37
1359,783,37
732,499,37
1026,236,37
617,236,37
617,1296,37
691,800,37
1044,1296,37
1034,520,37
1026,813,37
1023,388,37
650,800,37
1027,621,37
1037,768,37
1036,349,37
643,366,37
504,582,37
594,230,37
1035,798,37
1031,449,37
1033,628,37
1031,783,37
1031,810,37
306,753,37
1026,331,37
343,768,37
1043,790,37
576,785,37
647,798,37
1037,628,37
1358,553,37
1358,166,37
1358,148,37
669,521,37
731,478,37
1026,743,37
732,230,37
643,543,37
343,808,37
343,375,37
1016,745,37
1027,774,37
1022,766,37
1022,738,37
1026,537,37
576,798,37
343,141,37
504,756,37
1041,230,37
1026,738,37
519,826,37
731,756,37
1358,746,37
721,366,37
1027,192,37
731,753,37
1027,502,37
149,366,37
720,279,37
1034,825,37
1037,398,37
1026,449,37
1022,825,37
1022,838,37
1023,628,37
691,521,37
139,502,37
139,584,37
139,803,37
719,502,37
576,804,37
139,804,37
1032,826,37
719,800,37
694,310,37
1037,478,37
1022,331,37
549,739,37
1026,779,37
1068,230,37
1035,746,37
1344,231,37
1032,798,37
916,438,37
343,774,37
462,141,37
1358,774,37
1036,388,37
1035,375,37
1051,230,37
695,520,37
695,584,37
369,224,37
369,221,37
462,793,37
1028,779,37
1033,810,37
1033,783,37
1016,176,37
1016,141,37
695,796,37
1033,742,37
1028,398,37
21,230,37
1025,772,37
650,739,37
1016,822,37
248,141,37
1034,334,37
1032,668,37
647,628,37
1028,740,37
1026,584,37
1026,803,37
1026,804,37
911,805,37
1035,628,37
1359,236,37
695,529,37
731,148,37
462,833,37
369,310,37
1038,258,37
1038,768,37
1036,301,37
1032,334,37
445,800,37
504,478,37
1359,192,37
1023,334,37
676,778,37
719,783,37
139,827,37
563,486,37
1359,520,37
1038,502,37
1038,192,37
504,822,37
692,800,37
911,238,37
139,742,37
139,810,37
139,449,37
139,783,37
504,1296,37
468,499,37
704,438,37
453,241,37
1037,620,37
704,262,37
1031,793,37
1028,782,37
719,11,37
1358,388,37
911,738,37
576,789,37
248,230,37
1346,545,37
504,827,37
1038,783,37
519,800,37
1038,810,37
306,814,37
248,798,37
315,778,37
306,398,37
1035,774,37
1038,621,37
504,398,37
1038,375,37
1038,774,37
1023,301,37
731,1296,37
911,11,37
721,195,37
730,231,37
647,779,37
732,310,37
453,310,37
1025,520,37
1359,398,37
1022,743,37
1071,230,37
1027,746,37
1031,814,37
1038,746,37
1032,789,37
1043,778,37
1034,814,37
916,545,37
1029,621,37
702,366,37
1061,828,37
519,743,37
519,11,37
724,543,37
1074,230,37
1031,180,37
695,176,37
1027,687,37
576,805,37
656,1296,37
643,241,37
359,224,37
504,808,37
359,221,37
607,844,37
734,241,37
1032,11,37
1025,805,37
732,195,37
1029,236,37
1029,813,37
650,236,37
1027,331,37
306,779,37
1036,334,37
676,236,37
1358,805,37
168,230,37
1025,756,37
576,844,37
1060,785,37
1029,331,37
576,620,37
1025,808,37
1038,808,37
721,499,37
1031,211,37
1023,4,37
369,545,37
343,449,37
1028,521,37
731,822,37
306,796,37
1029,743,37
1027,838,37
343,584,37
343,803,37
1022,753,37
343,804,37
1026,258,37
1034,780,37
1026,768,37
1029,537,37
1066,1296,37
306,529,37
734,230,37
672,230,37
1029,738,37
343,621,37
1053,1296,37
1060,258,37
343,176,37
695,620,37
734,499,37
248,521,37
1026,192,37
1359,286,37
1358,286,37
731,180,37
1027,738,37
1358,753,37
519,789,37
462,805,37
343,779,37
1022,833,37
1344,221,37
1029,11,37
1344,224,37
504,176,37
1033,779,37
1029,779,37
1016,487,37
1025,822,37
1016,460,37
724,195,37
695,478,37
731,529,37
731,808,37
1035,803,37
139,746,37
731,230,37
1035,804,37
695,789,37
248,520,37
714,231,37
1035,584,37
504,4,37
549,236,37
1026,783,37
1026,810,37
549,1296,37
1025,286,37
697,543,37
1033,785,37
731,211,37
1026,742,37
916,241,37
1016,388,37
1359,537,37
1026,621,37
1358,756,37
1358,808,37
1026,375,37
550,739,37
1026,774,37
647,745,37
1034,4,37
1358,844,37
1036,772,37
139,258,37
168,1296,37
149,241,37
1029,584,37
1037,796,37
1029,803,37
731,796,37
1029,804,37
550,800,37
1026,746,37
1037,746,37
1016,772,37
343,810,37
697,231,37
504,789,37
916,618,37
1038,740,37
45,1296,37
1028,375,37
1028,621,37
1304,193,37
1022,478,37
139,460,37
1028,798,37
139,487,37
1007,310,37
1016,789,37
1043,800,37
695,521,37
343,753,37
1034,349,37
462,529,37
1037,774,37
695,621,37
1023,804,37
695,375,37
1023,349,37
1033,793,37
1359,349,37
576,800,37
1038,826,37
1060,211,37
1028,766,37
1036,838,37
1038,844,37
1036,825,37
731,772,37
1359,4,37
1059,1296,37
1359,800,37
911,668,37
468,828,37
911,334,37
1034,746,37
1358,364,37
1359,827,37
306,838,37
1023,738,37
306,825,37
462,211,37
695,844,37
248,743,37
1032,805,37
1023,746,37
576,826,37
149,828,37
647,192,37
1028,478,37
647,502,37
306,742,37
306,449,37
1359,813,37
1358,582,37
306,783,37
306,810,37
1033,768,37
691,230,37
149,195,37
1304,486,37
1033,582,37
1038,766,37
647,742,37
1304,224,37
1304,221,37
1037,621,37
1036,780,37
647,810,37
720,486,37
732,241,37
1037,375,37
1034,827,37
1022,180,37
719,810,37
504,793,37
248,398,37
1035,768,37
719,742,37
1050,1296,37
594,1296,37
1036,4,37
724,262,37
519,166,37
1023,774,37
721,262,37
519,148,37
724,438,37
149,438,37
1031,176,37
1026,349,37
1036,166,37
1036,148,37
719,746,37
1060,553,37
702,543,37
1034,398,37
718,543,37
1038,620,37
732,1296,37
248,746,37
734,310,37
911,826,37
691,790,37
1033,780,37
1031,838,37
1022,553,37
385,230,37
1031,825,37
1029,258,37
1031,286,37
1029,768,37
576,628,37
1060,148,37
1023,141,37
695,582,37
17,230,37
1031,798,37
516,274,37
504,753,37
576,334,37
1033,746,37
248,11,37
343,746,37
642,1296,37
1028,529,37
1025,768,37
1031,628,37
1029,502,37
1029,192,37
719,774,37
734,195,37
1358,588,37
1025,582,37
1022,529,37
306,521,37
1032,766,37
519,746,37
1036,520,37
576,668,37
549,800,37
1359,180,37
1028,180,37
1036,398,37
1060,331,37
689,230,37
730,499,37
343,258,37
647,774,37
1033,398,37
1359,553,37
530,195,37
1026,844,37
719,331,37
697,221,37
1359,148,37
1359,166,37
1029,449,37
1029,783,37
1029,810,37
1029,838,37
1344,618,37
1029,742,37
1033,621,37
139,738,37
519,449,37
1029,375,37
1033,375,37
519,783,37
1036,782,37
559,543,37
1027,628,37
1025,780,37
911,793,37
343,487,37
731,521,37
519,774,37
183,1296,37
1037,844,37
1007,499,37
1028,620,37
695,745,37
139,825,37
1023,192,37
1023,502,37
1032,800,37
731,798,37
1029,746,37
1025,553,37
647,746,37
1344,366,37
1358,800,37
695,487,37
1025,148,37
1025,166,37
1016,805,37
720,195,37
719,584,37
139,331,37
719,803,37
1344,543,37
369,438,37
719,804,37
1022,822,37
676,739,37
720,499,37
519,331,37
315,790,37
1025,814,37
916,828,37
642,230,37
717,195,37
1035,668,37
462,487,37
719,779,37
697,486,37
516,1296,37
1027,334,37
1028,743,37
720,310,37
462,460,37
695,258,37
1049,1296,37
1023,783,37
1038,798,37
1346,262,37
559,1021,37
576,687,37
1064,230,37
1359,668,37
1032,785,37
1028,745,37
1028,211,37
563,262,37
519,537,37
1026,620,37
248,375,37
519,738,37
1036,822,37
248,621,37
462,628,37
1359,826,37
718,241,37
695,779,37
647,796,37
1022,808,37
1046,1296,37
1022,230,37
248,478,37
719,813,37
1022,756,37
916,310,37
617,738,37
504,780,37
1060,742,37
1060,798,37
1033,1296,37
1060,783,37
1060,449,37
1022,211,37
1016,756,37
519,779,37
1060,621,37
1038,628,37
1060,375,37
1016,808,37
1358,687,37
1034,529,37
1028,176,37
911,236,37
911,813,37
1037,803,37
695,743,37
1026,793,37
1037,804,37
731,286,37
1033,331,37
1346,195,37
504,388,37
720,241,37
911,331,37
1036,814,37
1060,521,37
1304,231,37
359,366,37
519,584,37
1359,334,37
519,803,37
911,537,37
519,804,37
656,738,37
695,782,37
695,780,37
504,745,37
1057,1296,37
1031,822,37
1037,779,37
695,826,37
704,224,37
462,825,37
1033,808,37
462,838,37
1033,838,37
139,364,37
462,770,37
1358,822,37
1359,789,37
1033,230,37
1023,768,37
139,743,37
1032,582,37
647,738,37
1025,827,37
1035,766,37
1033,176,37
1023,238,37
306,238,37
306,766,37
1029,740,37
1031,584,37
647,789,37
1031,804,37
1031,803,37
1027,537,37
718,279,37
1031,808,37
504,460,37
1031,756,37
731,745,37
306,780,37
702,241,37
315,521,37
1016,364,37
695,770,37
519,236,37
1025,236,37
1031,766,37
435,230,37
1025,813,37
519,813,37
139,780,37
1031,148,37
1031,166,37
1026,798,37
643,221,37
1037,810,37
1031,740,37
1037,449,37
1031,553,37
1037,783,37
1028,349,37
306,805,37
504,529,37
248,502,37
1036,582,37
248,192,37
1035,785,37
1028,753,37
1028,785,37
1031,844,37
1034,521,37
1029,844,37
343,838,37
647,334,37
650,844,37
1036,521,37
734,1296,37
1034,449,37
1358,238,37
1022,521,37
731,782,37
714,262,37
503,1296,37
576,738,37
1031,789,37
1025,349,37
719,460,37
697,366,37
1070,1296,37
1047,1296,37
1037,211,37
149,499,37
719,258,37
1359,687,37
576,4,37
1026,628,37
248,753,37
1035,833,37
1053,618,37
731,388,37
1025,4,37
1027,584,37
1027,793,37
1358,331,37
1027,803,37
1027,804,37
139,833,37
512,1296,37
1027,238,37
647,783,37
1033,236,37
695,793,37
158,230,37
647,449,37
731,520,37
1027,789,37
1304,195,37
1033,813,37
1033,805,37
1023,11,37
1053,545,37
1025,301,37
1023,520,37
1060,770,37
731,740,37
462,286,37
462,176,37
695,349,37
462,810,37
1034,364,37
462,449,37
1034,460,37
462,331,37
462,742,37
1042,1296,37
695,805,37
1358,838,37
519,258,37
1031,772,37
139,800,37
1023,449,37
1033,620,37
1062,1296,37
1358,780,37
1346,1021,37
1029,620,37
1034,1351,37
1027,810,37
1027,783,37
1027,449,37
1037,258,37
1036,478,37
719,375,37
691,844,37
719,793,37
1027,520,37
445,844,37
315,739,37
1072,1296,37
504,286,37
462,782,37
1025,774,37
1016,768,37
1061,241,37
139,478,37
139,141,37
1016,582,37
916,193,37
512,230,37
1036,176,37
248,779,37
1025,746,37
1025,838,37
1025,825,37
149,193,37
462,745,37
1359,301,37
1032,620,37
359,195,37
139,740,37
1038,180,37
1056,1296,37
462,756,37
1058,1296,37
462,808,37
1037,825,37
1029,793,37
1359,11,37
1022,798,37
576,796,37
519,621,37
1031,774,37
519,375,37
1060,398,37
1028,780,37
519,793,37
1358,236,37
1022,487,37
1070,230,37
1060,11,37
343,743,37
576,746,37
1060,779,37
149,310,37
1038,211,37
1061,499,37
1034,796,37
468,262,37
1023,756,37
1359,805,37
315,230,37
647,176,37
719,192,37
462,740,37
1023,808,37
576,166,37
731,553,37
1359,621,37
1016,236,37
669,1296,37
1033,258,37
1016,813,37
576,553,37
731,166,37
1028,487,37
1043,236,37
1060,743,37
1358,789,37
306,258,37
1028,460,37
1033,789,37
1060,537,37
462,364,37
248,745,37
911,258,37
1016,520,37
343,780,37
1036,553,37
504,833,37
647,668,37
911,192,37
911,502,37
1359,238,37
1034,388,37
329,1296,37
462,743,37
719,768,37
1028,814,37
1036,364,37
247,221,37
1035,844,37
647,687,37
1035,838,37
1304,262,37
1035,825,37
704,231,37
1035,301,37
1304,438,37
1028,826,37
1036,756,37
1029,798,37
1036,230,37
1053,230,37
1036,808,37
1034,745,37
504,785,37
1043,738,37
1032,628,37
1035,521,37
1038,1296,37
461,230,37
462,180,37
697,241,37
647,740,37
692,230,37
1031,768,37
306,334,37
504,301,37
718,499,37
1358,783,37
306,833,37
647,766,37
343,833,37
576,192,37
576,502,37
519,810,37
519,742,37
519,768,37
1035,238,37
1035,176,37
576,774,37
1027,668,37
643,230,37
719,740,37
1031,192,37
702,230,37
1031,502,37
1029,628,37
1023,621,37
1038,827,37
343,766,37
1035,334,37
1359,803,37
678,230,37
185,1296,37
1036,529,37
1069,1296,37
444,1296,37
1061,1296,37
519,502,37
1036,805,37
519,192,37
139,529,37
1026,180,37
731,502,37
731,192,37
1036,745,37
1037,388,37
676,844,37
1037,738,37
717,310,37
719,520,37
669,739,37
248,529,37
1028,301,37
676,800,37
1358,258,37
617,844,37
1026,211,37
1022,286,37
694,195,37
1016,827,37
1034,141,37
343,478,37
1033,141,37
1037,331,37
695,398,37
717,279,37
462,753,37
1359,529,37
1033,800,37
695,334,37
1055,230,37
139,1296,37
462,148,37
462,166,37
462,553,37
306,286,37
454,230,37
139,822,37
695,449,37
695,783,37
695,810,37
1027,141,37
1022,782,37
695,742,37
656,844,37
1016,774,37
1358,826,37
1060,782,37
1031,1351,37
911,766,37
462,478,37
1022,745,37
1025,1351,37
1359,785,37
1346,279,37
1032,793,37
359,543,37
916,366,37
504,772,37
1358,668,37
1358,449,37
1359,766,37
1022,388,37
1026,286,37
691,778,37
1034,582,37
647,826,37
916,499,37
248,793,37
563,499,37
1026,1296,37
1027,796,37
1033,460,37
1033,487,37
1025,766,37
550,778,37
1055,1296,37
1025,796,37
719,620,37
248,460,37
719,838,37
607,738,37
248,487,37
1032,768,37
1023,798,37
911,779,37
1031,833,37
563,438,37
1028,1296,37
647,800,37
139,211,37
1060,502,37
911,398,37
1060,192,37
1026,827,37
462,789,37
1060,478,37
1033,180,37
1032,621,37
911,740,37
504,553,37
504,148,37
504,166,37
1359,364,37
1032,375,37
248,768,37
1038,785,37
576,520,37
1022,796,37
1032,141,37
731,687,37
1016,286,37
647,844,37
1041,1296,37
144,230,37
454,1296,37
306,331,37
1028,827,37
1016,349,37
718,486,37
519,620,37
248,668,37
1060,753,37
468,1021,37
1037,743,37
1025,238,37
1066,230,37
643,486,37
1033,687,37
1034,502,37
1038,833,37
1034,192,37
1359,582,37
530,366,37
1025,738,37
1028,687,37
1032,774,37
694,262,37
1035,520,37
1027,800,37
647,803,37
139,844,37
647,804,37
612,230,37
1060,668,37
704,486,37
504,782,37
1037,838,37
695,756,37
343,529,37
607,1296,37
695,814,37
306,822,37
1031,537,37
1023,827,37
306,588,37
617,778,37
519,740,37
1031,738,37
1032,844,37
731,398,37
1346,193,37
343,742,37
1022,502,37
1022,192,37
355,230,37
519,687,37
730,195,37
835,230,37
647,822,37
1035,814,37
1033,782,37
1061,310,37
472,274,37
731,789,37
692,236,37
504,180,37
1031,349,37
1027,826,37
695,331,37
625,1296,37
1023,487,37
1034,753,37
530,241,37
1023,460,37
718,310,37
343,1296,37
1034,772,37
1029,211,37
504,743,37
647,827,37
519,844,37
139,521,37
1035,349,37
1061,221,37
1061,224,37
643,438,37
247,310,37
1028,746,37
343,822,37
1023,822,37
343,236,37
1032,814,37
576,388,37
715,1296,37
669,738,37
731,4,37
647,238,37
1025,364,37
550,790,37
1031,236,37
462,502,37
462,192,37
1032,782,37
1028,774,37
557,1296,37
1016,780,37
576,11,37
1022,148,37
1022,166,37
248,826,37
1026,785,37
557,230,37
1007,279,37
1344,241,37
530,231,37
1038,793,37
731,236,37
1034,148,37
1034,553,37
731,813,37
306,844,37
445,738,37
462,822,37
462,588,37
1060,826,37
1346,499,37
306,553,37
306,148,37
306,166,37
453,262,37
731,349,37
656,778,37
731,238,37
1036,826,37
343,230,37
1344,279,37
1358,11,37
1034,756,37
1027,805,37
669,844,37
1031,746,37
1027,236,37
1035,780,37
1036,460,37
1026,833,37
158,274,37
1036,487,37
1031,4,37
1035,827,37
306,180,37
1036,668,37
695,553,37
911,825,37
1022,621,37
911,838,37
1023,180,37
359,279,37
1026,740,37
1028,833,37
1033,796,37
1037,753,37
369,828,37
1007,366,37
911,176,37
1344,310,37
1028,520,37
248,782,37
1029,827,37
503,230,37
462,398,37
1032,584,37
1346,366,37
1054,230,37
1007,1021,37
1032,803,37
1032,804,37
139,808,37
1063,230,37
139,798,37
1060,745,37
1358,537,37
697,224,37
911,375,37
911,621,37
139,180,37
139,230,37
1035,4,37
1032,176,37
1036,449,37
911,798,37
1022,520,37
1027,822,37
1059,230,37
731,825,37
1032,779,37
1036,810,37
704,543,37
1034,782,37
549,790,37
732,231,37
343,772,37
248,783,37
453,195,37
1016,553,37
139,756,37
692,1296,37
1022,141,37
1016,148,37
1016,166,37
315,844,37
1358,334,37
731,301,37
1035,621,37
1358,398,37
1033,668,37
1036,238,37
1016,4,37
248,772,37
1038,349,37
462,4,37
1022,740,37
1016,814,37
695,800,37
1037,833,37
1034,808,37
1016,1351,37
1036,800,37
1036,621,37
1043,844,37
1032,742,37
576,772,37
1036,796,37
1032,810,37
1037,766,37
1032,449,37
911,521,37
468,279,37
721,438,37
530,262,37
1025,628,37
576,810,37
530,438,37
1029,774,37
1034,822,37
519,798,37
369,1021,37
1344,1021,37
1028,800,37
704,366,37
1016,796,37
697,195,37
1029,782,37
916,224,37
1304,545,37
576,766,37
1034,743,37
1033,826,37
643,231,37
576,301,37
695,838,37
695,825,37
1048,230,37
248,687,37
719,211,37
1028,738,37
731,826,37
697,310,37
1022,789,37
1023,782,37
306,768,37
1038,388,37
1359,588,37
1025,334,37
617,790,37
695,238,37
1022,236,37
1025,833,37
519,628,37
1022,813,37
504,825,37
504,838,37
719,808,37
1029,785,37
1061,543,37
724,310,37
1027,833,37
504,798,37
445,790,37
149,262,37
462,796,37
1016,238,37
719,148,37
1035,398,37
239,1296,37
519,180,37
1034,11,37
1036,11,37
1359,822,37
139,286,37
731,668,37
1016,738,37
1038,301,37
139,838,37
612,1296,37
1034,286,37
1028,844,37
911,743,37
1007,543,37
530,486,37
1029,833,37
444,230,37
1023,833,37
1022,1296,37
462,521,37
731,334,37
1036,789,37
647,141,37
719,738,37
697,438,37
359,230,37
719,844,37
719,1296,37
1022,301,37
1063,1296,37
343,798,37
1027,521,37
1346,241,37
1037,301,37
703,1296,37
139,782,37
1037,180,37
576,286,37
1027,582,37
1039,230,37
911,780,37
1016,783,37
647,582,37
1022,398,37
139,745,37
1022,4,37
719,827,37
1022,827,37
1033,364,37
717,241,37
139,388,37
1034,687,37
1060,176,37
695,180,37
1032,746,37
1060,588,37
1034,742,37
1060,822,37
1034,783,37
1034,810,37
1033,478,37
916,279,37
247,231,37
247,195,37
1359,628,37
1038,141,37
1050,230,37
1358,521,37
462,772,37
1032,258,37
1022,349,37
468,1296,37
911,745,37
911,211,37
1060,487,37
719,814,37
1060,460,37
462,814,37
1026,388,37
550,230,37
1359,375,37
1028,805,37
144,1296,37
1038,334,37
1023,230,37
1359,793,37
1358,628,37
647,772,37
462,334,37
504,620,37
1028,4,37
1016,301,37
139,796,37
911,620,37
1060,805,37
1032,460,37
1027,768,37
1032,487,37
1033,349,37
1028,388,37
1358,742,37
1033,745,37
1358,810,37
343,180,37
1034,789,37
1028,364,37
519,1296,37
1359,768,37
1034,478,37
306,520,37
1026,301,37
1036,687,37
694,499,37
1061,486,37
468,618,37
1045,230,37
647,813,37
647,236,37
1022,238,37
1037,808,37
719,180,37
694,279,37
1031,743,37
1016,628,37
462,687,37
1026,766,37
1060,687,37
1033,537,37
248,800,37
704,279,37
519,827,37
715,230,37
1359,141,37
1034,668,37
724,241,37
1025,844,37
519,211,37
247,438,37
1016,838,37
1031,827,37
647,814,37
1016,825,37
306,756,37
724,499,37
306,230,37
306,808,37
732,438,37
911,180,37
1037,822,37
656,790,37
1025,584,37
306,211,37
1023,838,37
643,310,37
139,192,37
1023,825,37
1358,779,37
1025,804,37
535,230,37
1025,803,37
1037,502,37
1065,230,37
911,301,37
139,334,37
1060,800,37
343,286,37
563,310,37
695,766,37
306,364,37
306,388,37
1025,180,37
1023,478,37
1359,449,37
662,274,37
576,211,37
1031,11,37
1034,826,37
1027,827,37
504,521,37
576,808,37
576,756,37
647,520,37
1025,620,37
1025,740,37
1022,844,37
647,388,37
468,230,37
1028,148,37
504,766,37
1026,141,37
445,1296,37
1047,230,37
576,827,37
1037,230,37
721,224,37
1038,772,37
343,782,37
1037,756,37
1034,798,37
1062,230,37
315,800,37
504,11,37
1074,1296,37
139,553,37
1026,334,37
1029,349,37
1033,301,37
343,745,37
139,148,37
139,166,37
1025,388,37
1034,805,37
1027,756,37
1060,772,37
1033,529,37
1027,808,37
1028,628,37
1053,193,37
343,364,37
647,808,37
306,668,37
695,833,37
717,543,37
647,230,37
1023,745,37
911,782,37
1060,520,37
647,756,37
721,231,37
247,366,37
647,805,37
719,785,37
1038,838,37
695,211,37
1027,301,37
1038,825,37
1027,375,37
617,521,37
1027,398,37
1031,520,37
731,11,37
1022,826,37
647,833,37
549,230,37
306,1296,37
719,766,37
697,499,37
225,1296,37
1060,141,37
730,221,37
343,740,37
730,224,37
717,231,37
343,783,37
462,537,37
1035,388,37
1031,800,37
149,1021,37
731,805,37
719,833,37
1023,529,37
239,230,37
911,687,37
1032,738,37
369,499,37
1038,780,37
650,230,37
343,796,37
1016,334,37
343,553,37
1031,742,37
1022,805,37
1016,833,37
519,785,37
1022,668,37
1037,772,37
1033,388,37
656,521,37
483,1296,37
1067,230,37
1038,4,37
1032,825,37
1029,388,37
1032,838,37
343,388,37
1359,804,37
1022,687,37
247,486,37
691,236,37
1031,826,37
692,738,37
1359,844,37
248,827,37
617,739,37
1022,334,37
1032,331,37
1038,166,37
1038,148,37
576,822,37
1035,364,37
1031,364,37
1056,230,37
732,262,37
1034,774,37
1027,4,37
1034,800,37
519,833,37
445,230,37
462,349,37
139,520,37
248,822,37
1016,746,37
695,628,37
642,236,37
1035,529,37
720,231,37
1029,301,37
714,279,37
1035,796,37
248,1296,37
462,584,37
691,738,37
139,772,37
694,366,37
1026,772,37
1033,520,37
1037,780,37
343,502,37
669,230,37
343,192,37
1358,745,37
563,241,37
45,230,37
916,195,37
714,310,37
519,766,37
607,739,37
1033,772,37
504,621,37
1038,520,37
1031,388,37
647,286,37
504,375,37
691,1296,37
1061,231,37
719,236,37
576,349,37
304,1296,37
730,543,37
694,543,37
647,521,37
1359,742,37
1016,844,37
1029,766,37
1359,810,37
1026,838,37
1033,774,37
453,221,37
453,224,37
911,753,37
911,487,37
504,258,37
911,785,37
248,808,37
248,756,37
1038,238,37
911,460,37
1031,460,37
1016,766,37
1031,785,37
359,241,37
1031,487,37
1038,782,37
576,768,37
1034,331,37
306,746,37
1031,668,37
911,746,37
1022,11,37
1358,793,37
139,766,37
306,798,37
1358,375,37
1025,258,37
1060,756,37
721,310,37
656,739,37
1060,230,37
1060,808,37
343,166,37
1033,553,37
1071,1296,37
1029,141,37
1026,780,37
530,221,37
1033,166,37
1033,148,37
721,221,37
704,499,37
1023,779,37
647,825,37
504,768,37
647,838,37
1034,236,37
642,738,37
1036,236,37
1025,742,37
734,262,37
530,279,37
1026,4,37
1025,783,37
1032,743,37
1035,620,37
1036,813,37
734,438,37
1025,810,37
516,230,37
1069,230,37
1029,334,37
139,236,37
139,813,37
647,478,37
1026,553,37
1028,825,37
1025,192,37
1036,331,37
1026,166,37
1026,148,37
1304,310,37
1027,176,37
248,813,37
149,279,37
248,236,37
1035,745,37
1028,838,37
1031,753,37
1043,1296,37
468,224,37
462,11,37
1038,822,37
504,192,37
504,502,37
1061,618,37
731,785,37
1007,241,37
656,236,37
1054,1296,37
1032,780,37
1036,537,37
1033,753,37
1029,180,37
306,628,37
695,286,37
1036,738,37
1359,176,37
721,486,37
695,798,37
549,521,37
1023,793,37
1060,620,37
1027,779,37
550,844,37
1037,782,37
1026,756,37
911,520,37
1068,1296,37
453,543,37
1061,1021,37
1358,785,37
1358,192,37
1016,584,37
1026,520,37
139,301,37
1358,502,37
1034,838,37
1016,804,37
731,582,37
719,825,37
1016,803,37
1027,753,37
1026,398,37
1033,502,37
248,738,37
139,537,37
1036,779,37
1033,192,37
719,772,37
695,822,37
576,833,37
461,1296,37
343,520,37
1038,814,37
734,486,37
183,230,37
139,398,37
1023,753,37
504,746,37
359,499,37
1026,238,37
359,310,37
1032,833,37
1061,366,37
1061,545,37
1346,224,37
1346,221,37
1034,301,37
719,388,37
1016,620,37
731,800,37
1016,740,37
1026,782,37
1033,4,37
1022,810,37
1037,740,37
1036,584,37
462,668,37
1036,803,37
1037,584,37
734,231,37
1036,804,37
369,195,37
462,798,37
1027,772,37
720,262,37
714,499,37
720,438,37
1028,584,37
1038,286,37
1025,793,37
1344,545,37
462,785,37
1028,804,37
1028,803,37
719,756,37
462,520,37
1029,772,37
445,521,37
139,349,37
719,798,37
1028,808,37
1022,780,37
1028,230,37
1028,756,37
1035,753,37
607,236,37
1031,796,37
1060,766,37
248,774,37
369,262,37
190,1296,37
1058,230,37
1359,460,37
714,543,37
1359,487,37
717,486,37
1036,753,37
1032,478,37
1007,221,37
248,789,37
1358,740,37
1038,582,37
1035,286,37
911,1296,37
704,195,37
1026,822,37
1029,825,37
1358,176,37
1038,521,37
694,241,37
519,838,37
519,825,37
647,148,37
647,166,37
1035,789,37
504,779,37
1034,487,37
1023,810,37
1049,230,37
1037,521,37
1037,745,37
1023,742,37
1022,364,37
647,553,37
1359,774,37
704,310,37
719,349,37
1060,768,37
139,238,37
306,804,37
1028,822,37
306,803,37
1035,553,37
647,1296,37
306,584,37
1033,756,37
1023,743,37
468,543,37
731,814,37
911,827,37
343,813,37
519,388,37
911,4,37
504,331,37
1027,780,37
1304,241,37
504,738,37
1043,230,37
1029,780,37
306,537,37
1035,230,37
1304,499,37
1035,808,37
1034,258,37
1035,756,37
1358,782,37
190,230,37
306,740,37
1025,331,37
695,772,37
453,486,37
1029,4,37
1358,621,37
647,398,37
1026,814,37
468,231,37
1358,766,37
248,780,37
1029,553,37
1037,798,37
306,827,37
519,349,37
1033,286,37
576,740,37
1029,148,37
1023,375,37
504,141,37
1032,180,37
719,334,37
1057,230,37
732,224,37
139,176,37
731,620,37
732,221,37
1304,618,37
1031,687,37
642,739,37
504,211,37
306,349,37
576,180,37
1038,478,37
1359,584,37
1025,211,37
1031,620,37
1034,793,37
490,230,37
1358,620,37
1036,258,37
1035,772,37
1061,279,37
1036,768,37
343,301,37
549,778,37
1007,486,37
519,238,37
1028,166,37
435,1296,37
1031,805,37
695,804,37
1028,553,37
695,803,37
1038,176,37
1031,529,37
695,808,37
692,844,37
1060,789,37
695,774,37
1036,502,37
576,238,37
1036,192,37
647,782,37
1025,743,37
343,398,37
306,4,37
343,4,37
1029,520,37
1037,1296,37
1029,398,37
1023,398,37
695,148,37
695,166,37
695,740,37
343,460,37
462,301,37
1026,582,37
1031,813,37
1072,230,37
1022,800,37
139,779,37
1026,521,37
1036,783,37
704,221,37
1027,745,37
567,1296,37
1029,238,37
1032,529,37
1036,742,37
139,826,37
676,738,37
1027,529,37
1036,375,37
1036,774,37
1016,258,37
1033,11,37
576,783,37
647,349,37
731,827,37
306,772,37
343,349,37
576,745,37
1023,1296,37
1023,740,37
462,827,37
1027,743,37
1033,449,37
721,241,37
1023,176,37
1036,746,37
1016,785,37
714,366,37
1027,460,37
1028,582,37
1027,740,37
1028,789,37
1022,785,37
1028,768,37
1033,827,37
1358,529,37
139,668,37
1035,822,37
1038,364,37
916,543,37
139,687,37
343,844,37
1037,192,37
647,4,37
1358,796,37
576,838,37
1344,828,37
1037,553,37
1038,756,37
1358,180,37
1038,230,37
1037,166,37
1033,743,37
1037,148,37
1032,822,37
306,774,37
1027,364,37
911,833,37
916,1021,37
1060,827,37
248,176,37
343,238,37
607,800,37
1026,478,37
1029,822,37
1033,822,37
916,231,37
695,192,37
1061,193,37
1359,738,37
695,502,37
1027,286,37
519,814,37
714,241,37
1358,798,37
925,230,37
519,301,37
512,274,37
1026,176,37
1033,798,37
1060,236,37
468,221,37
1060,1296,37
1034,740,37
1060,813,37
559,241,37
1061,230,37
1038,529,37
248,388,37
1359,331,37
1038,805,37
1035,11,37
1032,808,37
731,176,37
734,366,37
1038,745,37
695,768,37
1032,756,37
1359,779,37
1036,286,37
647,753,37
1035,1296,37
462,238,37
1358,768,37
1032,211,37
1035,460,37
719,141,37
1032,687,37
359,262,37
1022,582,37
1029,814,37
139,789,37
445,778,37
718,195,37
642,800,37
724,279,37
519,334,37
1031,478,37
315,236,37
576,742,37
1035,782,37
576,621,37
576,449,37
468,241,37
247,241,37
1034,537,37
1022,772,37
453,231,37
1027,814,37
1358,478,37
524,274,37
468,486,37
248,349,37
468,310,37
647,301,37
1036,740,37
1025,521,37
1358,770,37
306,487,37
306,460,37
1035,743,37
453,366,37
731,742,37
1027,478,37
519,141,37
1028,141,37
731,810,37
503,274,37
731,449,37
731,783,37
647,460,37
1025,798,37
468,195,37
1060,286,37
719,780,37
1026,364,37
576,780,37
1034,779,37
1023,805,37
462,780,37
1025,621,37
1035,742,37
1025,375,37
1035,783,37
1060,349,37
1035,810,37
692,778,37
576,460,37
1007,231,37
1026,11,37
1026,230,37
695,301,37
504,334,37
576,487,37
1026,808,37
576,753,37
1032,772,37
717,221,37
717,224,37
731,621,37
1028,286,37
1031,521,37
1359,825,37
1359,838,37
1029,582,37
731,375,37
1034,844,37
504,628,37
329,230,37
1031,621,37
734,224,37
1036,844,37
1031,375,37
1029,521,37
1359,502,37
1060,364,37
647,487,37
916,221,37
1037,520,37
1031,582,37
719,176,37
1028,11,37
1346,486,37
1344,499,37
1033,521,37
306,192,37
717,262,37
306,502,37
1031,301,37
519,780,37
647,584,37
247,543,37
385,1296,37
343,668,37
462,774,37
731,768,37
343,687,37
1026,529,37
731,628,37
462,800,37
1037,176,37
1026,805,37
1032,521,37
643,1296,37
462,813,37
1016,331,37
731,774,37
1026,745,37
697,262,37
1038,687,37
1035,478,37
343,756,37
1035,449,37
185,230,37
695,141,37
1023,521,37
719,398,37
504,520,37
1060,774,37
1036,766,37
1027,785,37
139,4,37
576,814,37
1037,236,37
1028,796,37
1037,813,37
490,1296,37
1016,211,37
1037,742,37
695,364,37
1036,620,37
343,738,37
695,388,37
1029,478,37
1037,349,37
719,782,37
718,231,37
343,211,37
1022,620,37
1027,813,37
1028,810,37
1346,438,37
1028,449,37
1028,783,37
719,4,37
719,822,37
1028,742,37
559,366,37
315,1296,37
1037,286,37
519,398,37
1029,176,37
1060,4,37
519,772,37
1046,230,37
916,486,37
504,774,37
676,790,37
1359,833,37
911,349,37
1007,193,37
720,224,37
720,221,37
369,279,37
1026,789,37
1359,478,37
462,768,37
911,774,37
1073,1296,37
691,739,37
247,499,37
1036,793,37
139,805,37
1358,211,37
343,11,37
1358,833,37
563,279,37
1035,687,37
1033,211,37
1037,238,37
306,301,37
695,813,37
695,236,37
504,349,37
1016,742,37
248,334,37
1029,1351,37
1016,449,37
1016,810,37
248,833,37
1007,438,37
563,195,37
1035,805,37
730,279,37
1038,398,37
719,553,37
1022,803,37
1023,582,37
694,224,37
694,221,37
306,738,37
1035,800,37
1007,195,37
719,166,37
911,388,37
343,826,37
462,582,37
732,366,37
343,825,37
343,814,37
563,366,37
911,364,37
1043,739,37
734,221,37
504,584,37
650,738,37
504,803,37
504,804,37
1022,628,37
306,770,37
1031,745,37
695,746,37
1016,521,37
1025,785,37
1027,553,37
1027,148,37
1027,166,37
1029,364,37
1359,753,37
1064,1296,37
306,789,37
1031,782,37
1031,780,37
1035,141,37
519,4,37
519,822,37
1029,756,37
1025,537,37
1036,798,37
1060,780,37
462,236,37
647,780,37
1029,808,37
519,553,37
1037,4,37
642,790,37
1038,460,37
731,584,37
576,743,37
731,803,37
911,844,37
731,804,37
1034,375,37
343,827,37
139,753,37
1038,668,37
1027,825,37
1025,398,37
1060,166,37
1034,621,37
139,11,37
530,543,37
1025,11,37
1067,1296,37
647,180,37
1025,779,37
1061,262,37
647,11,37
1026,825,37
149,543,37
576,793,37
1060,814,37
695,537,37
519,176,37
731,779,37
576,782,37
1034,628,37
504,844,37
695,738,37
718,262,37
1038,449,37
1036,628,37
1031,779,37
1027,782,37
718,438,37
1029,529,37
343,331,37
1037,793,37
1029,805,37
1025,782,37
1007,262,37
1029,745,37
643,262,37
1028,772,37
149,231,37
1061,195,37
519,520,37
1037,827,37
1358,743,37
1022,176,37
247,279,37
1053,543,37
607,790,37
1358,825,37
643,224,37
1035,826,37
1026,753,37
453,279,37
248,628,37
731,844,37
650,790,37
1358,738,37
1038,742,37
1359,620,37
719,582,37
343,582,37
1027,180,37
1053,1021,37
730,486,37
1034,166,37
306,236,37
672,1296,37
1060,746,37
576,398,37
306,813,37
607,778,37
519,782,37
730,241,37
1023,813,37
504,740,37
549,844,37
1023,620,37
567,230,37
576,779,37
1023,236,37
676,1296,37
306,800,37
669,236,37
1032,286,37
1346,231,37
1027,211,37
576,237,37
1016,798,37
1022,793,37
719,478,37
642,844,37
304,230,37
139,785,37
343,805,37
1016,621,37
1037,334,37
1016,375,37
1037,460,37
1038,800,37
1016,793,37
643,195,37
1060,238,37
462,620,37
483,230,37
1038,796,37
647,364,37
1344,438,37
617,800,37
1026,826,37
676,230,37
1023,211,37
1022,768,37
1060,388,37
1026,460,37
720,366,37
445,236,37
731,364,37
549,738,37
1026,487,37
1016,687,37
1035,813,37
730,310,37
1061,438,37
1026,668,37
1035,236,37
1029,286,37
1052,230,37
462,803,37
369,543,37
462,804,37
1032,745,37
1032,1351,37
1022,375,37
248,804,37
669,790,37
248,803,37
248,584,37
731,838,37
732,486,37
1032,364,37
1032,388,37
1023,800,37
692,790,37
1028,668,37
504,687,37
1028,334,37
248,4,37
656,800,37
1034,211,37
1037,487,37
911,141,37
462,388,37
714,486,37
1023,331,37
248,740,37
714,224,37
714,221,37
1359,211,37
719,521,37
717,366,37
1032,740,37
1016,11,37
1033,740,37
1023,826,37
719,286,37
1022,774,37
1016,180,37
139,582,37
248,286,37
343,334,37
1038,11,37
519,478,37
1304,279,37
1037,687,37
1023,553,37
1023,166,37
1023,148,37
1032,796,37
669,778,37
1037,826,37
1034,803,37
1033,238,37
1016,743,37
719,796,37
1034,804,37
1358,460,37
1358,487,37
1045,1296,37
1034,584,37
911,166,37
694,486,37
1025,176,37
1027,844,37
1038,789,37
1044,230,37
911,553,37
504,668,37
1060,796,37
1359,808,37
343,148,37
550,521,37
1359,756,37
369,241,37
519,521,37
1025,753,37
1031,258,37
647,258,37
1033,766,37
1027,487,37
519,286,37
702,1296,37
1359,743,37
1060,301,37
911,628,37
607,521,37
1028,238,37
1026,800,37
1036,141,37
462,779,37
1027,766,37
343,800,37
1037,668,37
1025,502,37
1026,796,37
647,785,37
1023,789,37
1025,478,37
1036,180,37
576,521,37
724,366,37
504,364,37
1025,668,37
576,478,37
1031,141,37
911,772,37
21,1296,37
1022,814,37
462,844,37
911,800,37
1028,331,37
1032,502,37
1035,331,37
1032,192,37
1034,620,37
719,230,37
1051,1296,37
468,366,37
1029,753,37
519,582,37
1346,543,37
306,478,37
1036,211,37
1034,813,37
1358,141,37
676,521,37
149,221,37
149,224,37
1037,789,37
647,793,37
149,486,37
1025,800,37
1060,738,37
343,785,37
17,1296,37
1060,838,37
731,141,37
1031,334,37
306,687,37
911,789,37
1060,825,37
692,521,37
1034,738,37
306,826,37
1035,738,37
248,844,37
1048,1296,37
719,628,37
1028,236,37
1028,813,37
731,258,37
504,230,37
1060,793,37
689,1296,37
697,279,37
559,545,37
1035,487,37
717,438,37
504,826,37
1346,310,37
1035,582,37
719,745,37
576,375,37
1359,780,37
1032,553,37
504,796,37
731,460,37
724,231,37
550,236,37
731,487,37
1025,449,37
1032,148,37
1032,166,37
315,738,37
1027,798,37
1023,814,37
1029,826,37
248,810,37
462,375,37
1016,800,37
1034,768,37
1016,398,37
1029,460,37
695,4,37
695,827,37
1029,487,37
1016,779,37
1036,1296,37
916,262,37
468,545,37
248,742,37
1029,668,37
462,783,37
1032,537,37
1037,11,37
1023,668,37
445,739,37
306,743,37
704,241,37
1022,584,37
139,620,37
617,230,37
625,230,37
1022,804,37
504,800,37
369,366,37
1039,1296,37
576,825,37
732,543,37
719,364,37
550,738,37
519,745,37
369,486,37
1016,782,37
1016,537,37
462,766,37
642,521,37
1036,827,37
695,11,37
1033,584,37
504,810,37
1359,746,37
504,783,37
504,449,37
504,742,37
678,1296,37
731,833,37
647,768,37
1022,779,37
462,258,37
731,746,37
369,193,37
1027,388,37
1060,529,37
731,766,37
550,1296,37
911,584,37
911,804,37
1035,180,37
911,803,37
1027,349,37
1023,796,37
911,808,37
1035,502,37
248,785,37
1035,192,37
692,739,37
1025,826,37
911,756,37
1359,798,37
1025,789,37
519,796,37
1023,258,37
248,258,37
1016,502,37
719,529,37
1007,828,37
1016,192,37
719,805,37
1060,334,37
1033,804,37
1023,687,37
1033,803,37
719,621,37
1060,833,37
1038,487,37
1304,1021,37
1028,537,37
1032,520,37
703,230,37
1027,742,37
1022,742,37
1023,780,37
248,148,37
248,166,37
1060,628,37
1052,1296,37
248,553,37
1022,449,37
1022,783,37
518,587,38
1354,506,38
1398,506,38
518,344,38
760,344,38
1398,1040,38
534,154,38
1362,344,38
534,1040,38
1398,154,38
760,154,38
1398,344,38
1362,615,38
534,506,38
1362,506,38
1354,615,38
760,506,38
1362,154,38
1354,344,38
534,587,38
760,615,38
1354,1040,38
1362,1040,38
1354,154,38
518,1040,38
518,506,38
760,587,38
1354,587,38
1398,615,38
518,154,38
760,1040,38
1398,587,38
534,344,38
49,1399,39
934,1400,39
46,1399,39
60,1399,39
465,1399,39
17,1399,39
924,1399,39
73,1399,39
921,1400,39
24,1399,39
70,1399,39
961,1399,39
45,1399,39
455,1399,39
163,1399,39
19,1399,39
54,1400,39
25,1399,39
1009,1400,39
72,1400,39
12,1399,39
167,1399,39
260,1400,39
966,1399,39
37,1400,39
163,1400,39
44,1400,39
40,1399,39
77,1399,39
36,1399,39
74,1400,39
1083,1400,39
419,1399,39
469,1400,39
579,1399,39
1015,1399,39
65,1399,39
60,1400,39
469,1399,39
24,1400,39
65,1400,39
74,1399,39
59,1400,39
465,1400,39
961,1400,39
327,1399,39
491,1400,39
934,1399,39
64,1399,39
69,1400,39
27,1399,39
50,1400,39
260,1399,39
40,1400,39
59,1399,39
72,1399,39
37,1399,39
64,1400,39
69,1399,39
32,1400,39
327,1400,39
493,1399,39
29,1399,39
46,1400,39
510,1399,39
61,1400,39
579,1400,39
593,1399,39
924,1400,39
966,1400,39
13,1399,39
26,1400,39
29,1400,39
181,1400,39
491,1399,39
57,1399,39
35,1399,39
51,1400,39
510,1400,39
14,1400,39
43,1399,39
76,1399,39
1009,1399,39
12,1400,39
1015,1400,39
25,1400,39
1001,1399,39
27,1400,39
47,1400,39
68,1400,39
1012,1400,39
428,1400,39
32,1399,39
493,1400,39
184,1399,39
61,1399,39
20,1399,39
47,1399,39
1001,1400,39
77,1400,39
19,1400,39
62,1399,39
28,1399,39
540,1399,39
15,1399,39
942,1400,39
21,1399,39
984,1400,39
48,1400,39
21,1400,39
15,1400,39
181,1399,39
45,1400,39
593,1400,39
76,1400,39
48,1399,39
26,1399,39
54,1399,39
35,1400,39
14,1399,39
1083,1399,39
419,1400,39
73,1400,39
70,1400,39
13,1400,39
289,1399,39
655,1399,39
455,1400,39
921,1399,39
51,1399,39
289,1400,39
17,1400,39
184,1400,39
62,1400,39
43,1400,39
44,1399,39
1012,1399,39
49,1400,39
655,1400,39
36,1400,39
540,1400,39
28,1400,39
942,1399,39
68,1399,39
50,1399,39
984,1399,39
57,1400,39
20,1400,39
